-- MySQL dump 10.16  Distrib 10.1.8-MariaDB, for Win32 (AMD64)
--
-- Host: localhost    Database: hyella_business_manager
-- ------------------------------------------------------
-- Server version	10.1.8-MariaDB

/*!40101 SET @OLD_CHARACTER_SET_CLIENT=@@CHARACTER_SET_CLIENT */;
/*!40101 SET @OLD_CHARACTER_SET_RESULTS=@@CHARACTER_SET_RESULTS */;
/*!40101 SET @OLD_COLLATION_CONNECTION=@@COLLATION_CONNECTION */;
/*!40101 SET NAMES utf8 */;
/*!40103 SET @OLD_TIME_ZONE=@@TIME_ZONE */;
/*!40103 SET TIME_ZONE='+00:00' */;
/*!40014 SET @OLD_UNIQUE_CHECKS=@@UNIQUE_CHECKS, UNIQUE_CHECKS=0 */;
/*!40014 SET @OLD_FOREIGN_KEY_CHECKS=@@FOREIGN_KEY_CHECKS, FOREIGN_KEY_CHECKS=0 */;
/*!40101 SET @OLD_SQL_MODE=@@SQL_MODE, SQL_MODE='NO_AUTO_VALUE_ON_ZERO' */;
/*!40111 SET @OLD_SQL_NOTES=@@SQL_NOTES, SQL_NOTES=0 */;

--
-- Table structure for table `access_roles`
--

DROP TABLE IF EXISTS `access_roles`;
/*!40101 SET @saved_cs_client     = @@character_set_client */;
/*!40101 SET character_set_client = utf8 */;
CREATE TABLE `access_roles` (
  `id` varchar(33) DEFAULT NULL,
  `access_roles001` varchar(200) DEFAULT NULL,
  `access_roles002` varchar(6000) DEFAULT NULL,
  `access_roles003` varchar(100) DEFAULT NULL,
  `access_roles004` varchar(100) DEFAULT NULL,
  `access_roles005` varchar(200) DEFAULT NULL,
  `access_roles006` varchar(64) DEFAULT NULL,
  `access_roles007` int(11) DEFAULT NULL,
  `access_roles008` varchar(64) DEFAULT NULL,
  `creator_role` varchar(200) DEFAULT NULL,
  `created_by` varchar(200) DEFAULT NULL,
  `creation_date` int(11) DEFAULT NULL,
  `modified_by` varchar(200) DEFAULT NULL,
  `modification_date` int(11) DEFAULT NULL,
  `ip_address` varchar(200) DEFAULT NULL,
  `record_status` varchar(100) DEFAULT NULL
) ENGINE=InnoDB DEFAULT CHARSET=latin1;
/*!40101 SET character_set_client = @saved_cs_client */;

--
-- Dumping data for table `access_roles`
--

LOCK TABLES `access_roles` WRITE;
/*!40000 ALTER TABLE `access_roles` DISABLE KEYS */;
INSERT INTO `access_roles` VALUES ('1300130013','Programmer','universal',NULL,NULL,NULL,NULL,NULL,NULL,'1300130013','1300130013',NULL,'1300130013',NULL,NULL,'1'),('employee','Employee','39458050309:::39633828467:::39633845310:::39702157221','undefined','undefined','undefined','undefined',0,'undefined','1300130013','35991362173',1396630923,'35991362173',1458733345,'fe80::a14d:9073:453f:fd9d','1');
/*!40000 ALTER TABLE `access_roles` ENABLE KEYS */;
UNLOCK TABLES;

--
-- Table structure for table `appsettings`
--

DROP TABLE IF EXISTS `appsettings`;
/*!40101 SET @saved_cs_client     = @@character_set_client */;
/*!40101 SET character_set_client = utf8 */;
CREATE TABLE `appsettings` (
  `id` varchar(33) DEFAULT NULL,
  `appsettings001` varchar(200) DEFAULT NULL,
  `appsettings002` varchar(200) DEFAULT NULL,
  `appsettings003` varchar(100) DEFAULT NULL,
  `appsettings004` varchar(100) DEFAULT NULL,
  `appsettings005` varchar(4000) DEFAULT NULL,
  `appsettings006` varchar(4000) DEFAULT NULL,
  `appsettings007` varchar(4000) DEFAULT NULL,
  `appsettings008` varchar(400) DEFAULT NULL,
  `appsettings009` varchar(400) DEFAULT NULL,
  `appsettings010` varchar(400) DEFAULT NULL,
  `creator_role` varchar(200) DEFAULT NULL,
  `created_by` varchar(200) DEFAULT NULL,
  `creation_date` int(11) DEFAULT NULL,
  `modified_by` varchar(200) DEFAULT NULL,
  `modification_date` int(11) DEFAULT NULL,
  `ip_address` varchar(200) DEFAULT NULL,
  `record_status` varchar(100) DEFAULT NULL,
  UNIQUE KEY `id` (`id`)
) ENGINE=InnoDB DEFAULT CHARSET=latin1;
/*!40101 SET character_set_client = @saved_cs_client */;

--
-- Dumping data for table `appsettings`
--

LOCK TABLES `appsettings` WRITE;
/*!40000 ALTER TABLE `appsettings` DISABLE KEYS */;
INSERT INTO `appsettings` VALUES ('35991336516','MJs Fast Food','files/appsettings/39741734140.png','undefined','...Your Global Marketplace','<p>B24 TJ 1406 Plaza,<br />Bozoum Close,<br />Wuse II, Abuja, 900288</p>','<p>+234 700-SHOP-ZIDOFF<br />+234 700-7467-943633</p>','info@zidoff.com','+234 814-9906-150','undefined','undefined','','',0,'35991362173',1416418843,'::1','1');
/*!40000 ALTER TABLE `appsettings` ENABLE KEYS */;
UNLOCK TABLES;

--
-- Table structure for table `audit`
--

DROP TABLE IF EXISTS `audit`;
/*!40101 SET @saved_cs_client     = @@character_set_client */;
/*!40101 SET character_set_client = utf8 */;
CREATE TABLE `audit` (
  `id` varchar(33) NOT NULL DEFAULT '',
  `audit001` varchar(200) DEFAULT NULL,
  `user` varchar(1) DEFAULT NULL,
  `user_mail` varchar(1) DEFAULT NULL,
  `user_action` varchar(1) DEFAULT NULL,
  `table` varchar(1) DEFAULT NULL,
  `comment` varchar(1) DEFAULT NULL,
  `date` varchar(1) DEFAULT NULL,
  `audit008` varchar(64) DEFAULT NULL,
  `creator_role` varchar(200) DEFAULT NULL,
  `created_by` varchar(200) DEFAULT NULL,
  `creation_date` int(11) DEFAULT NULL,
  `modified_by` varchar(200) DEFAULT NULL,
  `modification_date` int(11) DEFAULT NULL,
  `ip_address` varchar(200) DEFAULT NULL,
  `record_status` varchar(100) DEFAULT NULL,
  PRIMARY KEY (`id`)
) ENGINE=InnoDB DEFAULT CHARSET=latin1;
/*!40101 SET character_set_client = @saved_cs_client */;

--
-- Dumping data for table `audit`
--

LOCK TABLES `audit` WRITE;
/*!40000 ALTER TABLE `audit` DISABLE KEYS */;
/*!40000 ALTER TABLE `audit` ENABLE KEYS */;
UNLOCK TABLES;

--
-- Table structure for table `branch_offices`
--

DROP TABLE IF EXISTS `branch_offices`;
/*!40101 SET @saved_cs_client     = @@character_set_client */;
/*!40101 SET character_set_client = utf8 */;
CREATE TABLE `branch_offices` (
  `id` varchar(33) DEFAULT NULL,
  `branch_offices001` varchar(200) DEFAULT NULL,
  `branch_offices002` varchar(200) DEFAULT NULL,
  `branch_offices003` varchar(200) DEFAULT NULL,
  `branch_offices004` varchar(200) DEFAULT NULL,
  `branch_offices005` varchar(200) DEFAULT NULL,
  `serial_num` int(11) NOT NULL AUTO_INCREMENT,
  `creator_role` varchar(200) DEFAULT NULL,
  `created_by` varchar(200) DEFAULT NULL,
  `creation_date` int(11) DEFAULT NULL,
  `modified_by` varchar(200) DEFAULT NULL,
  `modification_date` int(11) DEFAULT NULL,
  `ip_address` varchar(200) DEFAULT NULL,
  `record_status` varchar(100) DEFAULT NULL,
  PRIMARY KEY (`serial_num`),
  UNIQUE KEY `id` (`id`)
) ENGINE=InnoDB AUTO_INCREMENT=2 DEFAULT CHARSET=latin1;
/*!40101 SET character_set_client = @saved_cs_client */;

--
-- Dumping data for table `branch_offices`
--

LOCK TABLES `branch_offices` WRITE;
/*!40000 ALTER TABLE `branch_offices` DISABLE KEYS */;
INSERT INTO `branch_offices` VALUES ('7367558914','Lagos Branch','32 Olubanjo Street Ikoyi','Ikoyi','Lagos','Nigeria',1,'1300130013','35991362173',1430587490,'35991362173',1430587490,'::1','1');
/*!40000 ALTER TABLE `branch_offices` ENABLE KEYS */;
UNLOCK TABLES;

--
-- Table structure for table `category`
--

DROP TABLE IF EXISTS `category`;
/*!40101 SET @saved_cs_client     = @@character_set_client */;
/*!40101 SET character_set_client = utf8 */;
CREATE TABLE `category` (
  `id` varchar(33) NOT NULL,
  `category001` varchar(200) DEFAULT NULL,
  `category002` varchar(200) DEFAULT NULL,
  `category003` varchar(100) DEFAULT NULL,
  `category004` varchar(200) DEFAULT NULL,
  `serial_num` int(11) NOT NULL AUTO_INCREMENT,
  `creator_role` varchar(200) DEFAULT NULL,
  `created_by` varchar(200) DEFAULT NULL,
  `creation_date` int(11) DEFAULT NULL,
  `modified_by` varchar(200) DEFAULT NULL,
  `modification_date` int(11) DEFAULT NULL,
  `ip_address` varchar(200) DEFAULT NULL,
  `device_id` text NOT NULL,
  `record_status` varchar(100) DEFAULT NULL,
  PRIMARY KEY (`serial_num`),
  UNIQUE KEY `id` (`id`)
) ENGINE=InnoDB AUTO_INCREMENT=19 DEFAULT CHARSET=latin1;
/*!40101 SET character_set_client = @saved_cs_client */;

--
-- Dumping data for table `category`
--

LOCK TABLES `category` WRITE;
/*!40000 ALTER TABLE `category` DISABLE KEYS */;
INSERT INTO `category` VALUES ('2147483647','Bread','produced_goods','undefined','undefined',1,'system','35991362173',1458735464,'35991362173',1462936399,'::1','undefined','1'),('10173761737','Trace 11',NULL,'undefined','undefined',9,'system','35991362173',1458735918,'35991362173',1458736176,'fe80::a14d:9073:453f:fd9d','undefined','0'),('10173762953','Abstract',NULL,'undefined','undefined',10,'system','35991362173',1458735930,'35991362173',1458745535,'fe80::a14d:9073:453f:fd9d','undefined','0'),('10174722948','Baking Items','raw_materials','undefined','undefined',11,'1300130013','35991362173',1458745530,'35991362173',1462108429,'::1','undefined','1'),('10390352735','Hair Cut','service','undefined','undefined',12,'1300130013','35991362173',1460901828,'7367611442',1462308223,'::1','undefined','0'),('10390356123','Hair Washing','service','undefined','undefined',13,'1300130013','35991362173',1460901862,'7367611442',1462308226,'192.168.56.1','undefined','0'),('10506720754','Sample 1',NULL,'undefined','undefined',14,'system','35991362173',1462061908,'35991362173',1462061920,'::1','undefined','0'),('10506730669','Denial',NULL,'undefined','undefined',15,'system','35991362173',1462062007,'35991362173',1462062014,'::1','undefined','0'),('10588702064','Jewelry','purchased_goods','undefined','undefined',16,'system','35991362173',1462881721,'35991362173',1462936404,'::1','undefined','1'),('10676663949','Blocks & Finished Products','produced_goods','undefined','undefined',17,'system','35991362173',1463761340,'35991362173',1463761357,'::1','undefined','1'),('10676667913','Cement & Other Materials','raw_materials','undefined','undefined',18,'system','35991362173',1463761380,'35991362173',1463761380,'::1','undefined','1');
/*!40000 ALTER TABLE `category` ENABLE KEYS */;
UNLOCK TABLES;

--
-- Table structure for table `cities_list`
--

DROP TABLE IF EXISTS `cities_list`;
/*!40101 SET @saved_cs_client     = @@character_set_client */;
/*!40101 SET character_set_client = utf8 */;
CREATE TABLE `cities_list` (
  `id` varchar(33) DEFAULT NULL,
  `cities_list001` varchar(200) DEFAULT NULL,
  `cities_list002` varchar(200) DEFAULT NULL,
  `cities_list003` varchar(200) DEFAULT NULL,
  `cities_list004` float DEFAULT NULL,
  `serial_num` int(11) NOT NULL AUTO_INCREMENT,
  `creator_role` varchar(33) NOT NULL,
  `created_by` varchar(33) NOT NULL,
  `creation_date` int(11) NOT NULL,
  `modified_by` varchar(33) NOT NULL,
  `modification_date` int(11) NOT NULL,
  `ip_address` int(11) NOT NULL,
  `record_status` varchar(10) DEFAULT NULL,
  PRIMARY KEY (`serial_num`),
  UNIQUE KEY `id` (`id`)
) ENGINE=InnoDB AUTO_INCREMENT=778 DEFAULT CHARSET=latin1;
/*!40101 SET character_set_client = @saved_cs_client */;

--
-- Dumping data for table `cities_list`
--

LOCK TABLES `cities_list` WRITE;
/*!40000 ALTER TABLE `cities_list` DISABLE KEYS */;
INSERT INTO `cities_list` VALUES ('1371116048_103','1157','1371811518_12348','Abaji',2,1,'','',0,'',0,0,'1'),('1371116109_103','1157','1371811518_12370','Abejukolo',4,2,'','',0,'',0,0,'1'),('1371116168_103','1157','1371811518_12370','Abobo',1,3,'','',0,'',0,0,'1'),('1371116873_103','1157','1371811518_12348','Abuja-Central Locations',0,4,'','',0,'',0,0,'1'),('1371116943_103','1157','1371811518_12374','Agai',2,5,'','',0,'',0,0,'1'),('1371117061_103','1157','1371811518_12370','Aiyegunlr Gbede',5,6,'','',0,'',0,0,'1'),('1371117110_103','1157','1371811518_12370','Aiyetorogbede',2,7,'','',0,'',0,0,'1'),('1371117183_103','1157','1371811518_12370','Ajaokuta',1,8,'','',0,'',0,0,'1'),('1371117220_103','1157','1371811518_12370','Akpayan',4,9,'','',0,'',0,0,'1'),('1371117263_103','1157','1371811518_12373','Akwanga',1,10,'','',0,'',0,0,'1'),('1371117353_103','1157','1371811518_12353','Alkaleri',1,11,'','',0,'',0,0,'1'),('1371117378_103','1157','1371811518_12373','Amaku',2,12,'','',0,'',0,0,'1'),('1371117426_103','1157','1389972741','Angwara',4,13,'','',0,'',0,0,'1'),('1371117480_103','1157','1389972741','Angwari/Jos east',4,14,'','',0,'',0,0,'1'),('1371117615_103','1157','1371811518_12370','Ankpa',3,15,'','',0,'',0,0,'1'),('1371117641_103','1157','1371811518_12353','Ashaka',3,16,'','',0,'',0,0,'1'),('1371117703_103','1157','1371811518_12370','Ayangba',2,17,'','',0,'',0,0,'1'),('1371120386_103','1157','1371811518_12374','Baddegi',3,18,'','',0,'',0,0,'1'),('1371120416_103','1157','1371811518_12353','Bajoga',3,19,'','',0,'',0,0,'1'),('1371120453_103','1157','1389972741','Barikin Ladi',1,20,'','',0,'',0,0,'1'),('1371120484_103','1157','1389972741','Basa',2,21,'','',0,'',0,0,'1'),('1371120500_103','1157','1389972741','Bassa',2,22,'','',0,'',0,0,'1'),('1371120536_103','1157','1371811518_12353','Bauchi-Central Locations',0,23,'','',0,'',0,0,'1'),('1371120564_103','1157','1371811518_12374','Bida',2,24,'','',0,'',0,0,'1'),('1371120586_103','1157','1389972741','Bokos',4,25,'','',0,'',0,0,'1'),('1371120611_103','1157','1389972741','Daffo',4,26,'','',0,'',0,0,'1'),('1371120939_103','1157','1371811518_12348','Dei-Dei',1,27,'','',0,'',0,0,'1'),('1371135805_104','1157','1371811518_12370','Dekina',3,28,'','',0,'',0,0,'1'),('1371135831_104','1157','1389972741','Dengi',4,29,'','',0,'',0,0,'1'),('1371135861_104','1157','1371811518_12373','Doma',1,30,'','',0,'',0,0,'1'),('1371135895_104','1157','1371811518_12370','Egbe',4,31,'','',0,'',0,0,'1'),('1371135940_104','1157','1371811518_12374','Ejiba',4,32,'','',0,'',0,0,'1'),('1371135993_104','1157','1389972741','Gana',4,33,'','',0,'',0,0,'1'),('1371136120_104','1157','1389972741','Ganawuri',2,34,'','',0,'',0,0,'1'),('1371136164_104','1157','1371811518_12348','Gidan Mangoro',1,35,'','',0,'',0,0,'1'),('1371136199_104','1157','1389972741','Gindiri',3,36,'','',0,'',0,0,'1'),('1371137846_104','1157','1371811518_12353','Gombe',2,37,'','',0,'',0,0,'1'),('1371137902_104','1157','1371811518_12348','Gwagwa',1,38,'','',0,'',0,0,'1'),('1371199496_104','1157','1371811518_12348','Gwagwalada-Central Location',0,39,'','',0,'',0,0,'1'),('1371199526_104','1157','1389972741','Haipang',1,40,'','',0,'',0,0,'1'),('1371199555_104','1157','1371811518_12370','Idah',2,41,'','',0,'',0,0,'1'),('1371199582_104','1157','1371811518_12348','Idu',1,42,'','',0,'',0,0,'1'),('1371199609_104','1157','1371811518_12374','Iluke',4,43,'','',0,'',0,0,'1'),('1371200388_104','1157','1371811518_12370','Itakpe',1,44,'','',0,'',0,0,'1'),('1371200411_104','1157','1371811518_12370','Iyamoye',2,45,'','',0,'',0,0,'1'),('1371200452_104','1157','1371811518_12370','Iyara',2,46,'','',0,'',0,0,'1'),('1371200505_104','1157','1389972741','Jengre',3,47,'','',0,'',0,0,'1'),('1371200548_104','1157','1389972741','Jos-Central Locations',0,48,'','',0,'',0,0,'1'),('1371200580_104','1157','1389972741','Jwankamyil',4,49,'','',0,'',0,0,'1'),('1371200611_104','1157','1389972741','k/Rikkos',2,50,'','',0,'',0,0,'1'),('1371200644_104','1157','1371811518_12370','Kabba',2,51,'','',0,'',0,0,'1'),('1371200676_104','1157','1389972741','Kafanchan',2,52,'','',0,'',0,0,'1'),('1371200841_104','1157','1389972741','Kogoma',4,53,'','',0,'',0,0,'1'),('1371201256_104','1157','1389972741','Kanke',4,54,'','',0,'',0,0,'1'),('1371201391_104','1157','1371811518_12348','Karmo',1,55,'','',0,'',0,0,'1'),('1371201423_104','1157','1371811518_12348','Karshi',1,56,'','',0,'',0,0,'1'),('1371201899_104','1157','1371811518_12348','Karu',1,57,'','',0,'',0,0,'1'),('1371201943_104','1157','1371811518_12348','Keffi',1,58,'','',0,'',0,0,'1'),('1371201976_104','1157','1371811518_12374','Kontagora',2,59,'','',0,'',0,0,'1'),('1371202001_104','1157','1371811518_12348','Kuje',1,60,'','',0,'',0,0,'1'),('1371202024_104','1157','1389972741','Kuru',1,61,'','',0,'',0,0,'1'),('1371202059_104','1157','1389972741','Kuru Janter',1,62,'','',0,'',0,0,'1'),('1371202084_104','1157','1371811518_12348','Kwali',1,63,'','',0,'',0,0,'1'),('1371202111_104','1157','1389972741','Kwalla',4,64,'','',0,'',0,0,'1'),('1371202155_104','1157','1389972741','Kwatan Zawan',2,65,'','',0,'',0,0,'1'),('1371202184_104','1157','1389972741','Ladi',4,66,'','',0,'',0,0,'1'),('1371202360_104','1157','1371811518_12373','Lafia-Central Location',0,67,'','',0,'',0,0,'1'),('1371202423_104','1157','1389972741','Lakushi',4,68,'','',0,'',0,0,'1'),('1371202446_104','1157','1389972741','Lamba',4,69,'','',0,'',0,0,'1'),('1371202475_104','1157','1389972741','Lamingo',2,70,'','',0,'',0,0,'1'),('1371202640_104','1157','1389972741','Lantang',3,71,'','',0,'',0,0,'1'),('1371202699_104','1157','1389972741','Lantang North/Zamko',4,72,'','',0,'',0,0,'1'),('1371202734_104','1157','1371811518_12374','Lapai',2,73,'','',0,'',0,0,'1'),('1371202752_104','1157','1389972741','Lere',2,74,'','',0,'',0,0,'1'),('1371202782_104','1157','1371811518_12370','Lokoja-Central Location',0,75,'','',0,'',0,0,'1'),('1371202802_104','1157','1389972741','Mabudi',4,76,'','',0,'',0,0,'1'),('1371202835_104','1157','1371811518_12348','Madala',1,77,'','',0,'',0,0,'1'),('1371202853_104','1157','1389972741','Magama',2,78,'','',0,'',0,0,'1'),('1371202883_104','1157','1371811518_12353','Malamfidi',3,79,'','',0,'',0,0,'1'),('1371202921_104','1157','1389972741','Mango',2,80,'','',0,'',0,0,'1'),('1371202938_104','1157','1389972741','Mangu',3,81,'','',0,'',0,0,'1'),('1371206411_104','1157','1371811518_12348','Masaka',1,82,'','',0,'',0,0,'1'),('1371206446_104','1157','1389972741','Matol',4,83,'','',0,'',0,0,'1'),('1371206473_104','1157','1389972741','Mikangi/Tunkus',4,84,'','',0,'',0,0,'1'),('1371206519_104','1157','1371811518_12374','Minna-Central Location',0,85,'','',0,'',0,0,'1'),('1371206562_104','1157','1371811518_12370','Mopa',3,86,'','',0,'',0,0,'1'),('1371206612_104','1157','1371811518_12373','Nakere',2,87,'','',0,'',0,0,'1'),('1371206640_104','1157','1371811518_12348','New Karu',1,88,'','',0,'',0,0,'1'),('1371206717_104','1157','1371811518_12370','Obajana',1,89,'','',0,'',0,0,'1'),('1371206768_104','1157','1371811518_12370','Obangede',2,90,'','',0,'',0,0,'1'),('1371206791_104','1157','1371811518_12370','Ode ere',4,91,'','',0,'',0,0,'1'),('1371206816_104','1157','1371811518_12370','Ogodo',2,92,'','',0,'',0,0,'1'),('1371211013_104','1157','1371811518_12370','ogoro',2,93,'','',0,'',0,0,'1'),('1371211052_104','1157','1371811518_12370','Oguma',3,94,'','',0,'',0,0,'1'),('1371213570_104','1157','1371811518_12370','Okene',2,95,'','',0,'',0,0,'1'),('1371214339_104','1157','1371811518_12370','okpo',4,96,'','',0,'',0,0,'1'),('1371217951_104','1157','1389972741','Pankshin',3,97,'','',0,'',0,0,'1'),('1371218011_104','1157','1389972741','Panyam',3,98,'','',0,'',0,0,'1'),('1371218057_104','1157','1389972741','Quan Pan/Kwalla',4,99,'','',0,'',0,0,'1'),('1371218293_104','1157','1389972741','Riyom',1,100,'','',0,'',0,0,'0'),('1371218323_104','1157','1389972741','Riyom',2,101,'','',0,'',0,0,'1'),('1371218354_104','1157','1389972741','S/gida',2,102,'','',0,'',0,0,'1'),('1371218378_104','1157','1389972741','Sambe',4,103,'','',0,'',0,0,'1'),('1371218579_104','1157','1389972741','Saminaka',2,104,'','',0,'',0,0,'1'),('1371218604_104','1157','1389972741','Sanga',3,105,'','',0,'',0,0,'0'),('1371218635_104','1157','1389972741','Sanga',4,106,'','',0,'',0,0,'1'),('1371218659_104','1157','1389972741','Saya',2,107,'','',0,'',0,0,'1'),('1371218690_104','1157','1389972741','Saya Kerang',3,108,'','',0,'',0,0,'1'),('1371218884_104','1157','1389972741','Sere hill',2,109,'','',0,'',0,0,'1'),('1371218907_104','1157','1371811518_12348','Sheda',1,110,'','',0,'',0,0,'1'),('1371218923_104','1157','1389972741','Shendam',4,111,'','',0,'',0,0,'1'),('1371218946_104','1157','1371811518_12348','Suleja',1,112,'','',0,'',0,0,'1'),('1371218972_104','1157','1389972741','Takau',4,113,'','',0,'',0,0,'1'),('1371219000_104','1157','1389972741','Toro',2,114,'','',0,'',0,0,'1'),('1371219026_104','1157','1389972741','Tunkus',4,115,'','',0,'',0,0,'1'),('1371219055_104','1157','1389972741','Urimi',4,116,'','',0,'',0,0,'1'),('1371219074_104','1157','1389972741','Vom',1,117,'','',0,'',0,0,'1'),('1371220336_104','1157','1371811518_12373','Wamba',2,118,'','',0,'',0,0,'1'),('1371220384_104','1157','1389972741','Wase',4,119,'','',0,'',0,0,'1'),('1371220406_104','1157','1389972741','Zalaki',2,120,'','',0,'',0,0,'1'),('1371220431_104','1157','1389972741','Zamko',4,121,'','',0,'',0,0,'1'),('1371220455_104','1157','1389972741','Zawan',1,122,'','',0,'',0,0,'1'),('1371220477_104','1157','1371811518_12348','Zuba',1,123,'','',0,'',0,0,'1'),('1371220515_104','1157','1371811518_12375','Abeokuta-Central Location',0,124,'','',0,'',0,0,'1'),('1371455264_104','1157','1371811518_12377','Ada',1,125,'','',0,'',0,0,'1'),('1371460414_104','1157','1371811518_12361','Ado-Ekiti-Central area',0,126,'','',0,'',0,0,'1'),('1371461193_104','1157','1371811518_12375','Ago Iwoye',1,127,'','',0,'',0,0,'1'),('1371461264_104','1157','1371811518_12376','Agungba',3,128,'','',0,'',0,0,'1'),('1371461343_104','1157','1371811518_12376','Akure-Central-Location',0,129,'','',0,'',0,0,'1'),('1371461392_104','1157','1371811518_12361','Aramoko',1,130,'','',0,'',0,0,'1'),('1371461424_104','1157','1371811518_12376','Araromi Obu',1,131,'','',0,'',0,0,'1'),('1371461447_104','1157','1371811518_12377','Ede',1,132,'','',0,'',0,0,'1'),('1371461506_104','1157','1371811518_12377','Efon Alaye',2,133,'','',0,'',0,0,'1'),('1371461536_104','1157','1371811518_12376','Efon-Alaaye',2,134,'','',0,'',0,0,'1'),('1371461569_104','1157','1371811518_12378','Egbeda',1,135,'','',0,'',0,0,'1'),('1371461660_104','1157','1371811518_12377','Ejigbo',1,136,'','',0,'',0,0,'1'),('1371461688_104','1157','1371811518_12377','Ejigbo',1,137,'','',0,'',0,0,'1'),('1371461711_104','1157','1371811518_12377','Ere Jesa',1,138,'','',0,'',0,0,'1'),('1371461737_104','1157','1371811518_12377','Esaoke',1,139,'','',0,'',0,0,'1'),('1371461766_104','1157','1371811518_12375','Ewekoro/WAPCO',1,140,'','',0,'',0,0,'1'),('1371461866_104','1157','1371811518_12378','Ibadan-Central Location',0,141,'','',0,'',0,0,'1'),('1371461898_104','1157','1371811518_12376','Ido Ani',3,142,'','',0,'',0,0,'1'),('1371461942_104','1157','1371811518_12361','Ido Ekiti',2,143,'','',0,'',0,0,'1'),('1371461984_104','1157','1371811518_12361','Ifaki Ekiti',1,144,'','',0,'',0,0,'1'),('1371462005_104','1157','1371811518_12377','Igbajo',1,145,'','',0,'',0,0,'1'),('1371462034_104','1157','1371811518_12376','Igbokoda',3,146,'','',0,'',0,0,'1'),('1371462052_104','1157','1371811518_12376','Igbokoda',2,147,'','',0,'',0,0,'0'),('1371462078_104','1157','1371811518_12376','Igbotako',1,148,'','',0,'',0,0,'1'),('1371462100_104','1157','1371811518_12361','Igede',1,149,'','',0,'',0,0,'1'),('1371462141_104','1157','1371811518_12375','Ijebu Ife',1,150,'','',0,'',0,0,'1'),('1371462180_104','1157','1371811518_12375','Ijebu Igbo',1,151,'','',0,'',0,0,'1'),('1371462248_104','1157','1371811518_12377','Ijebu Jesa',0,152,'','',0,'',0,0,'1'),('1371462292_104','1157','1371811518_12375','Ijebu Ode-Central Location',0,153,'','',0,'',0,0,'1'),('1371462429_104','1157','1371811518_12361','Ijero',2,154,'','',0,'',0,0,'1'),('1371462457_104','1157','1371811518_12361','Ijesa Ekiti',2,155,'','',0,'',0,0,'1'),('1371462756_104','1157','1371811518_12376','Ikare Akoko',3,156,'','',0,'',0,0,'1'),('1371462874_104','1157','1371811518_12378','Ikire',1,157,'','',0,'',0,0,'1'),('1371462904_104','1157','1371811518_12377','Ikirun',2,158,'','',0,'',0,0,'1'),('1371462944_104','1157','1371811518_12361','Ikogosi',1,159,'','',0,'',0,0,'1'),('1371462976_104','1157','1371811518_12361','Ikole',2,160,'','',0,'',0,0,'1'),('1371463014_104','1157','1371811518_12377','Ila Oragun',2,161,'','',0,'',0,0,'1'),('1371463032_104','1157','1371811518_12377','Ila-Oragun',1,162,'','',0,'',0,0,'1'),('1371463054_104','1157','1371811518_12375','Ilaro',1,163,'','',0,'',0,0,'1'),('1371463077_104','1157','1371811518_12361','Ilawe',1,164,'','',0,'',0,0,'1'),('1371463101_104','1157','1371811518_12376','Ile Oluji',1,165,'','',0,'',0,0,'1'),('1371463130_104','1157','1371811518_12377','Ile-Ife-Central Location',0,166,'','',0,'',0,0,'1'),('1371463158_104','1157','1371811518_12361','Ilejemeje',1,167,'','',0,'',0,0,'1'),('1371463185_104','1157','1371811518_12377','Ilesha',1,168,'','',0,'',0,0,'1'),('1371463526_104','1157','1371811518_12375','Ilishan',1,169,'','',0,'',0,0,'1'),('1371463776_104','1157','1371811518_12377','Ilobu',1,170,'','',0,'',0,0,'1'),('1371463794_104','1157','1371811518_12377','Iloko',1,171,'','',0,'',0,0,'1'),('1371463828_104','1157','1371811518_12377','Iloko Jesa',3,172,'','',0,'',0,0,'1'),('1371463864_104','1157','1371811518_12371','Ilorin-Central Location',0,173,'','',0,'',0,0,'1'),('1371463899_104','1157','1371811518_12376','Ilu Tuntun Osooro',1,174,'','',0,'',0,0,'1'),('1371465172_104','1157','1371811518_12361','Ilupeju',1,175,'','',0,'',0,0,'1'),('1371465203_104','1157','1371811518_12361','Ilupeju Ekiti',1,176,'','',0,'',0,0,'1'),('1371465227_104','1157','1371811518_12375','Imagbon',1,177,'','',0,'',0,0,'1'),('1371465246_104','1157','1371811518_12376','Imeri',1,178,'','',0,'',0,0,'1'),('1371465265_104','1157','1371811518_12377','Imesi',1,179,'','',0,'',0,0,'1'),('1371465288_104','1157','1371811518_12377','Inisa',2,180,'','',0,'',0,0,'1'),('1371465405_104','1157','1371811518_12377','Ipetu Jesa',1,181,'','',0,'',0,0,'1'),('1371465426_104','1157','1371811518_12377','Iree',1,182,'','',0,'',0,0,'1'),('1371465446_104','1157','1371811518_12377','Iree',2,183,'','',0,'',0,0,'1'),('1371465474_104','1157','1371811518_12361','Ise Ekiti',1,184,'','',0,'',0,0,'1'),('1371465500_104','1157','1371811518_12378','Iseyin',2,185,'','',0,'',0,0,'1'),('1371465526_104','1157','1371811518_12375','Ishonyi',2,186,'','',0,'',0,0,'1'),('1371465552_104','1157','1371811518_12361','Itapa Ekiti',1,187,'','',0,'',0,0,'1'),('1371465581_104','1157','1371811518_12375','Itele',1,188,'','',0,'',0,0,'1'),('1371465604_104','1157','1371811518_12378','Iwo',2,189,'','',0,'',0,0,'1'),('1371465660_104','1157','1371811518_12377','Iwoye Jesa',1,190,'','',0,'',0,0,'1'),('1371465698_104','1157','1371811518_12375','Iwuopin',1,191,'','',0,'',0,0,'1'),('1371465734_104','1157','1371811518_12361','Iyin Ekiti',1,192,'','',0,'',0,0,'1'),('1371465755_104','1157','1371811518_12378','Lalupon',1,193,'','',0,'',0,0,'1'),('1371465772_104','1157','1371811518_12376','Ode',1,194,'','',0,'',0,0,'1'),('1371465792_104','1157','1371811518_12376','Ode Aye',1,195,'','',0,'',0,0,'1'),('1371465820_104','1157','1371811518_12376','Ode Irele',1,196,'','',0,'',0,0,'1'),('1371465835_104','1157','1371811518_12371','Offa',1,197,'','',0,'',0,0,'1'),('1371465851_104','1157','1371811518_12371','Ogbomoso',1,198,'','',0,'',0,0,'1'),('1371465870_104','1157','1371811518_12375','Ogere',1,199,'','',0,'',0,0,'1'),('1371465941_104','1157','1371811518_12376','Oke Akoko',1,200,'','',0,'',0,0,'1'),('1371465984_104','1157','1371811518_12377','Oke Ila Orangun',1,201,'','',0,'',0,0,'1'),('1371466045_104','1157','1371811518_12376','Okitipupa',2,202,'','',0,'',0,0,'1'),('1371466113_104','1157','1371811518_12377','Okuku',2,203,'','',0,'',0,0,'1'),('1371466138_104','1157','1371811518_12377','Ola',1,204,'','',0,'',0,0,'1'),('1371466172_104','1157','1371811518_12361','Omijo',1,205,'','',0,'',0,0,'1'),('1371466208_104','1157','1371811518_12376','Omotosho Power Station',1,206,'','',0,'',0,0,'1'),('1371466225_104','1157','1371811518_12361','Omuo',2,207,'','',0,'',0,0,'1'),('1371466246_104','1157','1371811518_12376','Ondo Town',1,208,'','',0,'',0,0,'1'),('1371466265_104','1157','1371811518_12376','Oniparaga',1,209,'','',0,'',0,0,'1'),('1371466287_104','1157','1371811518_12376','Ore',2,210,'','',0,'',0,0,'1'),('1371466325_104','1157','1371811518_12376','ore',2,211,'','',0,'',0,0,'0'),('1371466383_104','1157','1371811518_12375','Oru',1,212,'','',0,'',0,0,'1'),('1371466411_104','1157','1371811518_12377','Oshogbo-Central Locationa',0,213,'','',0,'',0,0,'1'),('1371466490_104','1157','1371811518_12377','Otan Ayegbaju',2,214,'','',0,'',0,0,'1'),('1371466504_104','1157','1371811518_12376','Otun',1,215,'','',0,'',0,0,'1'),('1371466522_104','1157','1371811518_12376','Owena',1,216,'','',0,'',0,0,'1'),('1371466539_104','1157','1371811518_12376','Owo',1,217,'','',0,'',0,0,'1'),('1371466618_104','1157','1371811518_12375','Owode Egba',1,218,'','',0,'',0,0,'1'),('1371466636_104','1157','1371811518_12377','Oyan',2,219,'','',0,'',0,0,'1'),('1371466657_104','1157','1371811518_12361','Oye Ekiti',2,220,'','',0,'',0,0,'1'),('1371466681_104','1157','1371811518_12378','Oyo Town',2,221,'','',0,'',0,0,'1'),('1371466715_104','1157','1371811518_12376','Supare',3,222,'','',0,'',0,0,'1'),('1371468355_104','1157','1371811518_12350','Abti',2,223,'','',0,'',0,0,'1'),('1371468389_104','1157','1371811518_12366','Afaka  NDA',2,224,'','',0,'',0,0,'1'),('1371468423_104','1157','1371811518_12366','Alheri Camp',2,225,'','',0,'',0,0,'1'),('1371468445_104','1157','1371811518_12380','Ambrusa',2,226,'','',0,'',0,0,'1'),('1371468506_104','1157','1371811518_12380','Argungu',2,227,'','',0,'',0,0,'1'),('1371468696_104','1157','1371811518_12356','Auno',1,228,'','',0,'',0,0,'1'),('1371468805_104','1157','1371811518_12367','Azare',4,229,'','',0,'',0,0,'1'),('1371468832_104','1157','1371811518_12367','Babura',4,230,'','',0,'',0,0,'1'),('1371479847_104','1157','1371811518_12367','Bagwai',4,231,'','',0,'',0,0,'1'),('1371479895_104','1157','1371811518_12366','Bakori',4,232,'','',0,'',0,0,'1'),('1371479928_104','1157','1371811518_12368','Batagawara',1,233,'','',0,'',0,0,'1'),('1371479970_104','1157','1371811518_12367','Bichi',2,234,'','',0,'',0,0,'1'),('1371479996_104','1157','1371811518_12366','Birnin Gwari',3,235,'','',0,'',0,0,'1'),('1371480020_104','1157','1371811518_12380','Birnin Kebbi',3,236,'','',0,'',0,0,'1'),('1371480048_104','1157','1371811518_12367','Birnin Kudu',4,237,'','',0,'',0,0,'1'),('1371480079_104','1157','1371811518_12366','Birnin Yero',3,238,'','',0,'',0,0,'1'),('1371480101_104','1157','1371811518_12366','Buwaya',2,239,'','',0,'',0,0,'1'),('1371480124_104','1157','1371811518_12366','Chukun',2,240,'','',0,'',0,0,'1'),('1371480148_104','1157','1371811518_12356','Damaturu',2,241,'','',0,'',0,0,'1'),('1371480179_104','1157','1371811518_12367','Dambata',2,242,'','',0,'',0,0,'1'),('1371480203_104','1157','1371811518_12366','Dandume',3,243,'','',0,'',0,0,'1'),('1371480223_104','1157','1371811518_12366','Danja',3,244,'','',0,'',0,0,'1'),('1371480247_104','1157','1371811518_12368','Daura',1,245,'','',0,'',0,0,'1'),('1371480275_104','1157','1371811518_12367','Dawakin Kudu',4,246,'','',0,'',0,0,'1'),('1371480299_104','1157','1371811518_12366','Dogodawa',2,247,'','',0,'',0,0,'1'),('1371480540_104','1157','1371811518_12367','Doko',3,248,'','',0,'',0,0,'1'),('1371480561_104','1157','1371811518_12367','Dutse',3,249,'','',0,'',0,0,'1'),('1371480672_104','1157','1371811518_12368','Dutsinma',2,250,'','',0,'',0,0,'1'),('1371480699_104','1157','1371811518_12366','Funtua',1,251,'','',0,'',0,0,'1'),('1371480792_104','1157','1371811518_12367','Gadau',3,252,'','',0,'',0,0,'1'),('1371480816_104','1157','1371811518_12356','Gakigana',1,253,'','',0,'',0,0,'1'),('1371480835_104','1157','1371811518_12367','Garki',3,254,'','',0,'',0,0,'1'),('1371480851_104','1157','1371811518_12366','Gaskiya',3,255,'','',0,'',0,0,'1'),('1371480872_104','1157','1371811518_12367','Gaya',2,256,'','',0,'',0,0,'1'),('1371480943_104','1157','1371811518_12366','Faskari',4,257,'','',0,'',0,0,'1'),('1371481038_104','1157','1371811518_12367','Gaya',2,258,'','',0,'',0,0,'1'),('1371481060_104','1157','1371811518_12367','Gezewa',2,259,'','',0,'',0,0,'1'),('1371481090_104','1157','1371811518_12366','Giwa',3,260,'','',0,'',0,0,'1'),('1371481112_104','1157','1371811518_12350','Gombi',3,261,'','',0,'',0,0,'1'),('1371481141_104','1157','1371811518_12366','Goningoro',3,262,'','',0,'',0,0,'1'),('1371481302_104','1157','1371811518_12366','Goro Sakwarza',3,263,'','',0,'',0,0,'1'),('1371481320_104','1157','1371811518_12380','Goronyo',2,264,'','',0,'',0,0,'1'),('1371481368_104','1157','1371811518_12367','Gumel',3,265,'','',0,'',0,0,'0'),('1371481380_104','1157','1371811518_12367','Gumel',4,266,'','',0,'',0,0,'1'),('1371481409_104','1157','1371811518_12380','Gusau',3,267,'','',0,'',0,0,'1'),('1371481440_104','1157','1371811518_12367','Gwaram',4,268,'','',0,'',0,0,'1'),('1371481465_104','1157','1371811518_12367','Gwarzo',3,269,'','',0,'',0,0,'1'),('1371481612_104','1157','1371811518_12367','Hadeja',4,270,'','',0,'',0,0,'1'),('1371481641_104','1157','1371811518_12350','Hong',3,271,'','',0,'',0,0,'1'),('1371481658_104','1157','1371811518_12366','Igabi',2,272,'','',0,'',0,0,'1'),('1371481702_104','1157','1371811518_12366','Ikara',2,273,'','',0,'',0,0,'1'),('1371481770_104','1157','1371811518_12367','Jamare',4,274,'','',0,'',0,0,'1'),('1371481831_104','1157','1371811518_12366','Jare',3,275,'','',0,'',0,0,'1'),('1371481978_104','1157','1371811518_12367','Kachako',3,276,'','',0,'',0,0,'1'),('1371482013_104','1157','1371811518_12366','Kaduna Airport',2,277,'','',0,'',0,0,'1'),('1371482089_104','1157','1371811518_12366','Kaduna-Central Location',0,278,'','',0,'',0,0,'1'),('1371482201_104','1157','1371811518_12367','Kafin Hausa',4,279,'','',0,'',0,0,'1'),('1371482222_104','1157','1371811518_12366','Kafur',3,280,'','',0,'',0,0,'1'),('1371482281_104','1157','1371811518_12366','Kagarko',3,281,'','',0,'',0,0,'1'),('1371482306_104','1157','1371811518_12366','Kagoma',3,282,'','',0,'',0,0,'1'),('1371482336_104','1157','1371811518_12366','Kagoro',3,283,'','',0,'',0,0,'1'),('1371482357_104','1157','1371811518_12366','Kajuru',3,284,'','',0,'',0,0,'1'),('1371482378_104','1157','1371811518_12380','Kamba',4,285,'','',0,'',0,0,'1'),('1371482514_104','1157','1371811518_12368','Kankiya',2,286,'','',0,'',0,0,'1'),('1371482591_104','1157','1371811518_12367','Kano-Central Location',0,287,'','',0,'',0,0,'1'),('1371482681_104','1157','1371811518_12367','Karaye',3,288,'','',0,'',0,0,'1'),('1371482774_104','1157','1371811518_12367','Katagum',4,289,'','',0,'',0,0,'1'),('1371482797_104','1157','1371811518_12366','Katari',3,290,'','',0,'',0,0,'1'),('1371482921_104','1157','1371811518_12368','Kastina Town-Central Locations',0,291,'','',0,'',0,0,'1'),('1371482979_104','1157','1371811518_12367','Kauguama',4,292,'','',0,'',0,0,'1'),('1371483002_104','1157','1371811518_12366','Kaura',3,293,'','',0,'',0,0,'1'),('1371483029_104','1157','1371811518_12367','Kazaure',2,294,'','',0,'',0,0,'1'),('1371483119_104','1157','1371811518_12367','Kibiya',3,295,'','',0,'',0,0,'1'),('1371483186_104','1157','1371811518_12366','KM 42, Kad/Abv Rd',3,296,'','',0,'',0,0,'1'),('1371483272_104','1157','1371811518_12366','Kubua',3,297,'','',0,'',0,0,'1'),('1371483292_104','1157','1371811518_12366','Kudan',2,298,'','',0,'',0,0,'1'),('1371483313_104','1157','1371811518_12366','Kujama',3,299,'','',0,'',0,0,'1'),('1371483333_104','1157','1371811518_12367','Kura',2,300,'','',0,'',0,0,'1'),('1371483463_104','1157','1371811518_12366','Kuntungare village',3,301,'','',0,'',0,0,'1'),('1371483480_104','1157','1371811518_12366','Kwoi',4,302,'','',0,'',0,0,'1'),('1371483510_104','1157','1371811518_12350','Lankaviri',3,303,'','',0,'',0,0,'1'),('1371483538_104','1157','1371811518_12356','Maiduguri-Central Location',0,304,'','',0,'',0,0,'1'),('1371483563_104','1157','1371811518_12367','Maigatari',4,305,'','',0,'',0,0,'1'),('1371483687_104','1157','1371811518_12366','Makarfi',2,306,'','',0,'',0,0,'1'),('1371483708_104','1157','1371811518_12366','Malumfashi',4,307,'','',0,'',0,0,'1'),('1371483795_104','1157','1371811518_12366','Manchok',4,308,'','',0,'',0,0,'1'),('1371483827_104','1157','1371811518_12366','Mararaba Rido',2,309,'','',0,'',0,0,'1'),('1371483858_104','1157','1371811518_12368','Mashi',1,310,'','',0,'',0,0,'1'),('1371483905_104','1157','1371811518_12350','Mayo Belwa',1,311,'','',0,'',0,0,'1'),('1371483940_104','1157','1371811518_12367','Minjibir',4,312,'','',0,'',0,0,'1'),('1371483961_104','1157','1371811518_12350','Mubi',3,313,'','',0,'',0,0,'1'),('1371483988_104','1157','1371811518_12350','Ngurore',1,314,'','',0,'',0,0,'1'),('1371484013_104','1157','1371811518_12367','Nguru',4,315,'','',0,'',0,0,'1'),('1371484293_104','1157','1371811518_12350','Numan',1,316,'','',0,'',0,0,'1'),('1371484327_104','1157','1371811518_12366','NYSC camp',2,317,'','',0,'',0,0,'1'),('1371484418_104','1157','1371811518_12356','Potiskum',3,318,'','',0,'',0,0,'1'),('1371484447_104','1157','1371811518_12366','Rigachukun',2,319,'','',0,'',0,0,'1'),('1371485636_104','1157','1371811518_12367','Ringim',2,320,'','',0,'',0,0,'1'),('1371485949_104','1157','1371811518_12367','rogo',4,321,'','',0,'',0,0,'1'),('1371486150_104','1157','1371811518_12366','Sabuwa',2,322,'','',0,'',0,0,'1'),('1371542848_105','1157','1371811518_12366','Samaru Kataf',3,323,'','',0,'',0,0,'1'),('1371542869_105','1157','1371811518_12366','Samban Gida',4,324,'','',0,'',0,0,'1'),('1371542889_105','1157','1371811518_12366','Saye',1,325,'','',0,'',0,0,'1'),('1371542909_105','1157','1371811518_12366','Shika',1,326,'','',0,'',0,0,'1'),('1371542935_105','1157','1371811518_12380','Shinkafi',4,327,'','',0,'',0,0,'1'),('1371542953_105','1157','1371811518_12366','Soba',1,328,'','',0,'',0,0,'1'),('1371543067_105','1157','1371811518_12380','Sokoto Town-Central Locations',0,329,'','',0,'',0,0,'1'),('1371543087_105','1157','1371811518_12350','Song',1,330,'','',0,'',0,0,'1'),('1371543138_105','1157','1371811518_12380','Talata Mafara',2,331,'','',0,'',0,0,'1'),('1371543162_105','1157','1371811518_12367','Taura',3,332,'','',0,'',0,0,'1'),('1371543323_105','1157','1371811518_12367','Tawanau',2,333,'','',0,'',0,0,'1'),('1371543357_105','1157','1371811518_12380','Tsafe',4,334,'','',0,'',0,0,'1'),('1371543377_105','1157','1371811518_12367','Tundu Wada',3,335,'','',0,'',0,0,'1'),('1371543398_105','1157','1371811518_12366','Ugwan bue',4,336,'','',0,'',0,0,'1'),('1371543414_105','1157','1371811518_12367','Waje',2,337,'','',0,'',0,0,'1'),('1371543434_105','1157','1371811518_12367','Wudil',2,338,'','',0,'',0,0,'1'),('1371543505_105','1157','1371811518_12380','Yabo',2,339,'','',0,'',0,0,'1'),('1371543763_105','1157','1371811518_12366','Yana',4,340,'','',0,'',0,0,'1'),('1371543791_105','1157','1371811518_12350','Yola-Central Locations',0,341,'','',0,'',0,0,'1'),('1371543808_105','1157','1371811518_12367','Zaki',4,342,'','',0,'',0,0,'1'),('1371543917_105','1157','1371811518_12366','Zango Kataf',4,343,'','',0,'',0,0,'1'),('1371544030_105','1157','1371811518_12366','Zaria-Central Location',0,344,'','',0,'',0,0,'1'),('1371544052_105','1157','1371811518_12350','Zing',2,345,'','',0,'',0,0,'1'),('1371544071_105','1157','1371811518_12366','Zonkwa',4,346,'','',0,'',0,0,'1'),('1371544867_105','1157','1371811518_12372','Abule Egba',1,347,'','',0,'',0,0,'1'),('1371544900_105','1157','1371811518_12372','Agbara Industrial Estate',2,348,'','',0,'',0,0,'1'),('1371545020_105','1157','1371811518_12372','Ajegunle',1,349,'','',0,'',0,0,'1'),('1371545040_105','1157','1371811518_12372','Akute',1,350,'','',0,'',0,0,'1'),('1371545071_105','1157','1371811518_12372','Alagbado',1,351,'','',0,'',0,0,'1'),('1371545090_105','1157','1371811518_12372','Alagbole',1,352,'','',0,'',0,0,'1'),('1371545111_105','1157','1371811518_12372','Arepo',1,353,'','',0,'',0,0,'1'),('1371545130_105','1157','1371811518_12372','Ayobo',2,354,'','',0,'',0,0,'1'),('1371545160_105','1157','1371811518_12372','Badagry',3,355,'','',0,'',0,0,'1'),('1371545180_105','1157','1371811518_12372','Egan Ikorodu',2,356,'','',0,'',0,0,'1'),('1371545205_105','1157','1371811518_12372','Ejigbo',1,357,'','',0,'',0,0,'1'),('1371545224_105','1157','1371811518_12372','Egbe',1,358,'','',0,'',0,0,'1'),('1371545248_105','1157','1371811518_12372','Epe',3,359,'','',0,'',0,0,'1'),('1371545263_105','1157','1371811518_12372','Iba',2,360,'','',0,'',0,0,'1'),('1371545283_105','1157','1371811518_12372','Ibafo',1,361,'','',0,'',0,0,'1'),('1371545304_105','1157','1371811518_12372','Ibeju',3,362,'','',0,'',0,0,'1'),('1371545327_105','1157','1371811518_12372','Igando',2,363,'','',0,'',0,0,'1'),('1371545350_105','1157','1371811518_12372','Igboelerin',2,364,'','',0,'',0,0,'1'),('1371545371_105','1157','1371811518_12372','Igbogbo',2,365,'','',0,'',0,0,'1'),('1371545393_105','1157','1371811518_12372','Ijanikin',1,366,'','',0,'',0,0,'1'),('1371545415_105','1157','1371811518_12372','Ijaye Ojokoro',1,367,'','',0,'',0,0,'1'),('1371545471_105','1157','1371811518_12372','Ijegun',2,368,'','',0,'',0,0,'1'),('1371545511_105','1157','1371811518_12372','Ikorodu Town-Central Locations',1,369,'','',0,'',0,0,'1'),('1371545528_105','1157','1371811518_12372','Ikota',1,370,'','',0,'',0,0,'1'),('1371545551_105','1157','1371811518_12372','Ikotun',2,371,'','',0,'',0,0,'1'),('1371545571_105','1157','1371811518_12372','Ilogbo',2,372,'','',0,'',0,0,'1'),('1371545606_105','1157','1371811518_12372','Ishashi Ikorodu',3,373,'','',0,'',0,0,'1'),('1371545630_105','1157','1371811518_12372','Isheri',2,374,'','',0,'',0,0,'1'),('1371545655_105','1157','1371811518_12372','Itokin Maya',3,375,'','',0,'',0,0,'1'),('1371545679_105','1157','1371811518_12372','Iyana Iba',2,376,'','',0,'',0,0,'1'),('1371545703_105','1157','1371811518_12372','Iyana Ipaja',1,377,'','',0,'',0,0,'1'),('1371545731_105','1157','1371811518_12372','Iyana Ishashi',2,378,'','',0,'',0,0,'1'),('1371545766_105','1157','1371811518_12372','Langbasa',2,379,'','',0,'',0,0,'1'),('1371545787_105','1157','1371811518_12372','Lekki Main Town',2,380,'','',0,'',0,0,'1'),('1371545805_105','1157','1371811518_12372','Magboro',1,381,'','',0,'',0,0,'0'),('1371545829_105','1157','1371811518_12372','Magboro',1,382,'','',0,'',0,0,'1'),('1371545850_105','1157','1371811518_12372','Magodo',1,383,'','',0,'',0,0,'1'),('1371547159_105','1157','1371811518_12372','Mebanmu',2,384,'','',0,'',0,0,'1'),('1371547185_105','1157','1371811518_12372','Mosimi/Wapco',3,385,'','',0,'',0,0,'1'),('1371547234_105','1157','1371811518_12372','Mowe',1,386,'','',0,'',0,0,'1'),('1371547255_105','1157','1371811518_12372','Obadore',1,387,'','',0,'',0,0,'1'),('1371547284_105','1157','1371811518_12372','Odogunyan',2,388,'','',0,'',0,0,'1'),('1371547302_105','1157','1371811518_12372','Ogijo',1,389,'','',0,'',0,0,'1'),('1371547822_105','1157','1371811518_12372','ojo',2,390,'','',0,'',0,0,'1'),('1371547880_105','1157','1371811518_12372','Ojo-Afromedia',2,391,'','',0,'',0,0,'1'),('1371547914_105','1157','1371811518_12372','Ojo-Ajagbandi',1,392,'','',0,'',0,0,'1'),('1371547957_105','1157','1371811518_12372','Ojokoro Ijaiye',1,393,'','',0,'',0,0,'1'),('1371547977_105','1157','1371811518_12372','Ojokoro Ikorodu',1,394,'','',0,'',0,0,'1'),('1371548006_105','1157','1371811518_12372','Ojo-Military Cantonment',1,395,'','',0,'',0,0,'1'),('1371548042_105','1157','1371811518_12372','Oke Afa',1,396,'','',0,'',0,0,'1'),('1371548097_105','1157','1371811518_12372','Okokomaiko',1,397,'','',0,'',0,0,'1'),('1371548124_105','1157','1371811518_12372','Olambe Akute',2,398,'','',0,'',0,0,'1'),('1371548161_105','1157','1371811518_12372','Otta Town',0,399,'','',0,'',0,0,'1'),('1371548194_105','1157','1371811518_12372','Redeemed Camp-Central Location',2,400,'','',0,'',0,0,'1'),('1371548213_105','1157','1371811518_12372','Sango Otta',0,401,'','',0,'',0,0,'1'),('1371548231_105','1157','1371811518_12372','Sangotedo',2,402,'','',0,'',0,0,'1'),('1371548253_105','1157','1371811518_12372','Satellite Town',1,403,'','',0,'',0,0,'1'),('1371548277_105','1157','1371811518_12372','Seme',3,404,'','',0,'',0,0,'1'),('1371548406_105','1157','1371811518_12372','Shagamu',3,405,'','',0,'',0,0,'1'),('1371548423_105','1157','1371811518_12372','Topo',3,406,'','',0,'',0,0,'1'),('1371548463_105','1157','1371811518_12349','Aba-Central Locations',0,407,'','',0,'',0,0,'1'),('1371548522_105','1157','1371811518_12352','Abagana',2,408,'','',0,'',0,0,'1'),('1371548867_105','1157','1371811518_12351','Abak',1,409,'','',0,'',0,0,'1'),('1371548900_105','1157','1371811518_12359','Abakaliki-Central Locations',0,410,'','',0,'',0,0,'1'),('1371548923_105','1157','1371811518_12352','Abatete',3,411,'','',0,'',0,0,'1'),('1371548952_105','1157','1371811518_12358','Abavo',2,412,'','',0,'',0,0,'1'),('1371548980_105','1157','1371811518_12352','Abba',2,413,'','',0,'',0,0,'1'),('1371549006_105','1157','1371811518_12379','Abhonema',1,414,'','',0,'',0,0,'1'),('1371549214_105','1157','1371811518_12349','Abiriba',2,415,'','',0,'',0,0,'1'),('1371549274_105','1157','1371811518_12364','Aboh Mbaise',2,416,'','',0,'',0,0,'1'),('1371549299_105','1157','1371811518_12379','Abua/Idual',3,417,'','',0,'',0,0,'1'),('1371549321_105','1157','1371811518_12352','Achalla/Awka',1,418,'','',0,'',0,0,'1'),('1371549537_105','1157','1371811518_12362','Achi',2,419,'','',0,'',0,0,'1'),('1371549562_105','1157','1371811518_12352','Achina',2,420,'','',0,'',0,0,'1'),('1371549601_105','1157','1371811518_12352','Adazi',2,421,'','',0,'',0,0,'1'),('1371549643_105','1157','1371811518_12355','Adoka',2,422,'','',0,'',0,0,'1'),('1371549659_105','1157','1371811518_12379','Afam',2,423,'','',0,'',0,0,'1'),('1371549703_105','1157','1371811518_12359','Afikpo South LGA',1,424,'','',0,'',0,0,'1'),('1371549735_105','1157','1371811518_12359','Afikpo Town',1,425,'','',0,'',0,0,'1'),('1371549764_105','1157','1371811518_12349','Afugiri Umuahia',1,426,'','',0,'',0,0,'1'),('1371551173_105','1157','1371811518_12362','Agbani Town',2,427,'','',0,'',0,0,'1'),('1371551209_105','1157','1371811518_12352','Agbor',2,428,'','',0,'',0,0,'1'),('1371551231_105','1157','1371811518_12352','Aguleri',2,429,'','',0,'',0,0,'1'),('1371551399_105','1157','1371811518_12352','Agulu',4,430,'','',0,'',0,0,'1'),('1371551420_105','1157','1371811518_12362','Agwu',4,431,'','',0,'',0,0,'1'),('1371551445_105','1157','1371811518_12362','Ahamufu',4,432,'','',0,'',0,0,'1'),('1371551470_105','1157','1371811518_12364','Ahiazu Mbaise',2,433,'','',0,'',0,0,'1'),('1371551601_105','1157','1371811518_12354','Ahoada',1,434,'','',0,'',0,0,'1'),('1371551626_105','1157','1371811518_12379','Airport Road',1,435,'','',0,'',0,0,'1'),('1371551645_105','1157','1371811518_12352','Ajali',2,436,'','',0,'',0,0,'1'),('1371551673_105','1157','1371811518_12379','Akabuka',3,437,'','',0,'',0,0,'1'),('1371551729_105','1157','1371811518_12359','Akaeze',1,438,'','',0,'',0,0,'1'),('1371551779_105','1157','1371811518_12357','Akampa',1,439,'','',0,'',0,0,'1'),('1371551815_105','1157','1371811518_12357','Akamkpa',1,440,'','',0,'',0,0,'1'),('1371551834_105','1157','1371811518_12354','Akenfa',2,441,'','',0,'',0,0,'1'),('1371551862_105','1157','1371811518_12354','Akinima',2,442,'','',0,'',0,0,'1'),('1371551888_105','1157','1371811518_12357','Akpabuyo',1,443,'','',0,'',0,0,'1'),('1371551918_105','1157','1371811518_12362','Aku Igbo-etiti',3,444,'','',0,'',0,0,'1'),('1371551946_105','1157','1371811518_12352','Akwa Etiti',1,445,'','',0,'',0,0,'1'),('1371551972_105','1157','1371811518_12352','Akwukwu',2,446,'','',0,'',0,0,'1'),('1371552010_105','1157','1371811518_12358','Akwukwu-Igbo',1,447,'','',0,'',0,0,'1'),('1371552037_105','1157','1371811518_12355','Aliade',1,448,'','',0,'',0,0,'1'),('1371552083_105','1157','1371811518_12352','Alor',2,449,'','',0,'',0,0,'1'),('1371552099_105','1157','1371811518_12379','Aluu',1,450,'','',0,'',0,0,'1'),('1371552116_105','1157','1371811518_12352','Anaku',4,451,'','',0,'',0,0,'1'),('1371552132_105','1157','1371811518_12352','Anam',3,452,'','',0,'',0,0,'1'),('1371552165_105','1157','1371811518_12379','Andoni LGA',4,453,'','',0,'',0,0,'1'),('1371552189_105','1157','1371811518_12362','Aniri',1,454,'','',0,'',0,0,'1'),('1371552214_105','1157','1371811518_12352','Anugu Agidi',3,455,'','',0,'',0,0,'1'),('1371552248_105','1157','1371811518_12352','Anwa Idemmili',1,456,'','',0,'',0,0,'1'),('1371552281_105','1157','1371811518_12349','Ariam Ikwuano',2,457,'','',0,'',0,0,'1'),('1371552340_105','1157','1371811518_12349','Arochukwu',3,458,'','',0,'',0,0,'1'),('1371552373_105','1157','1371811518_12364','Arondizuogu',3,459,'','',0,'',0,0,'1'),('1371552417_105','1157','1371811518_12358','Asaba-Central Locations',0,460,'','',0,'',0,0,'1'),('1371552442_105','1157','1371811518_12352','Atani',1,461,'','',0,'',0,0,'1'),('1371552466_105','1157','1371811518_12352','Awka',1,462,'','',0,'',0,0,'1'),('1371552487_105','1157','1371811518_12352','Awka Town',2,463,'','',0,'',0,0,'1'),('1371552521_105','1157','1371811518_12352','Awkuzu',1,464,'','',0,'',0,0,'1'),('1371552542_105','1157','1371811518_12364','Awomma',3,465,'','',0,'',0,0,'1'),('1371552570_105','1157','1371811518_12354','Azikoro',1,466,'','',0,'',0,0,'1'),('1371562387_105','1157','1371811518_12349','Azumniri',2,467,'','',0,'',0,0,'1'),('1371562442_105','1157','1371811518_12357','Bekwarra',2,468,'','',0,'',0,0,'1'),('1371562464_105','1157','1371811518_12349','Bende',1,469,'','',0,'',0,0,'1'),('1371562491_105','1157','1371811518_12357','Baise',1,470,'','',0,'',0,0,'1'),('1371562515_105','1157','1371811518_12357','Boki',2,471,'','',0,'',0,0,'1'),('1371562573_105','1157','1371811518_12379','Bonny Island-Central Locations',0,472,'','',0,'',0,0,'1'),('1371562592_105','1157','1371811518_12379','Bori',2,473,'','',0,'',0,0,'1'),('1371562628_105','1157','1371811518_12379','Borikri',3,474,'','',0,'',0,0,'1'),('1371562654_105','1157','1371811518_12354','Brass',3,475,'','',0,'',0,0,'1'),('1371562687_105','1157','1371811518_12379','Buguma',3,476,'','',0,'',0,0,'1'),('1371562765_105','1157','1371811518_12355','Buruku',2,477,'','',0,'',0,0,'1'),('1371562804_105','1157','1371811518_12357','Calabar-Central Locations',0,478,'','',0,'',0,0,'1'),('1371562938_105','1157','1371811518_12358','Ebu',1,479,'','',0,'',0,0,'1'),('1371562978_105','1157','1371811518_12362','Edem',2,480,'','',0,'',0,0,'1'),('1371563009_105','1157','1371811518_12364','Egbema',3,481,'','',0,'',0,0,'1'),('1371563375_105','1157','1371811518_12362','Eha-Alumona',2,482,'','',0,'',0,0,'1'),('1371563472_105','1157','1371811518_12364','Ehi, e Mbano',2,483,'','',0,'',0,0,'1'),('1371563849_105','1157','1371811518_12354','Ekeremor',4,484,'','',0,'',0,0,'1'),('1371564051_105','1157','1371811518_12351','Eket-Central Locations',0,485,'','',0,'',0,0,'1'),('1371564081_105','1157','1371811518_12354','Ekowe',4,486,'','',0,'',0,0,'1'),('1371564154_105','1157','1371811518_12352','Ekwulobia',2,487,'','',0,'',0,0,'1'),('1371564194_105','1157','1371811518_12352','Ekwulumilli',2,488,'','',0,'',0,0,'1'),('1371564307_105','1157','1371811518_12358','Ekwuoma',1,489,'','',0,'',0,0,'1'),('1371564354_105','1157','1371811518_12354','Elebele',2,490,'','',0,'',0,0,'1'),('1371564429_105','1157','1371811518_12354','Elele',1,491,'','',0,'',0,0,'1'),('1371564463_105','1157','1371811518_12379','Elimbu',1,492,'','',0,'',0,0,'1'),('1371564503_105','1157','1371811518_12379','Emouha',1,493,'','',0,'',0,0,'1'),('1371564525_105','1157','1371811518_12379','Eneka',1,494,'','',0,'',0,0,'1'),('1371564998_105','1157','1371811518_12349','Enerco Owerri/Okigwe Exp rd Ok',2,495,'','',0,'',0,0,'1'),('1371565141_105','1157','1371811518_12362','Enugu-Central Locations',0,496,'','',0,'',0,0,'1'),('1371565168_105','1157','1371811518_12362','Enugu-Ezike',2,497,'','',0,'',0,0,'1'),('1371565215_105','1157','1371811518_12352','Enugwu Ukwu',2,498,'','',0,'',0,0,'1'),('1371565239_105','1157','1371811518_12379','Etche',1,499,'','',0,'',0,0,'1'),('1371565274_105','1157','1371811518_12351','Etinan',1,500,'','',0,'',0,0,'1'),('1371565300_105','1157','1371811518_12357','Etung',2,501,'','',0,'',0,0,'1'),('1371565326_105','1157','1371811518_12362','Ezeagu',3,502,'','',0,'',0,0,'0'),('1371565452_105','1157','1371811518_12357','Etung',2,503,'','',0,'',0,0,'0'),('1371565480_105','1157','1371811518_12362','Ezeagu',3,504,'','',0,'',0,0,'1'),('1371565627_105','1157','1371811518_12352','Ezi Owelle',3,505,'','',0,'',0,0,'1'),('1371636073_104','1157','1371811518_12359','Ezilo',1,506,'','',0,'',0,0,'1'),('1371636350_104','1157','1371811518_12352','Ezinfite',2,507,'','',0,'',0,0,'1'),('1371636416_104','1157','1371811518_12364','Ezinihitte Mbaise',2,508,'','',0,'',0,0,'1'),('1371636445_104','1157','1371811518_12359','Ezzamgbo',1,509,'','',0,'',0,0,'1'),('1371636464_104','1157','1371811518_12355','Gboko',2,510,'','',0,'',0,0,'1'),('1371636486_104','1157','1371811518_12379','Gokana',2,511,'','',0,'',0,0,'1'),('1371636522_104','1157','1371811518_12379','Greens',1,512,'','',0,'',0,0,'1'),('1371636919_104','1157','1371811518_12362','Ibagwa Aka',1,513,'','',0,'',0,0,'1'),('1371636997_104','1157','1371811518_12359','Ibomo Izzi',1,514,'','',0,'',0,0,'1'),('1371637016_104','1157','1371811518_12358','Ibusa',1,515,'','',0,'',0,0,'1'),('1371637150_104','1157','1371811518_12352','Ichi',1,516,'','',0,'',0,0,'1'),('1371637232_104','1157','1371811518_12364','Ideato North',2,517,'','',0,'',0,0,'1'),('1371637260_104','1157','1371811518_12364','Ideato South',3,518,'','',0,'',0,0,'1'),('1371637419_104','1157','1371811518_12358','Idumeju-Ugboko',1,519,'','',0,'',0,0,'1'),('1371637450_104','1157','1371811518_12352','Ifite Dunu',3,520,'','',0,'',0,0,'1'),('1371637484_104','1157','1371811518_12352','Ifite Ogwari',3,521,'','',0,'',0,0,'1'),('1371637523_104','1157','1371811518_12352','Igbariam',3,522,'','',0,'',0,0,'1'),('1371637688_104','1157','1371811518_12354','Igbogene',1,523,'','',0,'',0,0,'1'),('1371637927_104','1157','1371811518_12379','Igwuruta',1,524,'','',0,'',0,0,'1'),('1371637953_104','1157','1371811518_12349','Ihechiowa',3,525,'','',0,'',0,0,'1'),('1371637973_104','1157','1371811518_12352','Ihembosi',2,526,'','',0,'',0,0,'1'),('1371638130_104','1157','1371811518_12364','Ihiagwa',1,527,'','',0,'',0,0,'1'),('1371638153_104','1157','1371811518_12352','Ihiala',2,528,'','',0,'',0,0,'1'),('1371638182_104','1157','1371811518_12364','Ihiala',1,529,'','',0,'',0,0,'1'),('1371638208_104','1157','1371811518_12354','Ihuke',3,530,'','',0,'',0,0,'1'),('1371638237_104','1157','1371811518_12357','Ikang',1,531,'','',0,'',0,0,'1'),('1371638259_104','1157','1371811518_12364','Ikeduru',2,532,'','',0,'',0,0,'1'),('1371638286_104','1157','1371811518_12362','Ikem',3,533,'','',0,'',0,0,'1'),('1371638307_104','1157','1371811518_12357','Ikom',3,534,'','',0,'',0,0,'1'),('1371638335_104','1157','1371811518_12357','Ikom',2,535,'','',0,'',0,0,'0'),('1371638463_104','1157','1371811518_12351','Ikot Abassi',2,536,'','',0,'',0,0,'1'),('1371638492_104','1157','1371811518_12351','Ikot Ekpene',1,537,'','',0,'',0,0,'1'),('1371638516_104','1157','1371811518_12351','Ikot Osura',2,538,'','',0,'',0,0,'1'),('1371638549_104','1157','1371811518_12359','Ikwo College',1,539,'','',0,'',0,0,'1'),('1371638621_104','1157','1371811518_12349','Ikwuano',2,540,'','',0,'',0,0,'1'),('1371638660_104','1157','1371811518_12358','Illah',1,541,'','',0,'',0,0,'1'),('1371638682_104','1157','1371811518_12354','Imiringi',3,542,'','',0,'',0,0,'1'),('1371639027_104','1157','1371811518_12364','Irete',1,543,'','',0,'',0,0,'1'),('1371639065_104','1157','1371811518_12358','Isele-Azagba',1,544,'','',0,'',0,0,'1'),('1371639099_104','1157','1371811518_12352','Isele-Uku',1,545,'','',0,'',0,0,'1'),('1371639130_104','1157','1371811518_12349','Ishiagu',3,546,'','',0,'',0,0,'1'),('1371639152_104','1157','1371811518_12364','Isiala',3,547,'','',0,'',0,0,'1'),('1371639175_104','1157','1371811518_12349','Isiala Oloboro',1,548,'','',0,'',0,0,'1'),('1371639212_104','1157','1371811518_12349','Isialangwa',2,549,'','',0,'',0,0,'1'),('1371639231_104','1157','1371811518_12379','Isiokpo',2,550,'','',0,'',0,0,'1'),('1371639260_104','1157','1371811518_12349','Isuikwuato',2,551,'','',0,'',0,0,'1'),('1371639293_104','1157','1371811518_12349','Isuochi',3,552,'','',0,'',0,0,'1'),('1371639417_104','1157','1371811518_12349','Item',3,553,'','',0,'',0,0,'1'),('1371640246_104','1157','1371811518_12357','Itigidi',1,554,'','',0,'',0,0,'1'),('1371640400_104','1157','1371811518_12362','Ituku Ozalla',1,555,'','',0,'',0,0,'1'),('1371640489_104','1157','1371811518_12362','Iwollo',4,556,'','',0,'',0,0,'1'),('1371640585_104','1157','1371811518_12352','Iyiowa Odekpe',1,557,'','',0,'',0,0,'1'),('1371640630_104','1157','1371811518_12355','Katsina-Ala',2,558,'','',0,'',0,0,'1'),('1371640681_104','1157','1371811518_12354','Kiama',1,559,'','',0,'',0,0,'1'),('1371641054_104','1157','1371811518_12379','Km 17/18 Toll Gate',1,560,'','',0,'',0,0,'1'),('1371641174_104','1157','1371811518_12355','Makurdi-Central Locations',0,561,'','',0,'',0,0,'1'),('1371641215_104','1157','1371811518_12352','Mbaukwu',2,562,'','',0,'',0,0,'1'),('1371641245_104','1157','1371811518_12354','Mbiama',2,563,'','',0,'',0,0,'1'),('1371641273_104','1157','1371811518_12357','Mfamosing',1,564,'','',0,'',0,0,'1'),('1371641301_104','1157','1371811518_12352','Mgbakwu',4,565,'','',0,'',0,0,'1'),('1371641324_104','1157','1371811518_12355','Mkar',1,566,'','',0,'',0,0,'1'),('1371641355_104','1157','1371811518_12351','Mkpat Enin',2,567,'','',0,'',0,0,'1'),('1371641384_104','1157','1371811518_12352','Nando',3,568,'','',0,'',0,0,'1'),('1371641411_104','1157','1371811518_12352','Nawfia',2,569,'','',0,'',0,0,'1'),('1371641524_104','1157','1371811518_12364','Naze',1,570,'','',0,'',0,0,'1'),('1371641647_104','1157','1371811518_12352','Ndikelionwu',2,571,'','',0,'',0,0,'1'),('1371641676_104','1157','1371811518_12352','Ndionwu',2,572,'','',0,'',0,0,'1'),('1371641709_104','1157','1371811518_12359','Ndufu Alike  Funai',1,573,'','',0,'',0,0,'1'),('1371641739_104','1157','1371811518_12364','Nekede',1,574,'','',0,'',0,0,'1'),('1371641836_104','1157','1371811518_12354','Nembe',4,575,'','',0,'',0,0,'1'),('1371641862_104','1157','1371811518_12352','Nibo',1,576,'','',0,'',0,0,'1'),('1371642101_104','1157','1371811518_12352','Nimo',2,577,'','',0,'',0,0,'1'),('1371642210_104','1157','1371811518_12352','Nise/Akwa',2,578,'','',0,'',0,0,'1'),('1371642236_104','1157','1371811518_12349','Nkpa',2,579,'','',0,'',0,0,'1'),('1371642260_104','1157','1371811518_12352','Nkpolgu',2,580,'','',0,'',0,0,'1'),('1371642315_104','1157','1371811518_12352','Nkpor',0,581,'','',0,'',0,0,'1'),('1371642437_104','1157','1371811518_12352','Nkwelle Ezunaka',1,582,'','',0,'',0,0,'1'),('1371642468_104','1157','1371811518_12364','Nkweree',2,583,'','',0,'',0,0,'1'),('1371642496_104','1157','1371811518_12349','Nkwoegwu',1,584,'','',0,'',0,0,'1'),('1371642521_104','1157','1371811518_12352','Nneni',2,585,'','',0,'',0,0,'1'),('1371642558_104','1157','1371811518_12352','Nnewi-Central Locations',0,586,'','',0,'',0,0,'1'),('1371642581_104','1157','1371811518_12352','Nnobi',1,587,'','',0,'',0,0,'1'),('1371642607_104','1157','1371811518_12352','Nnokwa',1,588,'','',0,'',0,0,'1'),('1371643286_104','1157','1371811518_12359','Noyo Ikwo',1,589,'','',0,'',0,0,'1'),('1371643307_104','1157','1371811518_12352','Nri',2,590,'','',0,'',0,0,'1'),('1371643329_104','1157','1371811518_12352','Nsugbe',1,591,'','',0,'',0,0,'1'),('1371643365_104','1157','1371811518_12362','Nsukka-Central Locations',0,592,'','',0,'',0,0,'1'),('1371643395_104','1157','1371811518_12349','NTA Umuahia',1,593,'','',0,'',0,0,'1'),('1371643425_104','1157','1371811518_12352','Nteje',2,594,'','',0,'',0,0,'1'),('1371643456_104','1157','1371811518_12364','Nwangile',2,595,'','',0,'',0,0,'1'),('1371643486_104','1157','1371811518_12364','Nwaorienbi',2,596,'','',0,'',0,0,'1'),('1371643609_104','1157','1371811518_12349','Nysc Orientation Camp',1,597,'','',0,'',0,0,'1'),('1371643656_104','1157','1371811518_12352','Oba Idemmilli',1,598,'','',0,'',0,0,'1'),('1371643677_104','1157','1371811518_12357','Obanliku',2,599,'','',0,'',0,0,'1'),('1371643705_104','1157','1371811518_12352','Obeledu',2,600,'','',0,'',0,0,'1'),('1371643730_104','1157','1371811518_12358','Obior',1,601,'','',0,'',0,0,'1'),('1371643760_104','1157','1371811518_12362','Obollo Afor',2,602,'','',0,'',0,0,'1'),('1371643786_104','1157','1371811518_12352','Obosi',1,603,'','',0,'',0,0,'1'),('1371643809_104','1157','1371811518_12379','Obrikom',3,604,'','',0,'',0,0,'1'),('1371643836_104','1157','1371811518_12357','Obudu',2,605,'','',0,'',0,0,'1'),('1371643865_104','1157','1371811518_12354','Obunagha',4,606,'','',0,'',0,0,'1'),('1371643891_104','1157','1371811518_12354','Odi',3,607,'','',0,'',0,0,'1'),('1371643937_104','1157','1371811518_12354','Ogbia',3,608,'','',0,'',0,0,'1'),('1371643965_104','1157','1371811518_12379','Ogbogu',3,609,'','',0,'',0,0,'1'),('1371644104_104','1157','1371811518_12352','Ogbunike',2,610,'','',0,'',0,0,'1'),('1371644138_104','1157','1371811518_12352','Ogidi/Awka',0,611,'','',0,'',0,0,'1'),('1371644170_104','1157','1371811518_12355','Ogobia',2,612,'','',0,'',0,0,'1'),('1371644197_104','1157','1371811518_12357','Ogoja',4,613,'','',0,'',0,0,'1'),('1371644222_104','1157','1371811518_12357','Ogoja',2,614,'','',0,'',0,0,'0'),('1371644244_104','1157','1371811518_12364','Oguta',2,615,'','',0,'',0,0,'1'),('1371644279_104','1157','1371811518_12358','Ogwashi-Uku',1,616,'','',0,'',0,0,'1'),('1371644316_104','1157','1371811518_12349','Ohafia',2,617,'','',0,'',0,0,'1'),('1371644379_104','1157','1371811518_12349','Ohiya',1,618,'','',0,'',0,0,'1'),('1371644413_104','1157','1371811518_12362','Oji River',3,619,'','',0,'',0,0,'1'),('1371644455_104','1157','1371811518_12352','Ojoto',1,620,'','',0,'',0,0,'1'),('1371644483_104','1157','1371811518_12349','Okigwe',2,621,'','',0,'',0,0,'1'),('1371644547_104','1157','1371811518_12352','Okija',2,622,'','',0,'',0,0,'1'),('1371644588_104','1157','1371811518_12358','Oko-clan',1,623,'','',0,'',0,0,'1'),('1371644622_104','1157','1371811518_12354','Okolobiri',3,624,'','',0,'',0,0,'1'),('1371644651_104','1157','1371811518_12358','Okpanam',1,625,'','',0,'',0,0,'1'),('1371644678_104','1157','1371811518_12359','Okposi',1,626,'','',0,'',0,0,'1'),('1371644709_104','1157','1371811518_12379','Okrika',1,627,'','',0,'',0,0,'1'),('1371644751_104','1157','1371811518_12349','Okwata Ibeku',1,628,'','',0,'',0,0,'1'),('1371644788_104','1157','1371811518_12364','Okwelle',3,629,'','',0,'',0,0,'1'),('1371644825_104','1157','1371811518_12349','Okweyi Alaocha',1,630,'','',0,'',0,0,'1'),('1371644984_104','1157','1371811518_12349','Old Umahia',2,631,'','',0,'',0,0,'1'),('1371645043_104','1157','1371811518_12349','Oloko Ikwuano',2,632,'','',0,'',0,0,'1'),('1371645070_104','1157','1371811518_12349','Olokoro',1,633,'','',0,'',0,0,'1'),('1371645095_104','1157','1371811518_12379','Oloma',1,634,'','',0,'',0,0,'1'),('1371645124_104','1157','1371811518_12379','Omagwa',1,635,'','',0,'',0,0,'1'),('1371645148_104','1157','1371811518_12379','Omoku',2,636,'','',0,'',0,0,'0'),('1371645183_104','1157','1371811518_12379','Omoku',2,637,'','',0,'',0,0,'1'),('1371645211_104','1157','1371811518_12352','Omor',4,638,'','',0,'',0,0,'1'),('1371645236_104','1157','1371811518_12358','Onicha-Ugbo',1,639,'','',0,'',0,0,'1'),('1371645365_104','1157','1371811518_12352','Ufuma',2,640,'','',0,'',0,0,'1'),('1371645387_104','1157','1371811518_12352','Uga',2,641,'','',0,'',0,0,'1'),('1371645416_104','1157','1371811518_12355','Ugboju',2,642,'','',0,'',0,0,'1'),('1371645447_104','1157','1371811518_12355','Ugbokolo',2,643,'','',0,'',0,0,'1'),('1371645478_104','1157','1371811518_12358','Ugbolu',1,644,'','',0,'',0,0,'1'),('1371645497_104','1157','1371811518_12357','Ugep',2,645,'','',0,'',0,0,'1'),('1371645523_104','1157','1371811518_12349','Ugwunagbo',2,646,'','',0,'',0,0,'1'),('1371645557_104','1157','1371811518_12349','Uhuhu Umuahia',1,647,'','',0,'',0,0,'1'),('1371645597_104','1157','1371811518_12379','Ukehi',2,648,'','',0,'',0,0,'1'),('1371645621_104','1157','1371811518_12352','Ukpor',1,649,'','',0,'',0,0,'1'),('1371645650_104','1157','1371811518_12352','Ukpor',2,650,'','',0,'',0,0,'1'),('1371645670_104','1157','1371811518_12349','Ukwa East',3,651,'','',0,'',0,0,'1'),('1371645687_104','1157','1371811518_12349','Ukwa West',2,652,'','',0,'',0,0,'1'),('1371645721_104','1157','1371811518_12349','Umuahia-Central Locations',0,653,'','',0,'',0,0,'1'),('1371645753_104','1157','1371811518_12349','Umuawa Alaocha',1,654,'','',0,'',0,0,'1'),('1371645891_104','1157','1371811518_12352','Umuawulu',2,655,'','',0,'',0,0,'1'),('1371645977_104','1157','1371811518_12349','Umudike',1,656,'','',0,'',0,0,'1'),('1371646118_104','1157','1371811518_12352','Umudioka',3,657,'','',0,'',0,0,'1'),('1371646194_104','1157','1371811518_12352','Umuleri',2,658,'','',0,'',0,0,'1'),('1371646226_104','1157','1371811518_12352','Umunachi',3,659,'','',0,'',0,0,'1'),('1371646267_104','1157','1371811518_12352','Umunede',2,660,'','',0,'',0,0,'1'),('1371646313_104','1157','1371811518_12352','Umunya',2,661,'','',0,'',0,0,'1'),('1371646343_104','1157','1371811518_12352','Umunze',2,662,'','',0,'',0,0,'1'),('1371646366_104','1157','1371811518_12349','Umuoba',2,663,'','',0,'',0,0,'1'),('1371646415_104','1157','1371811518_12352','Umuokpe / Awka',2,664,'','',0,'',0,0,'1'),('1371646455_104','1157','1371811518_12349','Umuopara',1,665,'','',0,'',0,0,'1'),('1371646608_104','1157','1371811518_12359','Unwana Afikpo',1,666,'','',0,'',0,0,'1'),('1371646659_104','1157','1371811518_12364','Urualla',3,667,'','',0,'',0,0,'1'),('1371646746_104','1157','1371811518_12352','Utu',2,668,'','',0,'',0,0,'1'),('1371646774_104','1157','1371811518_12349','Uturu',2,669,'','',0,'',0,0,'1'),('1371646806_104','1157','1371811518_12351','Uyo-Central Locations',0,670,'','',0,'',0,0,'1'),('1371646835_104','1157','1371811518_12349','Uzuaoku',1,671,'','',0,'',0,0,'1'),('1371646867_104','1157','1371811518_12355','Vandekya',1,672,'','',0,'',0,0,'1'),('1371646929_104','1157','1371811518_12354','Yenegoa-Central Locations',0,673,'','',0,'',0,0,'1'),('1371646957_104','1157','1371811518_12355','Zaki Biam',2,674,'','',0,'',0,0,'1'),('1371646983_104','1157','1371811518_12358','Abraka',1,675,'','',0,'',0,0,'1'),('1371647044_104','1157','1371811518_12360','Afuze',3,676,'','',0,'',0,0,'1'),('1371647229_104','1157','1371811518_12358','Agbarho',1,677,'','',0,'',0,0,'1'),('1371647257_104','1157','1371811518_12360','Agbede',2,678,'','',0,'',0,0,'1'),('1371647287_104','1157','1371811518_12360','Agenebode',3,679,'','',0,'',0,0,'1'),('1371648283_104','1157','1371811518_12349','Onitsha Ngwa',1,680,'','',0,'',0,0,'1'),('1371648364_104','1157','1371811518_12352','Onitsha-Central Locations',0,681,'','',0,'',0,0,'1'),('1371648446_104','1157','1371811518_12359','Onueke',1,682,'','',0,'',0,0,'1'),('1371648468_104','1157','1371811518_12364','Opkala',2,683,'','',0,'',0,0,'1'),('1371648500_104','1157','1371811518_12354','Opoama',4,684,'','',0,'',0,0,'1'),('1371648528_104','1157','1371811518_12379','Opobo LGA',4,685,'','',0,'',0,0,'1'),('1371648600_104','1157','1371811518_12352','Oraifite',1,686,'','',0,'',0,0,'1'),('1371648668_104','1157','1371811518_12352','Oraukwu',2,687,'','',0,'',0,0,'1'),('1371648792_104','1157','1371811518_12362','Orba',1,688,'','',0,'',0,0,'1'),('1371648822_104','1157','1371811518_12364','Orlu',1,689,'','',0,'',0,0,'0'),('1371648845_104','1157','1371811518_12364','Orlu',2,690,'','',0,'',0,0,'1'),('1371648896_104','1157','1371811518_12364','Oregwe',1,691,'','',0,'',0,0,'1'),('1371648948_104','1157','1371811518_12355','Orakam',2,692,'','',0,'',0,0,'1'),('1371648972_104','1157','1371811518_12351','Oron',2,693,'','',0,'',0,0,'1'),('1371648995_104','1157','1371811518_12364','Orsu',2,694,'','',0,'',0,0,'1'),('1371649016_104','1157','1371811518_12349','Osisioma',1,695,'','',0,'',0,0,'1'),('1371649174_104','1157','1371811518_12352','Osamala',3,696,'','',0,'',0,0,'1'),('1371649198_104','1157','1371811518_12358','Ossissa',2,697,'','',0,'',0,0,'1'),('1371649231_104','1157','1371811518_12355','Otukpa',2,698,'','',0,'',0,0,'1'),('1371649262_104','1157','1371811518_12355','Otukpo',1,699,'','',0,'',0,0,'1'),('1371649323_104','1157','1371811518_12354','Otuoeke',3,700,'','',0,'',0,0,'1'),('1371649596_104','1157','1371811518_12362','Ovoko',1,701,'','',0,'',0,0,'1'),('1371649634_104','1157','1371811518_12349','Ovum Ukwu',1,702,'','',0,'',0,0,'1'),('1371649657_104','1157','1371811518_12358','Owa-oyibu',2,703,'','',0,'',0,0,'1'),('1371649688_104','1157','1371811518_12364','Owerri-Central Location',0,704,'','',0,'',0,0,'1'),('1371649743_104','1157','1371811518_12349','Owerrinta',2,705,'','',0,'',0,0,'1'),('1371649784_104','1157','1371811518_12354','Oxbow lake',1,706,'','',0,'',0,0,'1'),('1371649826_104','1157','1371811518_12379','Port Harcourt-Central Locations',0,707,'','',0,'',0,0,'1'),('1371649862_104','1157','1371811518_12349','Qua Iboh Terminal /QIT',3,708,'','',0,'',0,0,'1'),('1371649935_104','1157','1371811518_12379','Rumuagholu',1,709,'','',0,'',0,0,'1'),('1371650202_104','1157','1371811518_12379','Rumuoduomaya',1,710,'','',0,'',0,0,'1'),('1371650255_104','1157','1371811518_12379','Saarpenwa',2,711,'','',0,'',0,0,'1'),('1371650783_104','1157','1371811518_12354','Tombia',2,712,'','',0,'',0,0,'1'),('1371650876_104','1157','1371811518_12349','Ubakala',1,713,'','',0,'',0,0,'1'),('1371650904_104','1157','1371811518_12379','Ubima',4,714,'','',0,'',0,0,'1'),('1371650944_104','1157','1371811518_12358','Ubulu-Okiti',1,715,'','',0,'',0,0,'1'),('1371650970_104','1157','1371811518_12358','Ubulu-uku',1,716,'','',0,'',0,0,'1'),('1371651296_104','1157','1371811518_12349','Ude Ofoeme',1,717,'','',0,'',0,0,'1'),('1371656734_104','1157','1371811518_12358','Amai',2,718,'','',0,'',0,0,'1'),('1371656764_104','1157','1371811518_12360','Auchi',2,719,'','',0,'',0,0,'1'),('1371656801_104','1157','1371811518_12360','Benin City-Central Locations',0,720,'','',0,'',0,0,'1'),('1371656831_104','1157','1371811518_12360','Ehor',1,721,'','',0,'',0,0,'1'),('1371656870_104','1157','1371811518_12360','Ekpoma',1,722,'','',0,'',0,0,'1'),('1371656895_104','1157','1371811518_12358','Ekun',1,723,'','',0,'',0,0,'1'),('1371656924_104','1157','1371811518_12360','Ewu',2,724,'','',0,'',0,0,'1'),('1371656952_104','1157','1371811518_12360','Fugar',2,725,'','',0,'',0,0,'1'),('1371656978_104','1157','1371811518_12360','Igarra',3,726,'','',0,'',0,0,'1'),('1371657048_104','1157','1371811518_12360','Igeduma',2,727,'','',0,'',0,0,'1'),('1371657372_104','1157','1371811518_12360','Igueben',2,728,'','',0,'',0,0,'1'),('1371657476_104','1157','1371811518_12360','Ihiovbor',1,729,'','',0,'',0,0,'1'),('1371657589_104','1157','1371811518_12360','Ikpeshi',2,730,'','',0,'',0,0,'1'),('1371657623_104','1157','1371811518_12360','Iyuku',2,731,'','',0,'',0,0,'1'),('1371657655_104','1157','1371811518_12360','Jattu',2,732,'','',0,'',0,0,'1'),('1371657687_104','1157','1371811518_12360','Obaretin',1,733,'','',0,'',0,0,'1'),('1371657720_104','1157','1371811518_12358','Obiar',1,734,'','',0,'',0,0,'1'),('1371657749_104','1157','1371811518_12358','Ochara',0,735,'','',0,'',0,0,'1'),('1371657777_104','1157','1371811518_12360','Ogwa',2,736,'','',0,'',0,0,'1'),('1371657798_104','1157','1371811518_12360','Okada',2,737,'','',0,'',0,0,'1'),('1371657825_104','1157','1371811518_12360','Okada',1,738,'','',0,'',0,0,'0'),('1371657848_104','1157','1371811518_12360','Okomu',2,739,'','',0,'',0,0,'1'),('1371714854_101','1157','1371811518_12360','Okpe',3,740,'','',0,'',0,0,'1'),('1371715027_101','1157','1371811518_12360','Ologbo',1,741,'','',0,'',0,0,'1'),('1371715050_101','1157','1371811518_12360','Osse River',2,742,'','',0,'',0,0,'1'),('1371715076_101','1157','1371811518_12360','Otuo',3,743,'','',0,'',0,0,'1'),('1371715104_101','1157','1371811518_12360','Sabongida Ora',3,744,'','',0,'',0,0,'1'),('1371715137_101','1157','1371811518_12358','Sapele-Central Locations',0,745,'','',0,'',0,0,'1'),('1371715161_101','1157','1371811518_12358','Ughelli',1,746,'','',0,'',0,0,'1'),('1371715188_101','1157','1371811518_12360','Ukpilla',2,747,'','',0,'',0,0,'1'),('1371715208_101','1157','1371811518_12358','Uku',1,748,'','',0,'',0,0,'1'),('1371715229_101','1157','1371811518_12360','Uromi',2,749,'','',0,'',0,0,'1'),('1371715264_101','1157','1371811518_12358','Warri-Central Locations',0,750,'','',0,'',0,0,'1'),('1372070931_1','1157','1371811518_12349','Isiala Ngwa',2,751,'','',0,'',0,0,'1'),('1372346586_105','1157','1371811518_12370','Isanlu',4,752,'','',0,'',0,0,'1'),('1372411904_103','1157','1371811518_12367','ITAS',4,753,'','',0,'',0,0,'1'),('1372411947_103','1157','1371811518_12366','Jaba',4,754,'','',0,'',0,0,'1'),('1372411988_103','1157','1371811518_12367','Jahum',3,755,'','',0,'',0,0,'1'),('1372412038_103','1157','1371811518_12366','Jaji',1,756,'','',0,'',0,0,'1'),('1372412062_103','1157','1371811518_12350','Jalingo',3,757,'','',0,'',0,0,'1'),('1372412096_103','1157','1371811518_12366','Kachia',4,758,'','',0,'',0,0,'1'),('1372412986_103','1157','1371811518_12352','Achalla',2,759,'','',0,'',0,0,'1'),('1372413054_103','1157','1371811518_12352','Amansea',2,760,'','',0,'',0,0,'1'),('1372413091_103','1157','1371811518_12359','Amasiri',1,761,'','',0,'',0,0,'1'),('1372413132_103','1157','1371811518_12354','Amassoma',1,762,'','',0,'',0,0,'1'),('1372413161_103','1157','1371811518_12352','Amawbia/ Awka',1,763,'','',0,'',0,0,'1'),('1372413191_103','1157','1371811518_12352','Anaku',4,764,'','',0,'',0,0,'1'),('1372426922_103','1157','1371811518_12354','Wilberforce Island',2,765,'','',0,'',0,0,'1'),('1372426961_103','1157','1371811518_12357','Yahe',2,766,'','',0,'',0,0,'1'),('1372426997_103','1157','1371811518_12357','Yala',2,767,'','',0,'',0,0,'1'),('1372427088_103','1157','1371811518_12355','Yandev',1,768,'','',0,'',0,0,'1'),('1372428154_103','1157','1371811518_12379','Oyigbo',1,769,'','',0,'',0,0,'1'),('1372428244_103','1157','1371811518_12358','Oza-nogogo',2,770,'','',0,'',0,0,'1'),('1372428280_103','1157','1371811518_12352','Ozobulu',2,771,'','',0,'',0,0,'1'),('1372428332_103','1157','1371811518_12379','Peter side',1,772,'','',0,'',0,0,'1'),('1372428362_103','1157','1371811518_12354','Sagbama',1,773,'','',0,'',0,0,'1'),('1372428401_103','1157','1371811518_12357','Sankwala',2,774,'','',0,'',0,0,'1'),('1372429054_103','1157','1371811518_12352','Oko Aguata',2,775,'','',0,'',0,0,'1'),('1372429457_103','1157','1371811518_12360','Irrua',1,776,'','',0,'',0,0,'1'),('1372429679_103','1157','1371811518_12360','Iruekpen',1,777,'','',0,'',0,0,'1');
/*!40000 ALTER TABLE `cities_list` ENABLE KEYS */;
UNLOCK TABLES;

--
-- Table structure for table `country_list`
--

DROP TABLE IF EXISTS `country_list`;
/*!40101 SET @saved_cs_client     = @@character_set_client */;
/*!40101 SET character_set_client = utf8 */;
CREATE TABLE `country_list` (
  `id` varchar(33) DEFAULT NULL,
  `country_list001` varchar(200) DEFAULT NULL,
  `country_list002` varchar(200) DEFAULT NULL,
  `country_list003` float DEFAULT NULL,
  `country_list004` varchar(200) DEFAULT NULL,
  `country_list005` varchar(200) DEFAULT NULL,
  `country_list006` varchar(200) NOT NULL,
  `country_list007` varchar(200) NOT NULL,
  `serial_num` int(11) NOT NULL AUTO_INCREMENT,
  `creator_role` varchar(33) NOT NULL,
  `created_by` varchar(33) NOT NULL,
  `creation_date` int(11) NOT NULL,
  `modified_by` varchar(33) NOT NULL,
  `modification_date` int(11) NOT NULL,
  `ip_address` int(11) NOT NULL,
  `record_status` varchar(100) DEFAULT NULL,
  PRIMARY KEY (`serial_num`),
  UNIQUE KEY `id` (`id`)
) ENGINE=InnoDB AUTO_INCREMENT=246 DEFAULT CHARSET=latin1;
/*!40101 SET character_set_client = @saved_cs_client */;

--
-- Dumping data for table `country_list`
--

LOCK TABLES `country_list` WRITE;
/*!40000 ALTER TABLE `country_list` DISABLE KEYS */;
INSERT INTO `country_list` VALUES ('1001','Afghanistan','AF',0,NULL,NULL,'','',1,'','',0,'',0,0,'1'),('1002','Albania','AL',0,NULL,NULL,'','',2,'','',0,'',0,0,'1'),('1003','Algeria','DZ',0,NULL,NULL,'','',3,'','',0,'',0,0,'1'),('1004','American Samoa','AS',0,NULL,NULL,'','',4,'','',0,'',0,0,'1'),('1005','Andorra','AD',0,NULL,NULL,'','',5,'','',0,'',0,0,'1'),('1006','Angola','AO',0,NULL,NULL,'','',6,'','',0,'',0,0,'1'),('1007','Anguilla','AI',0,NULL,NULL,'','',7,'','',0,'',0,0,'1'),('1008','Antarctica','AQ',0,NULL,NULL,'','',8,'','',0,'',0,0,'1'),('1009','Antigua and Barbuda','AG',0,NULL,NULL,'','',9,'','',0,'',0,0,'1'),('1010','Argentina','AR',0,NULL,NULL,'','',10,'','',0,'',0,0,'1'),('1011','Armenia','AM',0,NULL,NULL,'','',11,'','',0,'',0,0,'1'),('1012','Aruba','AW',0,NULL,NULL,'','',12,'','',0,'',0,0,'1'),('1013','Australia','AU',0,NULL,NULL,'','',13,'','',0,'',0,0,'1'),('1014','Austria','AT',0,NULL,NULL,'','',14,'','',0,'',0,0,'1'),('1015','Azerbaijan','AZ',0,NULL,NULL,'','',15,'','',0,'',0,0,'1'),('1016','Bahrain','BH',0,NULL,NULL,'','',16,'','',0,'',0,0,'1'),('1017','Bangladesh','BD',0,NULL,NULL,'','',17,'','',0,'',0,0,'1'),('1018','Barbados','BB',0,NULL,NULL,'','',18,'','',0,'',0,0,'1'),('1019','Belarus','BY',0,NULL,NULL,'','',19,'','',0,'',0,0,'1'),('1020','Belgium','BE',0,NULL,NULL,'','',20,'','',0,'',0,0,'1'),('1021','Belize','BZ',0,NULL,NULL,'','',21,'','',0,'',0,0,'1'),('1022','Benin','BJ',1,'$','yes','FR','',22,'','',0,'35991362173',1420472780,0,'1'),('1023','Bermuda','BM',0,NULL,NULL,'','',23,'','',0,'',0,0,'1'),('1024','Bhutan','BT',0,NULL,NULL,'','',24,'','',0,'',0,0,'1'),('1025','Bolivia','BO',0,NULL,NULL,'','',25,'','',0,'',0,0,'1'),('1026','Bosnia and Herzegovina','BA',0,NULL,NULL,'','',26,'','',0,'',0,0,'1'),('1027','Botswana','BW',0,NULL,NULL,'','',27,'','',0,'',0,0,'1'),('1028','Bouvet Island','BV',0,NULL,NULL,'','',28,'','',0,'',0,0,'1'),('1029','Brazil','BR',0,NULL,NULL,'','',29,'','',0,'',0,0,'1'),('1030','British Indian Ocean Territory','IO',0,NULL,NULL,'','',30,'','',0,'',0,0,'1'),('1031','Virgin Islands, British','VG',0,NULL,NULL,'','',31,'','',0,'',0,0,'1'),('1032','Brunei Darussalam','BN',0,NULL,NULL,'','',32,'','',0,'',0,0,'1'),('1033','Bulgaria','BG',0,NULL,NULL,'','',33,'','',0,'',0,0,'1'),('1034','Burkina Faso','BF',0,NULL,NULL,'','',34,'','',0,'',0,0,'1'),('1035','Myanmar','MM',0,NULL,NULL,'','',35,'','',0,'',0,0,'1'),('1036','Burundi','BI',0,NULL,NULL,'','',36,'','',0,'',0,0,'1'),('1037','Cambodia','KH',0,NULL,NULL,'','',37,'','',0,'',0,0,'1'),('1038','Cameroon','CM',0,NULL,NULL,'','',38,'','',0,'',0,0,'1'),('1039','Canada','CA',0,NULL,NULL,'','',39,'','',0,'',0,0,'1'),('1040','Cape Verde','CV',0,NULL,NULL,'','',40,'','',0,'',0,0,'1'),('1041','Cayman Islands','KY',0,NULL,NULL,'','',41,'','',0,'',0,0,'1'),('1042','Central African Republic','CF',0,NULL,NULL,'','',42,'','',0,'',0,0,'1'),('1043','Chad','TD',0,NULL,NULL,'','',43,'','',0,'',0,0,'1'),('1044','Chile','CL',0,NULL,NULL,'','',44,'','',0,'',0,0,'1'),('1045','China','CN',0,NULL,NULL,'','',45,'','',0,'',0,0,'1'),('1046','Christmas Island','CX',0,NULL,NULL,'','',46,'','',0,'',0,0,'1'),('1047','Cocos (Keeling) Islands','CC',0,NULL,NULL,'','',47,'','',0,'',0,0,'1'),('1048','Colombia','CO',0,NULL,NULL,'','',48,'','',0,'',0,0,'1'),('1049','Comoros','KM',0,NULL,NULL,'','',49,'','',0,'',0,0,'1'),('1050','Congo, The Democratic Republic of the','CD',0,NULL,NULL,'','',50,'','',0,'',0,0,'1'),('1051','Congo','CG',0,NULL,NULL,'','',51,'','',0,'',0,0,'1'),('1052','Cook Islands','CK',0,NULL,NULL,'','',52,'','',0,'',0,0,'1'),('1053','Costa Rica','CR',0,NULL,NULL,'','',53,'','',0,'',0,0,'1'),('1054','Ivory Coast','CI',0,NULL,NULL,'','',54,'','',0,'',0,0,'1'),('1055','Croatia','HR',0,NULL,NULL,'','',55,'','',0,'',0,0,'1'),('1056','Cuba','CU',0,NULL,NULL,'','',56,'','',0,'',0,0,'1'),('1057','Cyprus','CY',0,NULL,NULL,'','',57,'','',0,'',0,0,'1'),('1058','Czech Republic','CZ',0,NULL,NULL,'','',58,'','',0,'',0,0,'1'),('1059','Denmark','DK',0,NULL,NULL,'','',59,'','',0,'',0,0,'1'),('1060','Djibouti','DJ',0,NULL,NULL,'','',60,'','',0,'',0,0,'1'),('1061','Dominica','DM',0,NULL,NULL,'','',61,'','',0,'',0,0,'1'),('1062','Dominican Republic','DO',0,NULL,NULL,'','',62,'','',0,'',0,0,'1'),('1063','Timor-Leste','TL',0,NULL,NULL,'','',63,'','',0,'',0,0,'1'),('1064','Ecuador','EC',0,NULL,NULL,'','',64,'','',0,'',0,0,'1'),('1065','Egypt','EG',7.15,'EGP','yes','FR','',65,'','',0,'35991362173',1420472754,0,'1'),('1066','El Salvador','SV',0,NULL,NULL,'','',66,'','',0,'',0,0,'1'),('1067','Equatorial Guinea','GQ',0,NULL,NULL,'','',67,'','',0,'',0,0,'1'),('1068','Eritrea','ER',0,NULL,NULL,'','',68,'','',0,'',0,0,'1'),('1069','Estonia','EE',0,NULL,NULL,'','',69,'','',0,'',0,0,'1'),('1070','Ethiopia','ET',0,NULL,NULL,'','',70,'','',0,'',0,0,'1'),('1072','Falkland Islands (Malvinas)','FK',0,NULL,NULL,'','',71,'','',0,'',0,0,'1'),('1073','Faroe Islands','FO',0,NULL,NULL,'','',72,'','',0,'',0,0,'1'),('1074','Fiji','FJ',0,NULL,NULL,'','',73,'','',0,'',0,0,'1'),('1075','Finland','FI',0,NULL,NULL,'','',74,'','',0,'',0,0,'1'),('1076','France','FR',0,NULL,NULL,'','',75,'','',0,'',0,0,'1'),('1077','French Guiana','GF',0,NULL,NULL,'','',76,'','',0,'',0,0,'1'),('1078','French Polynesia','PF',0,NULL,NULL,'','',77,'','',0,'',0,0,'1'),('1079','French Southern Territories','TF',0,NULL,NULL,'','',78,'','',0,'',0,0,'1'),('1080','Gabon','GA',0,NULL,NULL,'','',79,'','',0,'',0,0,'1'),('1081','Georgia','GE',0,NULL,NULL,'','',80,'','',0,'',0,0,'1'),('1082','Germany','DE',0,NULL,NULL,'','',81,'','',0,'',0,0,'1'),('1083','Ghana','GH',0,NULL,NULL,'','',82,'','',0,'',0,0,'1'),('1084','Gibraltar','GI',0,NULL,NULL,'','',83,'','',0,'',0,0,'1'),('1085','Greece','GR',0,NULL,NULL,'','',84,'','',0,'',0,0,'1'),('1086','Greenland','GL',0,NULL,NULL,'','',85,'','',0,'',0,0,'1'),('1087','Grenada','GD',0,NULL,NULL,'','',86,'','',0,'',0,0,'1'),('1088','Guadeloupe','GP',0,NULL,NULL,'','',87,'','',0,'',0,0,'1'),('1089','Guam','GU',0,NULL,NULL,'','',88,'','',0,'',0,0,'1'),('1090','Guatemala','GT',0,NULL,NULL,'','',89,'','',0,'',0,0,'1'),('1091','Guinea','GN',0,NULL,NULL,'','',90,'','',0,'',0,0,'1'),('1092','Guinea-Bissau','GW',0,NULL,NULL,'','',91,'','',0,'',0,0,'1'),('1093','Guyana','GY',0,NULL,NULL,'','',92,'','',0,'',0,0,'1'),('1094','Haiti','HT',0,NULL,NULL,'','',93,'','',0,'',0,0,'1'),('1095','Heard Island and McDonald Islands','HM',0,NULL,NULL,'','',94,'','',0,'',0,0,'1'),('1096','Holy See (Vatican City State)','VA',0,NULL,NULL,'','',95,'','',0,'',0,0,'1'),('1097','Honduras','HN',0,NULL,NULL,'','',96,'','',0,'',0,0,'1'),('1098','Hong Kong','HK',0,NULL,NULL,'','',97,'','',0,'',0,0,'1'),('1099','Hungary','HU',0,NULL,NULL,'','',98,'','',0,'',0,0,'1'),('1100','Iceland','IS',0,NULL,NULL,'','',99,'','',0,'',0,0,'1'),('1101','India','IN',0,NULL,NULL,'','',100,'','',0,'',0,0,'1'),('1102','Indonesia','ID',0,NULL,NULL,'','',101,'','',0,'',0,0,'1'),('1103','Iran, Islamic Republic of','IR',0,NULL,NULL,'','',102,'','',0,'',0,0,'1'),('1104','Iraq','IQ',0,NULL,NULL,'','',103,'','',0,'',0,0,'1'),('1105','Ireland','IE',0,NULL,NULL,'','',104,'','',0,'',0,0,'1'),('1106','Israel','IL',0,NULL,NULL,'','',105,'','',0,'',0,0,'1'),('1107','Italy','IT',0,NULL,NULL,'','',106,'','',0,'',0,0,'1'),('1108','Jamaica','JM',0,NULL,NULL,'','',107,'','',0,'',0,0,'1'),('1109','Japan','JP',0,NULL,NULL,'','',108,'','',0,'',0,0,'1'),('1110','Jordan','JO',0,NULL,NULL,'','',109,'','',0,'',0,0,'1'),('1111','Kazakhstan','KZ',0,NULL,NULL,'','',110,'','',0,'',0,0,'1'),('1112','Kenya','KE',0,NULL,NULL,'','',111,'','',0,'',0,0,'1'),('1113','Kiribati','KI',0,NULL,NULL,'','',112,'','',0,'',0,0,'1'),('1114','Korea, Democratic People\'s Republic of','KP',0,NULL,NULL,'','',113,'','',0,'',0,0,'1'),('1115','Korea, Republic of','KR',0,NULL,NULL,'','',114,'','',0,'',0,0,'1'),('1116','Kuwait','KW',0,NULL,NULL,'','',115,'','',0,'',0,0,'1'),('1117','Kyrgyzstan','KG',0,NULL,NULL,'','',116,'','',0,'',0,0,'1'),('1118','Lao People\'s Democratic Republic','LA',0,NULL,NULL,'','',117,'','',0,'',0,0,'1'),('1119','Latvia','LV',0,NULL,NULL,'','',118,'','',0,'',0,0,'1'),('1120','Lebanon','LB',0,NULL,NULL,'','',119,'','',0,'',0,0,'1'),('1121','Lesotho','LS',0,NULL,NULL,'','',120,'','',0,'',0,0,'1'),('1122','Liberia','LR',0,NULL,NULL,'','',121,'','',0,'',0,0,'1'),('1123','Libyan Arab Jamahiriya','LY',0,NULL,NULL,'','',122,'','',0,'',0,0,'1'),('1124','Liechtenstein','LI',0,NULL,NULL,'','',123,'','',0,'',0,0,'1'),('1125','Lithuania','LT',0,NULL,NULL,'','',124,'','',0,'',0,0,'1'),('1126','Luxembourg','LU',0,NULL,NULL,'','',125,'','',0,'',0,0,'1'),('1127','Macao','MO',0,NULL,NULL,'','',126,'','',0,'',0,0,'1'),('1128','Macedonia, Republic of','MK',0,NULL,NULL,'','',127,'','',0,'',0,0,'1'),('1129','Madagascar','MG',0,NULL,NULL,'','',128,'','',0,'',0,0,'1'),('1130','Malawi','MW',0,NULL,NULL,'','',129,'','',0,'',0,0,'1'),('1131','Malaysia','MY',0,NULL,NULL,'','',130,'','',0,'',0,0,'1'),('1132','Maldives','MV',0,NULL,NULL,'','',131,'','',0,'',0,0,'1'),('1133','Mali','ML',0,NULL,NULL,'','',132,'','',0,'',0,0,'1'),('1134','Malta','MT',0,NULL,NULL,'','',133,'','',0,'',0,0,'1'),('1135','Marshall Islands','MH',0,NULL,NULL,'','',134,'','',0,'',0,0,'1'),('1136','Martinique','MQ',0,NULL,NULL,'','',135,'','',0,'',0,0,'1'),('1137','Mauritania','MR',0,NULL,NULL,'','',136,'','',0,'',0,0,'1'),('1138','Mauritius','MU',0,NULL,NULL,'','',137,'','',0,'',0,0,'1'),('1139','Mayotte','YT',0,NULL,NULL,'','',138,'','',0,'',0,0,'1'),('1140','Mexico','MX',0,NULL,NULL,'','',139,'','',0,'',0,0,'1'),('1141','Micronesia, Federated States of','FM',0,NULL,NULL,'','',140,'','',0,'',0,0,'1'),('1142','Moldova','MD',0,NULL,NULL,'','',141,'','',0,'',0,0,'1'),('1143','Monaco','MC',0,NULL,NULL,'','',142,'','',0,'',0,0,'1'),('1144','Mongolia','MN',0,NULL,NULL,'','',143,'','',0,'',0,0,'1'),('1145','Montserrat','MS',0,NULL,NULL,'','',144,'','',0,'',0,0,'1'),('1146','Morocco','MA',0,NULL,NULL,'','',145,'','',0,'',0,0,'1'),('1147','Mozambique','MZ',0,NULL,NULL,'','',146,'','',0,'',0,0,'1'),('1148','Namibia','NA',0,NULL,NULL,'','',147,'','',0,'',0,0,'1'),('1149','Nauru','NR',0,NULL,NULL,'','',148,'','',0,'',0,0,'1'),('1150','Nepal','NP',0,NULL,NULL,'','',149,'','',0,'',0,0,'1'),('1151','Netherlands Antilles','AN',0,NULL,NULL,'','',150,'','',0,'',0,0,'1'),('1152','Netherlands','NL',0,NULL,NULL,'','',151,'','',0,'',0,0,'1'),('1153','New Caledonia','NC',0,NULL,NULL,'','',152,'','',0,'',0,0,'1'),('1154','New Zealand','NZ',0,NULL,NULL,'','',153,'','',0,'',0,0,'1'),('1155','Nicaragua','NI',0,NULL,NULL,'','',154,'','',0,'',0,0,'1'),('1156','Niger','NE',0,NULL,NULL,'','',155,'','',0,'',0,0,'1'),('1157','Nigeria','NG',163,'','yes','US','',156,'','',0,'35991362173',1420472766,0,'1'),('1158','Niue','NU',0,NULL,NULL,'','',157,'','',0,'',0,0,'1'),('1159','Norfolk Island','NF',0,NULL,NULL,'','',158,'','',0,'',0,0,'1'),('1160','Northern Mariana Islands','MP',0,NULL,NULL,'','',159,'','',0,'',0,0,'1'),('1161','Norway','NO',0,NULL,NULL,'','',160,'','',0,'',0,0,'1'),('1162','Oman','OM',0,NULL,NULL,'','',161,'','',0,'',0,0,'1'),('1163','Pakistan','PK',0,NULL,NULL,'','',162,'','',0,'',0,0,'1'),('1164','Palau','PW',0,NULL,NULL,'','',163,'','',0,'',0,0,'1'),('1165','Palestinian Territory, Occupied','PS',0,NULL,NULL,'','',164,'','',0,'',0,0,'1'),('1166','Panama','PA',0,NULL,NULL,'','',165,'','',0,'',0,0,'1'),('1167','Papua New Guinea','PG',0,NULL,NULL,'','',166,'','',0,'',0,0,'1'),('1168','Paraguay','PY',0,NULL,NULL,'','',167,'','',0,'',0,0,'1'),('1169','Peru','PE',0,NULL,NULL,'','',168,'','',0,'35991362173',1412292607,0,'1'),('1170','Philippines','PH',0,NULL,NULL,'','',169,'','',0,'',0,0,'1'),('1171','Pitcairn','PN',0,NULL,NULL,'','',170,'','',0,'',0,0,'1'),('1172','Poland','PL',0,NULL,NULL,'','',171,'','',0,'',0,0,'1'),('1173','Portugal','PT',0,NULL,NULL,'','',172,'','',0,'',0,0,'1'),('1174','Puerto Rico','PR',0,NULL,NULL,'','',173,'','',0,'',0,0,'1'),('1175','Qatar','QA',0,NULL,NULL,'','',174,'','',0,'',0,0,'1'),('1176','Romania','RO',0,NULL,NULL,'','',175,'','',0,'',0,0,'1'),('1177','Russian Federation','RU',0,NULL,NULL,'','',176,'','',0,'',0,0,'1'),('1178','Rwanda','RW',0,NULL,NULL,'','',177,'','',0,'',0,0,'1'),('1179','Reunion','RE',0,NULL,NULL,'','',178,'','',0,'',0,0,'1'),('1180','Saint Helena','SH',0,NULL,NULL,'','',179,'','',0,'',0,0,'1'),('1181','Saint Kitts and Nevis','KN',0,NULL,NULL,'','',180,'','',0,'',0,0,'1'),('1182','Saint Lucia','LC',0,NULL,NULL,'','',181,'','',0,'',0,0,'1'),('1183','Saint Pierre and Miquelon','PM',0,NULL,NULL,'','',182,'','',0,'',0,0,'1'),('1184','Saint Vincent and the Grenadines','VC',0,NULL,NULL,'','',183,'','',0,'',0,0,'1'),('1185','Samoa','WS',0,NULL,NULL,'','',184,'','',0,'',0,0,'1'),('1186','San Marino','SM',0,NULL,NULL,'','',185,'','',0,'',0,0,'1'),('1187','Saudi Arabia','SA',0,NULL,NULL,'','',186,'','',0,'',0,0,'1'),('1188','Senegal','SN',0,NULL,NULL,'','',187,'','',0,'',0,0,'1'),('1189','Seychelles','SC',0,NULL,NULL,'','',188,'','',0,'',0,0,'1'),('1190','Sierra Leone','SL',0,NULL,NULL,'','',189,'','',0,'',0,0,'1'),('1191','Singapore','SG',0,NULL,NULL,'','',190,'','',0,'',0,0,'1'),('1192','Slovakia','SK',0,NULL,NULL,'','',191,'','',0,'',0,0,'1'),('1193','Slovenia','SI',0,NULL,NULL,'','',192,'','',0,'',0,0,'1'),('1194','Solomon Islands','SB',0,NULL,NULL,'','',193,'','',0,'',0,0,'1'),('1195','Somalia','SO',0,NULL,NULL,'','',194,'','',0,'',0,0,'1'),('1196','South Africa','ZA',0,NULL,NULL,'','',195,'','',0,'',0,0,'1'),('1197','South Georgia and the South Sandwich Islands','GS',0,NULL,NULL,'','',196,'','',0,'',0,0,'1'),('1198','Spain','ES',0,NULL,NULL,'','',197,'','',0,'',0,0,'1'),('1199','Sri Lanka','LK',0,NULL,NULL,'','',198,'','',0,'',0,0,'1'),('1200','Sudan','SD',0,NULL,NULL,'','',199,'','',0,'',0,0,'1'),('1201','Suriname','SR',0,NULL,NULL,'','',200,'','',0,'',0,0,'1'),('1202','Svalbard and Jan Mayen','SJ',0,NULL,NULL,'','',201,'','',0,'',0,0,'1'),('1203','Swaziland','SZ',0,NULL,NULL,'','',202,'','',0,'',0,0,'1'),('1204','Sweden','SE',0,NULL,NULL,'','',203,'','',0,'',0,0,'1'),('1205','Switzerland','CH',0,NULL,NULL,'','',204,'','',0,'',0,0,'1'),('1206','Syrian Arab Republic','SY',0,NULL,NULL,'','',205,'','',0,'',0,0,'1'),('1207','Sao Tome and Principe','ST',0,NULL,NULL,'','',206,'','',0,'',0,0,'1'),('1208','Taiwan','TW',0,NULL,NULL,'','',207,'','',0,'',0,0,'1'),('1209','Tajikistan','TJ',0,NULL,NULL,'','',208,'','',0,'',0,0,'1'),('1210','Tanzania, United Republic of','TZ',0,NULL,NULL,'','',209,'','',0,'',0,0,'1'),('1211','Thailand','TH',0,NULL,NULL,'','',210,'','',0,'',0,0,'1'),('1212','Bahamas','BS',0,NULL,NULL,'','',211,'','',0,'',0,0,'1'),('1213','Gambia','GM',0,NULL,NULL,'','',212,'','',0,'',0,0,'1'),('1214','Togo','TG',0,NULL,NULL,'','',213,'','',0,'',0,0,'1'),('1215','Tokelau','TK',0,NULL,NULL,'','',214,'','',0,'',0,0,'1'),('1216','Tonga','TO',0,NULL,NULL,'','',215,'','',0,'',0,0,'1'),('1217','Trinidad and Tobago','TT',0,NULL,NULL,'','',216,'','',0,'',0,0,'1'),('1218','Tunisia','TN',0,NULL,NULL,'','',217,'','',0,'',0,0,'1'),('1219','Turkey','TR',0,NULL,NULL,'','',218,'','',0,'',0,0,'1'),('1220','Turkmenistan','TM',0,NULL,NULL,'','',219,'','',0,'',0,0,'1'),('1221','Turks and Caicos Islands','TC',0,NULL,NULL,'','',220,'','',0,'',0,0,'1'),('1222','Tuvalu','TV',0,NULL,NULL,'','',221,'','',0,'',0,0,'1'),('1223','Uganda','UG',0,NULL,NULL,'','',222,'','',0,'',0,0,'1'),('1224','Ukraine','UA',0,NULL,NULL,'','',223,'','',0,'',0,0,'1'),('1225','United Arab Emirates','AE',0,NULL,NULL,'','',224,'','',0,'',0,0,'1'),('1226','United Kingdom','GB',0,NULL,NULL,'','',225,'','',0,'',0,0,'1'),('1227','United States Minor Outlying Islands','UM',0,NULL,NULL,'','',226,'','',0,'',0,0,'1'),('1228','United States','US',1,'$','yes','US','',227,'','',0,'35991362173',1420472679,0,'1'),('1229','Uruguay','UY',0,NULL,NULL,'','',228,'','',0,'',0,0,'1'),('1230','Uzbekistan','UZ',0,NULL,NULL,'','',229,'','',0,'',0,0,'1'),('1231','Vanuatu','VU',0,NULL,NULL,'','',230,'','',0,'',0,0,'1'),('1232','Venezuela','VE',0,NULL,NULL,'','',231,'','',0,'',0,0,'1'),('1233','Viet Nam','VN',0,NULL,NULL,'','',232,'','',0,'',0,0,'1'),('1234','Virgin Islands, U.S.','VI',0,NULL,NULL,'','',233,'','',0,'',0,0,'1'),('1235','Wallis and Futuna','WF',0,NULL,NULL,'','',234,'','',0,'',0,0,'1'),('1236','Western Sahara','EH',0,NULL,NULL,'','',235,'','',0,'',0,0,'1'),('1237','Yemen','YE',0,NULL,NULL,'','',236,'','',0,'',0,0,'1'),('1238','Serbia and Montenegro','CS',0,NULL,NULL,'','',237,'','',0,'',0,0,'1'),('1239','Zambia','ZM',0,NULL,NULL,'','',238,'','',0,'',0,0,'1'),('1240','Zimbabwe','ZW',0,NULL,NULL,'','',239,'','',0,'',0,0,'1'),('1241','Aland Islands','AX',0,NULL,NULL,'','',240,'','',0,'',0,0,'1'),('1242','Serbia','RS',0,NULL,NULL,'','',241,'','',0,'',0,0,'1'),('1243','Montenegro','ME',0,NULL,NULL,'','',242,'','',0,'',0,0,'1'),('1244','Jersey','JE',0,NULL,NULL,'','',243,'','',0,'',0,0,'1'),('1245','Guernsey','GG',0,NULL,NULL,'','',244,'','',0,'',0,0,'1'),('1246','Isle of Man','IM',0,NULL,NULL,'','',245,'','',0,'',0,0,'1');
/*!40000 ALTER TABLE `country_list` ENABLE KEYS */;
UNLOCK TABLES;

--
-- Table structure for table `customers`
--

DROP TABLE IF EXISTS `customers`;
/*!40101 SET @saved_cs_client     = @@character_set_client */;
/*!40101 SET character_set_client = utf8 */;
CREATE TABLE `customers` (
  `id` varchar(33) NOT NULL,
  `customers001` varchar(200) DEFAULT NULL,
  `customers002` varchar(200) DEFAULT NULL,
  `customers003` varchar(100) DEFAULT NULL,
  `customers004` varchar(200) DEFAULT NULL,
  `customers005` varchar(200) DEFAULT NULL,
  `serial_num` int(11) NOT NULL AUTO_INCREMENT,
  `creator_role` varchar(200) DEFAULT NULL,
  `created_by` varchar(200) DEFAULT NULL,
  `creation_date` int(11) DEFAULT NULL,
  `modified_by` varchar(200) DEFAULT NULL,
  `modification_date` int(11) DEFAULT NULL,
  `ip_address` varchar(200) DEFAULT NULL,
  `device_id` text NOT NULL,
  `record_status` varchar(100) DEFAULT NULL,
  PRIMARY KEY (`serial_num`),
  UNIQUE KEY `id` (`id`)
) ENGINE=InnoDB AUTO_INCREMENT=6 DEFAULT CHARSET=latin1;
/*!40101 SET character_set_client = @saved_cs_client */;

--
-- Dumping data for table `customers`
--

LOCK TABLES `customers` WRITE;
/*!40000 ALTER TABLE `customers` DISABLE KEYS */;
INSERT INTO `customers` VALUES ('10173863069','Jude Ewkeke','24 Freetown street Wuse2 Abuja','08064146259','goze@gmail.com','undefined',1,'system','35991362173',1458736931,'35991362173',1458736968,'fe80::a14d:9073:453f:fd9d','undefined','1'),('10173866427','Nnenna B','24 Freetown street Wuse2 Abuja','08064146259','nennyb@gmail.com','undefined',2,'system','35991362173',1458736965,'35991362173',1458736965,'fe80::a14d:9073:453f:fd9d','undefined','1'),('10173868311','Patrick Ogbuitepu','No 42 Lobito Crescent Wuse 2','+2348052529580','pat2echo@gmail.com','undefined',3,'system','35991362173',1458736984,'35991362173',1458736988,'fe80::a14d:9073:453f:fd9d','undefined','0'),('10318484320','Gozie Chris',NULL,'080392390930',NULL,'undefined',4,'system','1300130013',1460183144,'1300130013',1460183471,'192.168.56.1','undefined','0'),('10318493067','Gozie E. Chris','Nitel Quarters','080392390930','goze@gmail.com','undefined',5,'system','1300130013',1460183231,'35991362173',1462061631,'::1','undefined','1');
/*!40000 ALTER TABLE `customers` ENABLE KEYS */;
UNLOCK TABLES;

--
-- Table structure for table `damages`
--

DROP TABLE IF EXISTS `damages`;
/*!40101 SET @saved_cs_client     = @@character_set_client */;
/*!40101 SET character_set_client = utf8 */;
CREATE TABLE `damages` (
  `id` int(11) NOT NULL,
  `damages001` varchar(200) DEFAULT NULL,
  `damages002` varchar(200) DEFAULT NULL,
  `damages003` varchar(100) DEFAULT NULL,
  `damages004` varchar(400) DEFAULT NULL,
  `damages005` varchar(200) DEFAULT NULL,
  `damages006` varchar(200) NOT NULL,
  `damages007` varchar(200) NOT NULL,
  `damages008` varchar(200) DEFAULT NULL,
  `damages009` varchar(200) NOT NULL,
  `damages010` varchar(400) NOT NULL,
  `damages011` varchar(200) NOT NULL,
  `serial_num` int(11) NOT NULL AUTO_INCREMENT,
  `creator_role` varchar(200) DEFAULT NULL,
  `created_by` varchar(200) DEFAULT NULL,
  `creation_date` int(11) DEFAULT NULL,
  `modified_by` varchar(200) DEFAULT NULL,
  `modification_date` int(11) DEFAULT NULL,
  `ip_address` varchar(200) DEFAULT NULL,
  `device_id` text NOT NULL,
  `record_status` varchar(100) DEFAULT NULL,
  PRIMARY KEY (`serial_num`),
  UNIQUE KEY `id` (`id`)
) ENGINE=InnoDB DEFAULT CHARSET=latin1;
/*!40101 SET character_set_client = @saved_cs_client */;

--
-- Dumping data for table `damages`
--

LOCK TABLES `damages` WRITE;
/*!40000 ALTER TABLE `damages` DISABLE KEYS */;
/*!40000 ALTER TABLE `damages` ENABLE KEYS */;
UNLOCK TABLES;

--
-- Table structure for table `departments`
--

DROP TABLE IF EXISTS `departments`;
/*!40101 SET @saved_cs_client     = @@character_set_client */;
/*!40101 SET character_set_client = utf8 */;
CREATE TABLE `departments` (
  `id` varchar(33) DEFAULT NULL,
  `departments001` varchar(200) DEFAULT NULL,
  `departments002` varchar(200) DEFAULT NULL,
  `departments003` varchar(200) DEFAULT NULL,
  `departments004` varchar(200) DEFAULT NULL,
  `departments005` varchar(200) DEFAULT NULL,
  `serial_num` int(11) NOT NULL AUTO_INCREMENT,
  `creator_role` varchar(200) DEFAULT NULL,
  `created_by` varchar(200) DEFAULT NULL,
  `creation_date` int(11) DEFAULT NULL,
  `modified_by` varchar(200) DEFAULT NULL,
  `modification_date` int(11) DEFAULT NULL,
  `ip_address` varchar(200) DEFAULT NULL,
  `record_status` varchar(100) DEFAULT NULL,
  PRIMARY KEY (`serial_num`),
  UNIQUE KEY `id` (`id`)
) ENGINE=InnoDB AUTO_INCREMENT=3 DEFAULT CHARSET=latin1;
/*!40101 SET character_set_client = @saved_cs_client */;

--
-- Dumping data for table `departments`
--

LOCK TABLES `departments` WRITE;
/*!40000 ALTER TABLE `departments` DISABLE KEYS */;
INSERT INTO `departments` VALUES ('7367536347','Exploration & Production','Exploration & Production','wide','wide','wide',1,'1300130013','35991362173',1430587264,'35991362173',1430587264,'::1','1'),('7367543955','Shell Gas','Shell Gas','wide','wide','wide',2,'1300130013','35991362173',1430587340,'35991362173',1430587368,'::1','0');
/*!40000 ALTER TABLE `departments` ENABLE KEYS */;
UNLOCK TABLES;

--
-- Table structure for table `discount`
--

DROP TABLE IF EXISTS `discount`;
/*!40101 SET @saved_cs_client     = @@character_set_client */;
/*!40101 SET character_set_client = utf8 */;
CREATE TABLE `discount` (
  `id` varchar(33) DEFAULT NULL,
  `discount001` varchar(100) DEFAULT NULL,
  `discount002` varchar(100) DEFAULT NULL,
  `discount003` float DEFAULT NULL,
  `discount004` varchar(100) DEFAULT NULL,
  `serial_num` int(11) NOT NULL AUTO_INCREMENT,
  `creator_role` varchar(200) DEFAULT NULL,
  `created_by` varchar(200) DEFAULT NULL,
  `creation_date` int(11) DEFAULT NULL,
  `modified_by` varchar(200) DEFAULT NULL,
  `modification_date` int(11) DEFAULT NULL,
  `ip_address` varchar(200) DEFAULT NULL,
  `device_id` varchar(100) DEFAULT NULL,
  `record_status` varchar(1) DEFAULT NULL,
  PRIMARY KEY (`serial_num`),
  UNIQUE KEY `id` (`id`)
) ENGINE=InnoDB AUTO_INCREMENT=7 DEFAULT CHARSET=latin1;
/*!40101 SET character_set_client = @saved_cs_client */;

--
-- Dumping data for table `discount`
--

LOCK TABLES `discount` WRITE;
/*!40000 ALTER TABLE `discount` DISABLE KEYS */;
INSERT INTO `discount` VALUES ('10622663658','Canvasser','fixed_value',25,'undefined',1,'1300130013','35991362173',1463221337,'35991362173',1463226607,'::1','undefined','0'),('10622908024','Customers Discount','percentage',20,'undefined',2,'1300130013','35991362173',1463223781,'35991362173',1463223781,'::1','undefined','1'),('10623107541','Canvasser Discount','percentage',12,'undefined',3,'1300130013','35991362173',1463225776,'35991362173',1463225776,'::1','undefined','1'),('10623121825','Canvasser Discount 1','percentage',12,'undefined',4,'1300130013','35991362173',1463225919,'35991362173',1463225930,'::1','undefined','0'),('10623196163','Customers Discount','fixed_value',20,'undefined',5,'1300130013','35991362173',1463226662,'35991362173',1463226688,'::1','undefined','0'),('10623200670','Johned','fixed_value',500,'undefined',6,'1300130013','35991362173',1463226707,'35991362173',1463226760,'::1','undefined','0');
/*!40000 ALTER TABLE `discount` ENABLE KEYS */;
UNLOCK TABLES;

--
-- Table structure for table `division`
--

DROP TABLE IF EXISTS `division`;
/*!40101 SET @saved_cs_client     = @@character_set_client */;
/*!40101 SET character_set_client = utf8 */;
CREATE TABLE `division` (
  `id` varchar(33) DEFAULT NULL,
  `division001` varchar(200) DEFAULT NULL,
  `division002` varchar(200) DEFAULT NULL,
  `division003` varchar(200) DEFAULT NULL,
  `division004` varchar(200) DEFAULT NULL,
  `division005` varchar(200) DEFAULT NULL,
  `serial_num` int(11) NOT NULL AUTO_INCREMENT,
  `creator_role` varchar(200) DEFAULT NULL,
  `created_by` varchar(200) DEFAULT NULL,
  `creation_date` int(11) DEFAULT NULL,
  `modified_by` varchar(200) DEFAULT NULL,
  `modification_date` int(11) DEFAULT NULL,
  `ip_address` varchar(200) DEFAULT NULL,
  `record_status` varchar(100) DEFAULT NULL,
  PRIMARY KEY (`serial_num`),
  UNIQUE KEY `id` (`id`)
) ENGINE=InnoDB AUTO_INCREMENT=2 DEFAULT CHARSET=latin1;
/*!40101 SET character_set_client = @saved_cs_client */;

--
-- Dumping data for table `division`
--

LOCK TABLES `division` WRITE;
/*!40000 ALTER TABLE `division` DISABLE KEYS */;
INSERT INTO `division` VALUES ('7367474220','Gas Division','Exploration & Production','wide','wide','wide',1,'1300130013','35991362173',1430586643,'35991362173',1430586643,'::1','1');
/*!40000 ALTER TABLE `division` ENABLE KEYS */;
UNLOCK TABLES;

--
-- Table structure for table `expenditure`
--

DROP TABLE IF EXISTS `expenditure`;
/*!40101 SET @saved_cs_client     = @@character_set_client */;
/*!40101 SET character_set_client = utf8 */;
CREATE TABLE `expenditure` (
  `id` varchar(33) DEFAULT NULL,
  `expenditure001` int(11) DEFAULT NULL,
  `expenditure002` varchar(4000) DEFAULT NULL,
  `expenditure003` varchar(4000) DEFAULT NULL,
  `expenditure009` float NOT NULL,
  `expenditure004` float DEFAULT NULL,
  `expenditure005` float DEFAULT NULL,
  `expenditure006` float DEFAULT NULL,
  `expenditure010` varchar(200) NOT NULL,
  `expenditure011` varchar(200) NOT NULL,
  `expenditure007` text,
  `expenditure008` text,
  `expenditure012` varchar(50) NOT NULL,
  `expenditure013` varchar(50) NOT NULL,
  `serial_num` int(11) NOT NULL AUTO_INCREMENT,
  `creator_role` varchar(200) DEFAULT NULL,
  `created_by` varchar(200) DEFAULT NULL,
  `creation_date` int(11) DEFAULT NULL,
  `modified_by` varchar(200) DEFAULT NULL,
  `modification_date` int(11) DEFAULT NULL,
  `ip_address` varchar(200) DEFAULT NULL,
  `record_status` varchar(100) DEFAULT NULL,
  PRIMARY KEY (`serial_num`),
  UNIQUE KEY `id` (`id`)
) ENGINE=InnoDB AUTO_INCREMENT=70 DEFAULT CHARSET=latin1;
/*!40101 SET character_set_client = @saved_cs_client */;

--
-- Dumping data for table `expenditure`
--

LOCK TABLES `expenditure` WRITE;
/*!40000 ALTER TABLE `expenditure` DISABLE KEYS */;
INSERT INTO `expenditure` VALUES ('9622889826',1453071600,'9622170974','Supplied Feeds 10 bags 25 kg each',10,5000,1800,NULL,'','','purchase_of_feed','7367611442','','',11,'1300130013','35991362173',1453140799,'1300130013',1457381192,'127.0.0.1','0'),('9623396966',1452639600,'9622696777','NEPA Bill',0,2000,2000,NULL,'','','payment_of_utilities','7367611442','','',12,'1300130013','35991362173',1453145870,'1300130013',1457381192,'127.0.0.1','0'),('9623407964',1452639600,'9622170974','2 Bags',0,2000,2000,NULL,'','','purchase_of_feed','7367611442','','',13,'1300130013','35991362173',1453145980,'1300130013',1457381192,'127.0.0.1','0'),('9623875664',1453762800,'9622170974','2000 Bags',0,70000,2000,NULL,'','','purchase_of_feed','7367611442','','',14,'1300130013','35991362173',1453150657,'1300130013',1457381192,'127.0.0.1','0'),('9629026436',1452639600,'9622170974','Supplied feeds',10,20000,20000,NULL,'','','purchase_of_feed','9579160555','','',15,'1300130013','35991362173',1453202164,'1300130013',1457381192,'127.0.0.1','0'),('10041570135',1458601200,'9622696777','Sound Proof Casing + Generator House Repairs',0,1200,1000,NULL,'cash','','purchase_of_items','7367611442','','10173870046',16,'1300130013','1300130013',1457414002,'35991362173',1462305996,'::1','0'),('10112080767',1457478000,'9622696777','Purchase of Generator',0,1900,300,NULL,'cash','456-TF','purchase_of_items','7367611442','','10173870046',17,'1300130013','35991362173',1458119108,'35991362173',1462305996,'192.168.56.1','0'),('10164711513',1458601200,'9622696777','Dinner Party Planning',0,30000,30000,NULL,'cash','','purchase_of_items','7367611442','','10173870046',18,'system','35991362173',1458645416,'35991362173',1462305996,'192.168.56.1','0'),('10164711725',1458601200,'9622696777','Lunch Party Planning',0,30000,30000,NULL,'cash','','purchase_of_items','7367611442','','10173870046',19,'system','35991362173',1458645418,'35991362173',1462305996,'::1','0'),('10164723142',1458601200,'9622696777','Drinks for Lunch Party',0,10000,10000,NULL,'transfer','','purchase_of_items','7367611442','','10173870046',20,'system','35991362173',1458645532,'35991362173',1462305996,'192.168.56.1','0'),('10164727535',1458601200,'9622696777','Drinks for Dinner Party',0,10000,10000,NULL,'transfer','','purchase_of_items','7367611442','','10173870046',21,'system','35991362173',1458645576,'35991362173',1462305996,'192.168.56.1','0'),('10164749845',1458601200,'9622696777','PHCN Bill',0,15000,5000,NULL,'cash','','payment_of_utilities','7367611442','','10173870046',22,'system','35991362173',1458645799,'35991362173',1462305996,'192.168.56.1','0'),('10263823640',1459548000,'9622696777','Extra Cost Incurred during production. REF: 10263823640',0,2700,2700,NULL,'','','cost_of_production','7367611442','10263823640','10173870046',23,'system','35991362173',1459636538,'35991362173',1462305996,'::1','0'),('10522994921',1462224651,'10172955431','Forever Young Eau',0,3000,3000,NULL,'','','purchase_of_items','','10522994921','10173870046',24,'system','35991362173',1462224651,'35991362173',1462229732,'::1','0'),('10522996128',1462224663,'10172955431','Forever Young Eau',0,3000,3000,NULL,'','','purchase_of_items','','10522996128','10173870046',25,'system','35991362173',1462224663,'35991362173',1462229728,'::1','0'),('10523001228',1462224779,'9622170974','Poison Perfume',0,35000,35000,NULL,'cash','','purchase_of_items','10173241557','10523001228','10173870046',26,'system','35991362173',1462224713,'7367611442',1462305651,'::1','0'),('10523020314',1462224904,'10172955431','Flour',0,2500,2500,NULL,'','','purchase_of_materials','','10523020314','10173870046',27,'system','35991362173',1462224904,'35991362173',1462228165,'::1','0'),('10531093143',1462305632,'9622170974','Sliced Bread',0,250,250,NULL,'','','purchase_of_items','','10531093143','10173870046',28,'system','7367611442',1462305632,'7367611442',1462306846,'::1','0'),('10531142114',1462306122,'9622170974','Sliced Bread',0,250,250,NULL,'','','purchase_of_items','','10531142114','10173870046',29,'system','7367611442',1462306122,'7367611442',1462306122,'::1','1'),('10531174859',1462306449,'10172955431','Blue Dress',0,50000,50000,NULL,'','','purchase_of_materials','','10531174859','10173870046',30,'system','7367611442',1462306449,'7367611442',1462307109,'::1','0'),('10531238126',1462307083,'9622696777','Eggs',0,2400,2400,NULL,'','','purchase_of_materials','','10531238126','10173870046',31,'system','7367611442',1462307083,'7367611442',1462307083,'::1','1'),('10531246826',1462307170,'10172955431','Salt',0,2000,2000,NULL,'','','purchase_of_materials','','10531246826','10173870046',32,'system','7367611442',1462307170,'7367611442',1462307170,'::1','1'),('10531313267',1462307833,'10172955431','Yeast (Grammes)',0,1600,1600,NULL,'','','purchase_of_materials','','10531313267','10173870046',33,'system','7367611442',1462307833,'7367611442',1462307833,'::1','1'),('10531339848',1462308099,'9622696777','Flavouring',0,8000,8000,NULL,'','','purchase_of_materials','','10531339848','10173870046',34,'system','7367611442',1462308099,'7367611442',1462308099,'::1','1'),('10531340952',1462308111,'10172955431','Butter',0,20000,20000,NULL,'','','purchase_of_materials','','10531340952','10173870046',35,'system','7367611442',1462308111,'7367611442',1462308111,'::1','1'),('10531341514',1462308116,'9622696777','Crate of Eggs',0,24000,24000,NULL,'','','purchase_of_materials','','10531341514','10173870046',36,'system','7367611442',1462308116,'7367611442',1462308116,'::1','1'),('10531343061',1462308131,'10172955431','Flour (Kg)',0,50000,50000,NULL,'','','purchase_of_materials','','10531343061','10173870046',37,'system','7367611442',1462308131,'7367611442',1462308131,'::1','1'),('10531344452',1462308145,'10172955431','Salt (Kg)',0,24000,24000,NULL,'','','purchase_of_materials','','10531344452','10173870046',38,'system','7367611442',1462308145,'7367611442',1462308145,'::1','1'),('10531348364',1462308184,'9622170974','Sugar (Kg)',0,40000,40000,NULL,'','','purchase_of_materials','','10531348364','10173870046',39,'system','7367611442',1462308184,'7367611442',1462308184,'::1','1'),('10531349313',1462308194,'10172955431','Yeast (Grammes)',0,16000,16000,NULL,'','','purchase_of_materials','','10531349313','10173870046',40,'system','7367611442',1462308194,'7367611442',1462308194,'::1','1'),('10529951465',1462294334,'10529961756','Mechanic Repairs',0,5000,2000,NULL,'cash','','repairs','10173241557','','10173870046',41,'system','7367611442',1462294215,'7367611442',1462294334,'::1','1'),('10529977034',1462294471,'10529961756','Repaired Lights',0,4000,0,NULL,'cash','','repairs','10173241557','','',42,'system','7367611442',1462294471,'7367611442',1462294471,'::1','1'),('10530008167',1462294782,'10530004163','Software Update',0,20000,0,NULL,'cash','','purchase_of_items','10173241557','','',43,'system','7367611442',1462294782,'7367611442',1462294782,'::1','1'),('10588706439',1462881765,'9622696777','Diamond Ring',0,250000,250000,NULL,'','','purchase_of_items','','10588706439','10173870046',44,'system','35991362173',1462881765,'35991362173',1462881765,'::1','1'),('10588713364',1462881834,'9622696777','Diamond Ring',0,35000,35000,NULL,'','','purchase_of_items','','10588713364','10173870046',45,'system','35991362173',1462881834,'35991362173',1462881834,'::1','1'),('10588716029',1462881861,'9622696777','Platinum Ring',0,375000,375000,NULL,'','','purchase_of_items','','10588716029','10173870046',46,'system','35991362173',1462881861,'35991362173',1462881861,'::1','1'),('10589054074',1462885242,'9622696777','Diamond Ring',0,429000,429000,NULL,'','','purchase_of_items','','10589054074','10173870046',47,'system','35991362173',1462885242,'35991362173',1462885242,'::1','1'),('10589118168',1462799483,'9622696777','Diamond Ring',0,490000,490000,NULL,'','','purchase_of_items','','10589118168','10173870046',48,'system','35991362173',1462885883,'35991362173',1462885883,'::1','1'),('10589123031',1462885931,'9622696777','Platinum Ring',0,363000,363000,NULL,'','','purchase_of_items','','10589123031','10173870046',49,'system','35991362173',1462885931,'35991362173',1462885931,'::1','1'),('10589139430',1462886095,'9622696777','Pendant',0,425000,425000,NULL,'','','purchase_of_items','','10589139430','10173870046',50,'system','35991362173',1462886095,'35991362173',1462886095,'::1','1'),('10589148554',1462799787,'9622696777','12 Carat Earring',0,35000,35000,NULL,'','','purchase_of_items','','10589148554','10173870046',51,'system','35991362173',1462886187,'35991362173',1462886187,'::1','1'),('10589149175',1462799792,'9622696777','12 Carat Earring',0,5000,5000,NULL,'','','purchase_of_items','','10589149175','10173870046',52,'system','35991362173',1462886192,'35991362173',1462886201,'::1','0'),('10594381120',1462938512,'10172955431','Butter',0,20000,20000,NULL,'','','purchase_of_materials','','10594381120','10173870046',53,'system','35991362173',1462938512,'35991362173',1462938512,'::1','1'),('10606422956',1463058931,'','Extra Cost Incurred during production. REF: 10606422956',0,5000,5000,NULL,'','','cost_of_production','','10606422956','',54,'system','35991362173',1463058931,'35991362173',1463058931,'::1','1'),('106065905151',1463060606,'10530004163','Petrol for Generator',0,2000,2000,0,'cash','10606590453','fueling','7367611442','10606590453','10173870046',55,'','35991362173',1463060606,'35991362173',1463060606,'::1','1'),('106065905152',1463060606,'10530004163','Quality Assurance',0,3000,3000,0,'cash','10606590453','consultancy','7367611442','10606590453','10173870046',56,'','35991362173',1463060606,'35991362173',1463060606,'::1','1'),('106065977461',1463039248,'10529961756','test',0,200,200,0,'cash','10606597743','consultancy','10173241557','10606597743','10173870046',57,'','35991362173',1463060678,'35991362173',1463212048,'::1','1'),('106065977462',1463060678,'10529961756','second test',0,250,250,0,'cash','10606597743','consultancy','10173241557','10606597743','10173870046',58,'','35991362173',1463060678,'35991362173',1463060678,'::1','1'),('10621727957',1463039180,'9622696777','Generator Purchase',0,500,500,NULL,'','','repairs',NULL,'10606590453','10173870046',59,'1300130013','35991362173',1463211980,'35991362173',1463211988,'::1','0'),('10621731015',1463039211,'9622696777','Generator Purchase',0,500,500,NULL,'','','repairs',NULL,'10606590453','10173870046',60,'1300130013','35991362173',1463212011,'35991362173',1463212090,'::1','0'),('10621740637',1463039307,'9622696777','Generator Purchase 2',0,520,520,NULL,'','','repairs',NULL,'10606590453','10173870046',61,'1300130013','35991362173',1463212107,'35991362173',1463212107,'::1','1'),('106217666341',1463212367,'10530004163','Knife Handle Fixing',0,500,500,0,'cash','10621766550','repairs','','10621766550','10173870046',62,'','35991362173',1463212367,'35991362173',2147483647,'::1','0'),('106217666342',1463212367,'10530004163','Frying Pan Handle',0,200,200,0,'cash','10621766550','repairs','','10621766550','10173870046',63,'','35991362173',1463212367,'35991362173',2147483647,'::1','0'),('10621779350',1463212494,'9622696777','Generator Purchase',0,400,400,NULL,'','','purchase_of_replacement',NULL,'10621766550','10173870046',64,'1300130013','35991362173',1463212494,'35991362173',2147483647,'::1','0'),('10621904733',1463213748,'10530004163','2 Bags',0,40,40,NULL,'','','purchase_of_items',NULL,'10621766550','10173870046',65,'1300130013','35991362173',1463213748,'35991362173',2147483647,'::1','0'),('106223171511',1463217872,'10172955431','10 Litres of Fuel Purchase',0,2000,2000,0,'cash','10622317148','purchase_of_materials','7367611442','10622317148','10173870046',66,'','35991362173',1463217872,'35991362173',1463217872,'::1','1'),('106223171512',1463217872,'10172955431','Oven Wiring',0,2000,2000,0,'cash','10622317148','repairs','7367611442','10622317148','10173870046',67,'','35991362173',1463217872,'35991362173',1463217872,'::1','1'),('10676695659',1463675258,'10172955431','Sand',0,40000,40000,NULL,'','','purchase_of_materials','','10676695659','10173870046',68,'system','35991362173',1463761658,'35991362173',1463761658,'::1','1'),('10676701270',1463675313,'10530004163','Cement',0,14000,14000,NULL,'','','purchase_of_materials','','10676701270','10173870046',69,'system','35991362173',1463761713,'35991362173',1463761713,'::1','1');
/*!40000 ALTER TABLE `expenditure` ENABLE KEYS */;
UNLOCK TABLES;

--
-- Table structure for table `functions`
--

DROP TABLE IF EXISTS `functions`;
/*!40101 SET @saved_cs_client     = @@character_set_client */;
/*!40101 SET character_set_client = utf8 */;
CREATE TABLE `functions` (
  `id` varchar(33) NOT NULL DEFAULT '',
  `functions001` varchar(200) DEFAULT NULL,
  `functions002` varchar(200) DEFAULT NULL,
  `functions003` varchar(100) DEFAULT NULL,
  `functions004` varchar(100) DEFAULT NULL,
  `functions005` varchar(64) DEFAULT NULL,
  `functions006` varchar(64) DEFAULT NULL,
  `functions007` varchar(64) DEFAULT NULL,
  `functions008` varchar(200) DEFAULT NULL,
  `functions009` varchar(200) DEFAULT NULL,
  `functions010` varchar(200) DEFAULT NULL,
  `creator_role` varchar(200) DEFAULT NULL,
  `created_by` varchar(200) DEFAULT NULL,
  `creation_date` int(11) DEFAULT NULL,
  `modified_by` varchar(200) DEFAULT NULL,
  `modification_date` int(11) DEFAULT NULL,
  `ip_address` varchar(200) DEFAULT NULL,
  `record_status` varchar(100) DEFAULT NULL,
  PRIMARY KEY (`id`)
) ENGINE=InnoDB DEFAULT CHARSET=latin1;
/*!40101 SET character_set_client = @saved_cs_client */;

--
-- Dumping data for table `functions`
--

LOCK TABLES `functions` WRITE;
/*!40000 ALTER TABLE `functions` DISABLE KEYS */;
INSERT INTO `functions` VALUES ('30632233134','Functions View','44497868143','display_all_records','functions','Display all functions in a table','none','undefined','undefined','undefined','undefined',NULL,NULL,1387630633,'35991362173',1402003952,'::1','1'),('30636618450','Modules View','44497868143','display_all_records','modules','Display all modules in a table','none','undefined','undefined','undefined','undefined',NULL,NULL,1387635018,'35991362173',1402003970,'::1','1'),('30642781365','Users View','30642723443','display_all_records','users','Display all users of the system in a table','','undefined','undefined','undefined','undefined',NULL,NULL,1387641181,NULL,1387641181,'::1','1'),('35469142300','Settings','44497868143','display_all_records','appsettings','test','test','undefined','undefined','undefined','undefined',NULL,NULL,1392467542,'35991362173',1402003998,'::1','1'),('37620082484','Access Control','30642723443','display_all_records','Access_roles','Default','Default','undefined','undefined','undefined','undefined','35991362173','35991362173',1394618482,'35991362173',1394618482,'::1','1'),('37628636108','Functions - New Record','30630177178','create_new_record','functions','default','default','undefined','undefined','undefined','undefined','1300130013','35991362173',1394627036,'35991362173',1394627036,'::1','1'),('37628698200','Functions - Edit Record','30630177178','edit','functions','default','default','undefined','undefined','undefined','undefined','1300130013','35991362173',1394627098,'35991362173',1394627098,'::1','1'),('3762873466','Functions - Save Changes','30630177178','save','functions','default','default','undefined','undefined','undefined','undefined','1300130013','35991362173',1394627134,'35991362173',1394627134,'::1','1'),('39458050309','Categories','35469341329','display_all_records','categories','default','default','undefined','undefined','undefined','undefined','1300130013','35991362173',1396452850,'35991362173',1396737109,'::1','1'),('39633828467','Settings - Edit Record','30630177178','edit','appsettings','default','default','undefined','undefined','undefined','undefined','1300130013','35991362173',1396628628,'35991362173',1396628628,'::1','1'),('39633845310','Settings - Save Changes','30630177178','save','appsettings','default','default','undefined','undefined','undefined','undefined','1300130013','35991362173',1396628645,'35991362173',1396628645,'::1','1'),('39633943531','Users - Save Changes','30642723443','save','users','default','default','undefined','undefined','undefined','undefined','1300130013','35991362173',1396628743,'35991362173',1396629541,'::1','1'),('39633965120','Users - Edit Record','30642723443','edit','users','default','default','undefined','undefined','undefined','undefined','1300130013','35991362173',1396628765,'35991362173',1396629513,'::1','1'),('39633979337','Users - Delete Record','30642723443','delete','users','default','default','undefined','undefined','undefined','undefined','1300130013','35991362173',1396628779,'35991362173',1396629499,'::1','1'),('39633999558','Users - New Record','30642723443','create_new_record','users','default','default','undefined','undefined','undefined','undefined','1300130013','35991362173',1396628799,'35991362173',1396629484,'::1','1'),('39634051180','Access Control - New Record','30642723443','create_new_record','access_roles','default','default','undefined','undefined','undefined','undefined','1300130013','35991362173',1396628851,'35991362173',1396630784,'::1','1'),('39634061496','Access Control - Edit Record','30642723443','edit','access_roles','default','default','undefined','undefined','undefined','undefined','1300130013','35991362173',1396628861,'35991362173',1396630799,'::1','1'),('39634069265','Access Control - Delete Record','30642723443','delete','access_roles','default','default','undefined','undefined','undefined','undefined','1300130013','35991362173',1396628869,'35991362173',1396630811,'::1','1'),('39634080373','Access Control - Save Changes','30642723443','save','access_roles','default','default','undefined','undefined','undefined','undefined','1300130013','35991362173',1396628880,'35991362173',1396630898,'::1','1'),('39702157221','Excel Import - Users','30642723443','import_excel_table','users','default','default','undefined','undefined','undefined','undefined','1300130013','35991362173',1396696957,'35991362173',1396696957,'::1','1'),('3970770861','Modules - New Record','30630177178','create_new_record','modules','default','default','undefined','undefined','undefined','undefined','1300130013','35991362173',1396702508,'35991362173',1396702508,'::1','1'),('3970771896','Modules - Save Changes','30630177178','save','modules','default','default','undefined','undefined','undefined','undefined','1300130013','35991362173',1396702518,'35991362173',1396702518,'::1','1'),('39707728122','Modules - Edit Record','30630177178','edit','modules','default','default','undefined','undefined','undefined','undefined','1300130013','35991362173',1396702528,'35991362173',1396702528,'::1','1'),('397077379','Modules - Delete Record','30630177178','delete','modules','default','default','undefined','undefined','undefined','undefined','1300130013','35991362173',1396702537,'35991362173',1396702537,'::1','1'),('46903117532','All Files','46903041507','display_all_records','reports','default','default','undefined','undefined','undefined','undefined','1300130013','35991362173',1403897917,'35991362173',1403897917,'::1','1'),('46903168117','All Files - New Record','46903041507','create_new_record','reports','default','default','undefined','undefined','undefined','undefined','1300130013','35991362173',1403897968,'35991362173',1403897968,'::1','1'),('46903202154','All Files - Save Changes','46903041507','save','reports','default','default','undefined','undefined','undefined','undefined','1300130013','35991362173',1403898002,'35991362173',1403898002,'::1','1'),('46903231231','All Files - Delete Record','46903041507','delete','reports','default','default','undefined','undefined','undefined','undefined','1300130013','35991362173',1403898031,'35991362173',1403898031,'::1','1'),('46903250433','All Files - Edit Record','46903041507','edit','reports','default','default','undefined','undefined','undefined','undefined','1300130013','35991362173',1403898050,'35991362173',1403898050,'::1','1'),('49677391197','Notifications','35469341329','display_all_records','notifications','default','default','undefined','undefined','undefined','undefined','1300130013','35991362173',1406672191,'35991362173',1406672191,'::1','1'),('51901218162','General Settings','35469341329','display_all_records','general_settings','default','default','undefined','undefined','undefined','undefined','1300130013','35991362173',1408896018,'35991362173',1408896018,'::1','1'),('5571087574','Website Menu Manager','35469341329','display_all_records','website_menu','default','default','undefined','undefined','undefined','undefined','1300130013','35991362173',1412705576,'35991362173',1412705576,'::1','1'),('5578255927','Page Manager','1412705497','display_all_records','website_pages','default','default','undefined','undefined','undefined','undefined','','',0,'',1412777350,'::1','1'),('5578257247','Page Contents Manager','1412705497','display_all_records','website_page_content','default','default','undefined','undefined','undefined','undefined','','',0,'',1412777314,'::1','1'),('5580827028','Sidebar Manager','1412705497','display_all_records','website_sidebars','default','default','undefined','undefined','undefined','undefined','1300130013','35991362173',1412802971,'35991362173',1412802971,'::1','1'),('5581542914','Resource Library','1412705497','display_all_records','resource_library','default','default','undefined','undefined','undefined','undefined','1300130013','35991362173',1412810130,'35991362173',1412810130,'::1','1'),('6349460063','Registered Users - new record','30642723443','create_new_record','site_users','<p>Display all modules in a table</p>','none','undefined','undefined','undefined','undefined','1300130013','35991362173',1420492901,'35991362173',1420703783,'10.225.149.98','1'),('6363896218','Registered Users','30642723443','display_all_records','Site_users','<p>Display all modules in a table</p>','none','undefined','undefined','undefined','undefined','1300130013','35991362173',1420637263,'35991362173',1420705322,'10.225.149.98','1'),('6370505831','Registered Users - Edit','30642723443','edit','site_users','<p>Display all modules in a table</p>','none','undefined','undefined','undefined','undefined','1300130013','35991362173',1420703359,'35991362173',1420703359,'10.225.149.98','1'),('6370575929','Registered Users - Delete','30642723443','delete','site_users','<p>Display all modules in a table</p>','none','undefined','undefined','undefined','undefined','1300130013','35991362173',1420704060,'35991362173',1420704060,'10.225.149.98','1'),('6370760545','Registered Users - Trash','39707779336','display_deleted_records','Site_users','<p>Display all modules in a table</p>','none','undefined','undefined','undefined','undefined','1300130013','35991362173',1420705906,'35991362173',1420705906,'10.225.149.98','1'),('6370769212','Registered Users - Save Changes','30642723443','save','site_users','<p>Display all modules in a table</p>','none','undefined','undefined','undefined','undefined','1300130013','35991362173',1420705993,'35991362173',1420706142,'10.225.149.98','1'),('6370805053','Access Control - Trash','39707779336','display_deleted_records','access_roles','default','default','undefined','undefined','undefined','undefined','1300130013','35991362173',1420706351,'35991362173',1420706351,'10.225.149.98','1'),('6370877239','All Files - Trash','39707779336','display_deleted_records','reports','default','default','undefined','undefined','undefined','undefined','1300130013','35991362173',1420707073,'35991362173',1420707073,'10.225.149.98','1'),('6372780446','Users','30642723443','display_all_record','users','default','default','undefined','undefined','undefined','undefined','1300130013','35991362173',1420726105,'35991362173',1425653096,'10.225.149.98','0'),('6997571677','Scheduled Visits','30630177178','display_all_records','visit_schedule','default','default','undefined','undefined','undefined','undefined','1300130013','35991362173',1426887617,'35991362173',1426887617,'::1','1'),('6997573066','Scheduled Visits - New Record','30630177178','create_new_record','visit_schedule','default','default','undefined','undefined','undefined','undefined','1300130013','35991362173',1426887631,'35991362173',1426887681,'::1','1'),('6997574563','Scheduled Visits - Edit Record','30630177178','edit','visit_schedule','default','default','undefined','undefined','undefined','undefined','1300130013','35991362173',1426887646,'35991362173',1426887646,'::1','1'),('6997575644','Scheduled Visits - Save Changes','30630177178','save','visit_schedule','default','default','undefined','undefined','undefined','undefined','1300130013','35991362173',1426887657,'35991362173',1426887657,'::1','1'),('6997576430','Scheduled Visits - Delete Record','30630177178','delete','visit_schedule','default','default','undefined','undefined','undefined','undefined','1300130013','35991362173',1426887665,'35991362173',1426887665,'::1','1'),('7356660415','Visits Log','30630177178','display_all_records','entry_exit_log','default','default','undefined','undefined','undefined','undefined','1300130013','35991362173',1430478505,'35991362173',1430478505,'::1','1'),('7367463812','Divisions','55397966443','display_all_records','division','default','default','undefined','undefined','undefined','undefined',NULL,NULL,1430586539,NULL,1430586539,'::1','1'),('7367528444','Departments','55397966443','display_all_records','departments','default','default','undefined','undefined','undefined','undefined','1300130013','35991362173',1430587185,'35991362173',1430587185,'::1','1'),('7367529560','Units','55397966443','display_all_records','units','default','default','undefined','undefined','undefined','undefined','1300130013','35991362173',1430587196,'35991362173',1430587196,'::1','1'),('7367530831','Job Roles','55397966443','display_all_records','job_roles','default','default','undefined','undefined','undefined','undefined','1300130013','35991362173',1430587209,'35991362173',1430587209,'::1','1'),('7367532773','Branch Offices','55397966443','display_all_records','branch_offices','default','default','undefined','undefined','undefined','undefined','1300130013','35991362173',1430587228,'35991362173',1430587228,'::1','1'),('7813084664','Complaints Sub-Menu','6993102827','display_all_records','complaints','default','default','undefined','undefined','undefined','undefined','1300130013','35991362173',1435042747,'35991362173',1435042747,'::1','1'),('7813115845','Complaints - New Record','6993102827','create_new_record','complaints','default','default','undefined','undefined','undefined','undefined','1300130013','35991362173',1435043059,'35991362173',1435043059,'::1','1'),('7813117673','Complaints - Edit Record','6993102827','edit','complaints','default','default','undefined','undefined','undefined','undefined','1300130013','35991362173',1435043077,'35991362173',1435043077,'::1','1'),('7813118914','Complaints - Delete Record','6993102827','delete','complaints','default','default','undefined','undefined','undefined','undefined','1300130013','35991362173',1435043090,'35991362173',1435043090,'::1','1'),('7813120452','Complaints - Save Changes','6993102827','save','complaints','default','default','undefined','undefined','undefined','undefined','1300130013','35991362173',1435043105,'35991362173',1435043105,'::1','1'),('7886301618','Medical Records','30630177178','display_all_records','medical_records','assa','asa','undefined','undefined','undefined','undefined','1300130013','35991362173',1435774917,'35991362173',1440332930,'::1','0'),('7886341344','My Angus','30642723443','my_angus','medical_records','Default','Default','undefined','undefined','undefined','undefined','1300130013','35991362173',1435775314,'35991362173',1440332909,'::1','0');
/*!40000 ALTER TABLE `functions` ENABLE KEYS */;
UNLOCK TABLES;

--
-- Table structure for table `general_settings`
--

DROP TABLE IF EXISTS `general_settings`;
/*!40101 SET @saved_cs_client     = @@character_set_client */;
/*!40101 SET character_set_client = utf8 */;
CREATE TABLE `general_settings` (
  `id` varchar(33) DEFAULT NULL,
  `general_settings001` varchar(200) DEFAULT NULL,
  `general_settings002` varchar(6000) DEFAULT NULL,
  `general_settings003` varchar(6000) DEFAULT NULL,
  `general_settings004` varchar(200) DEFAULT NULL,
  `general_settings005` varchar(200) DEFAULT NULL,
  `general_settings006` varchar(400) DEFAULT NULL,
  `general_settings007` int(11) DEFAULT NULL,
  `general_settings008` int(11) DEFAULT NULL,
  `general_settings009` varchar(400) DEFAULT NULL,
  `general_settings010` varchar(400) DEFAULT NULL,
  `serial_num` int(11) NOT NULL AUTO_INCREMENT,
  `creator_role` varchar(200) DEFAULT NULL,
  `created_by` varchar(200) DEFAULT NULL,
  `creation_date` int(11) DEFAULT NULL,
  `modified_by` varchar(200) DEFAULT NULL,
  `modification_date` int(11) DEFAULT NULL,
  `ip_address` varchar(200) DEFAULT NULL,
  `record_status` varchar(100) DEFAULT NULL,
  PRIMARY KEY (`serial_num`),
  UNIQUE KEY `id` (`id`)
) ENGINE=InnoDB AUTO_INCREMENT=32 DEFAULT CHARSET=latin1;
/*!40101 SET character_set_client = @saved_cs_client */;

--
-- Dumping data for table `general_settings`
--

LOCK TABLES `general_settings` WRITE;
/*!40000 ALTER TABLE `general_settings` DISABLE KEYS */;
INSERT INTO `general_settings` VALUES ('54959045453','STORE SUBSCRIPTION VALIDITY PERIOD DURATION','1','Units set as store subscription validity period, could be number of days, months or years\r\n\r\nAccepted Values: Positive integers numbers','number','store_subscription','default',0,0,'undefined','undefined',29,'','',0,'35991362173',1412226523,'::1','1'),('54959117464','STORE SUBSCRIPTION VALIDITY PERIOD DURATION UNIT','day','Unit of time for store subscription validity period\r\n\r\nAccepted Values: day | month | year','text','store_subscription','default',0,0,'undefined','undefined',30,'','',0,'35991362173',1412226589,'::1','1'),('54959218154','STORE SUBSCRIPTION VALIDITY PERIOD DURATION MAXIMUM MULTIPLES','2','Multiples of store subscription validity period that users can pay for at once\r\n\r\nAccepted Values: Positive integers numbers','number','store_subscription','default',0,0,'undefined','undefined',31,'','',0,'35991362173',1412226615,'::1','1');
/*!40000 ALTER TABLE `general_settings` ENABLE KEYS */;
UNLOCK TABLES;

--
-- Table structure for table `inventory`
--

DROP TABLE IF EXISTS `inventory`;
/*!40101 SET @saved_cs_client     = @@character_set_client */;
/*!40101 SET character_set_client = utf8 */;
CREATE TABLE `inventory` (
  `id` varchar(33) DEFAULT NULL,
  `inventory001` int(11) DEFAULT NULL,
  `inventory002` varchar(200) DEFAULT NULL,
  `inventory003` varchar(200) DEFAULT NULL,
  `inventory004` varchar(200) DEFAULT NULL,
  `inventory005` int(11) NOT NULL,
  `inventory006` float NOT NULL,
  `inventory007` float NOT NULL,
  `inventory008` int(11) NOT NULL,
  `inventory010` varchar(50) NOT NULL,
  `inventory011` varchar(200) NOT NULL,
  `inventory012` varchar(200) NOT NULL,
  `inventory009` varchar(200) NOT NULL,
  `serial_num` int(11) NOT NULL AUTO_INCREMENT,
  `creator_role` varchar(200) DEFAULT NULL,
  `created_by` varchar(200) DEFAULT NULL,
  `creation_date` int(11) DEFAULT NULL,
  `modified_by` varchar(200) DEFAULT NULL,
  `modification_date` int(11) DEFAULT NULL,
  `ip_address` varchar(200) DEFAULT NULL,
  `device_id` varchar(100) DEFAULT NULL,
  `record_status` varchar(1) DEFAULT NULL,
  PRIMARY KEY (`serial_num`),
  UNIQUE KEY `id` (`id`)
) ENGINE=InnoDB AUTO_INCREMENT=224 DEFAULT CHARSET=latin1;
/*!40101 SET character_set_client = @saved_cs_client */;

--
-- Dumping data for table `inventory`
--

LOCK TABLES `inventory` WRITE;
/*!40000 ALTER TABLE `inventory` DISABLE KEYS */;
INSERT INTO `inventory` VALUES ('10388269333',1460847600,'10172955431','10173870046','10151916155',1,5000,7000,0,'','','','',74,'system','35991362173',1460880994,'7367611442',1462307547,'192.168.56.1','undefined','0'),('10388311536',1460847600,'9622170974','10173870046','10151991850',1,3000,3800,0,'','','','',75,'system','35991362173',1460881416,'7367611442',1462307260,'192.168.56.1','undefined','0'),('10388317134',1460847600,'10172955431','10173870046','10137792271',3,1000,1980,0,'','','','',76,'system','35991362173',1460881472,'7367611442',1462305665,'192.168.56.1','undefined','0'),('10388317957',1460847600,'10172955431','10173870046','10151916155',2,5000,7000,0,'','','','',77,'system','35991362173',1460881480,'7367611442',1462307544,'192.168.56.1','undefined','0'),('10388318729',1460847600,'9622170974','10173870046','10151991850',2,2000,3800,0,'','','','',78,'system','35991362173',1460881488,'7367611442',1462307226,'192.168.56.1','undefined','0'),('10388392333',1460847600,'9622696777','10173870046','10277588540',5,1500,1500,0,'','10173241557','complete','',79,'1300130013','35991362173',1460882224,'7367611442',1462307088,'192.168.56.1','undefined','0'),('103884002331',1460847600,'9622696777','10173870046','10137792271',1,0,1980,0,'10388400231','10173241557','complete','',80,'','35991362173',1460882303,'7367611442',1462305662,'192.168.56.1','','0'),('103884002332',1460847600,'9622696777','10173870046','10151916155',1,0,7000,0,'10388400231','10173241557','complete','',81,'','35991362173',1460882303,'7367611442',1462307537,'192.168.56.1','','0'),('103884182331',1460882483,'','10173870046','10151991850',1,0,3800,0,'10388418231','','in-progress','',82,'','35991362173',1460882483,'7367611442',1462307206,'192.168.56.1','','0'),('103884182332',1460882483,'','10173870046','10151916155',1,0,7000,0,'10388418231','','in-progress','',83,'','35991362173',1460882483,'7367611442',1462307528,'192.168.56.1','','0'),('10390646770',1460847600,'10172955431','10173870046','10137792271',4,1000,1980,0,'','','','',84,'system','35991362173',1460904768,'7367611442',1462305659,'192.168.56.1','undefined','0'),('10390907957',1460847600,'9622696777','10173870046','10390819245',1,0,1000,0,'','10173241557','complete','',85,'1300130013','35991362173',1460907380,'35991362173',1462308532,'192.168.56.1','undefined','0'),('10390914963',1460847600,'9622696777','10173870046','10390797944',1,0,500,0,'','10173241557','complete','',86,'1300130013','35991362173',1460907450,'35991362173',1462308532,'192.168.56.1','undefined','0'),('10391346852',1460847600,'9622696777','10173870046','10390797944',1,0,700,0,'','','','',87,'system','35991362173',1460911769,'35991362173',1462308532,'192.168.56.1','undefined','0'),('10391372857',1460847600,'9622696777','10173870046','10390797944',2,0,600,0,'','','','',88,'system','35991362173',1460912029,'35991362173',1462308532,'192.168.56.1','undefined','0'),('10391947179',1460847600,'10172955431','10173870046','10151916155',5,5000,7000,0,'','','','',89,'system','35991362173',1460917772,'7367611442',1462307535,'192.168.56.1','undefined','0'),('10391951618',1460847600,'10172955431','10173870046','10151916155',10,5000,7000,0,'','','','',90,'system','35991362173',1460917817,'7367611442',1462307533,'192.168.56.1','undefined','0'),('10391976221',1460847600,'10172955431','10173870046','10151916155',20,5000,7000,0,'','','','',91,'system','35991362173',1460918063,'7367611442',1462307531,'192.168.56.1','undefined','0'),('10392001471',1460847600,'10172955431','10173870046','10151916155',40,5000,7000,0,'','','','',92,'system','35991362173',1460918315,'35991362173',1460919715,'192.168.56.1','undefined','0'),('10392006724',1460847600,'10172955431','10173870046','10151916155',80,5000,7000,0,'','','','',93,'system','35991362173',1460918368,'35991362173',1460919569,'192.168.56.1','undefined','0'),('10392022725',1460847600,'10172955431','10173870046','10151916155',160,5000,7000,0,'','','','',94,'system','35991362173',1460918528,'35991362173',1460919555,'192.168.56.1','undefined','0'),('10392032927',1460847600,'10172955431','10173870046','10151916155',320,5000,7000,0,'','','','',95,'system','35991362173',1460918630,'35991362173',1460919548,'192.168.56.1','undefined','0'),('10392040941',1460847600,'10172955431','10173870046','10151916155',640,5000,7000,0,'','','','',96,'system','35991362173',1460918709,'35991362173',1460919537,'192.168.56.1','undefined','0'),('10392041419',1460847600,'10172955431','10173870046','10151916155',1280,5000,7000,0,'','','','',97,'system','35991362173',1460918715,'35991362173',1460919524,'192.168.56.1','undefined','0'),('10392041761',1460847600,'9622170974','10173870046','10151991850',4,3000,3800,0,'','','','',98,'system','35991362173',1460918718,'7367611442',1462307224,'192.168.56.1','undefined','0'),('10392046277',1460847600,'10172955431','10173870046','10151916155',2560,5000,7000,0,'','','','',99,'system','35991362173',1460918763,'35991362173',1460919517,'192.168.56.1','undefined','0'),('10392051627',1460847600,'9622170974','10173870046','10151991850',8,3000,3800,0,'','','','',100,'system','35991362173',1460918817,'7367611442',1462307220,'192.168.56.1','undefined','0'),('10392068476',1460847600,'9622170974','10173870046','10151991850',16,3000,3800,0,'','','','',101,'system','35991362173',1460918985,'7367611442',1462307219,'192.168.56.1','undefined','0'),('10392106614',1460847600,'9622170974','10173870046','10151991850',32,3000,3800,0,'','','','',102,'system','35991362173',1460919367,'35991362173',1460919724,'192.168.56.1','undefined','0'),('10392128015',1460847600,'9622170974','10173870046','10151991850',64,3000,3800,0,'','','','',103,'system','35991362173',1460919581,'35991362173',1460919708,'192.168.56.1','undefined','0'),('10392482835',1460847600,'10172955431','10173870046','10390819245',1,0,3800,0,'','10173241557','complete','',104,'system','35991362173',1460923129,'35991362173',1462308532,'192.168.56.1','undefined','0'),('10392652313',1460847600,'9622170974','10173870046','10151991850',1,3000,3800,0,'','','','',105,'system','35991362173',1460924824,'7367611442',1462307217,'192.168.56.1','undefined','0'),('10406127644',1461020400,'9622696777','10173870046','10277588540',6,1500,1500,0,'','','','',106,'system',NULL,1461059577,'7367611442',1462307090,'192.168.56.1','undefined','0'),('10406128475',1461020400,'9622696777','10173870046','10390797944',4,0,500,0,'','','','',107,'system',NULL,1461059585,'35991362173',1462308532,'192.168.56.1','undefined','0'),('10406130639',1461020400,'10172955431','10173870046','10406125849',10,3500,4800,0,'','','','',108,'system',NULL,1461059607,'7367611442',1462307448,'192.168.56.1','undefined','0'),('10406374968',1461020400,'','10173870046','10406374967',1,0,0,0,'','35991362173','complete','New item created',109,'system','35991362173',1461062050,'35991362173',1461062105,'192.168.56.1','undefined','0'),('10406382869',1461020400,'','10173870046','10406382741',1,0,0,0,'','35991362173','complete','New item created',110,'system','35991362173',1461062129,'7367611442',1462307850,'192.168.56.1','undefined','0'),('10407297633',1461020400,'9622696777','10173870046','10277588540',11,1500,1700,0,'','','','',111,'system','35991362173',1461071277,'7367611442',1462307092,'192.168.56.1','undefined','0'),('104076014281',1461074315,'','10173870046','10151991850',1,0,3800,0,'10407601426','','in-progress','',112,'','35991362173',1461074315,'7367611442',1462307203,'192.168.56.1','','0'),('104076014282',1461074315,'','10173870046','10406125849',1,0,4800,0,'10407601426','','in-progress','',113,'','35991362173',1461074315,'7367611442',1462307446,'192.168.56.1','','0'),('104076167801',1461074468,'','10173870046','10151991850',1,0,3800,0,'10407616778','','in-progress','',114,'','35991362173',1461074468,'7367611442',1462307198,'192.168.56.1','','0'),('104076167802',1461074468,'','10173870046','10406125849',1,0,4800,0,'10407616778','','in-progress','',115,'','35991362173',1461074468,'7367611442',1462307444,'192.168.56.1','','0'),('104086824341',1461081525,'','10173870046','10390819245',1,0,3800,0,'10408682432','','in-progress','',116,'','35991362173',1461081525,'35991362173',1462308532,'::1','','0'),('10410781154',1461016800,'9622170974','10173870046','10406382741',5,4500,7500,0,'','','','',117,'system','35991362173',1461102512,'7367611442',1462307852,'::1','undefined','0'),('104262291421',1461256992,'','10173870046','10151991850',1,0,3800,0,'10426229039','','in-progress','',118,'','35991362173',1461256992,'7367611442',1462307191,'::1','','0'),('104262291422',1461256992,'','10173870046','10406125849',1,0,4800,0,'10426229039','','in-progress','',119,'','35991362173',1461256992,'7367611442',1462307441,'::1','','0'),('104262291423',1461256992,'','10173870046','10406382741',1,0,7500,0,'10426229039','','in-progress','',120,'','35991362173',1461256992,'7367611442',1462307847,'::1','','0'),('104262291424',1461256992,'','10173870046','10137792271',1,0,1980,0,'10426229039','','in-progress','',121,'','35991362173',1461256992,'7367611442',1462305657,'::1','','0'),('10452728633',1461448800,'10172955431','10173870046','10406125849',4,2500,4800,0,'','','','',122,'system','35991362173',1461521987,'35991362173',1462230811,'::1','undefined','0'),('104527394371',1461522095,'','10173870046','10151991850',1,0,3800,0,'10452739435','','in-progress','',123,'','35991362173',1461522095,'7367611442',1462307189,'::1','','0'),('104527394372',1461522095,'','10173870046','10406125849',1,0,4800,0,'10452739435','','in-progress','',124,'','35991362173',1461522095,'7367611442',1462307439,'::1','','0'),('104595127221',1461589828,'','10173870046','10151991850',2,0,3800,0,'10459512720','','in-progress','',125,'','35991362173',1461589828,'35991362173',1462229693,'::1','','0'),('10462393864',1461535200,'9622696777','10173870046','10277588540',2,5000,6800,0,'','','','',126,'system','35991362173',1461618639,'7367611442',1462307094,'::1','undefined','0'),('10462439039',1461535200,'9622170974','10173870046','10151991850',1,7500,8200,0,'','','','',127,'system','35991362173',1461619091,'7367611442',1462307183,'::1','undefined','0'),('10462457032',1461535200,'9622170974','10173870046','10151991850',4,7500,8200,0,'','','','',128,'system','35991362173',1461619271,'7367611442',1462307181,'::1','undefined','0'),('10462591251',1461535200,'10172955431','10173870046','10406125849',1,2000,3000,0,'','','','',129,'system','35991362173',1461620613,'7367611442',1462307437,'::1','undefined','0'),('10462603166',1461535200,'10172955431','10173870046','10151916155',1,4000,6000,0,'','','','',130,'system','35991362173',1461620732,'35991362173',1461620732,'::1','undefined','1'),('10462617973',1461535200,'9622696777','10173870046','10390797944',8,0,500,0,'','','','',131,'system','35991362173',1461620880,'35991362173',1462308544,'::1','undefined','0'),('10462618715',1461535200,'9622696777','10173870046','10390819245',3,0,1000,0,'','','','',132,'system','35991362173',1461620888,'35991362173',1462308544,'::1','undefined','0'),('10462631622',1461535200,'','10173870046','10462631560',0,0,0,0,'','35991362173','complete','New item created',133,'system','35991362173',1461621017,'7367611442',1462306978,'::1','undefined','0'),('10462634163',1461535200,'10172955431','10173870046','10462631560',10,2500,0,0,'','','','',134,'system','35991362173',1461621042,'7367611442',1462306980,'::1','undefined','0'),('10462650355',1461535200,'10172955431','10173870046','10462631560',2,2400,0,0,'','','','',135,'system','35991362173',1461621204,'7367611442',1462306982,'::1','undefined','0'),('10462702930',1461621600,'10172955431','10173870046','10462631560',1,2500,0,0,'','','','',136,'system','35991362173',1461621730,'7367611442',1462306985,'::1','undefined','0'),('104630086551',1461624787,'','10173870046','10151991850',8,0,8200,0,'10463008653','','in-progress','',137,'','35991362173',1461624787,'35991362173',1462229689,'::1','','0'),('104630086552',1461624787,'','10173870046','10406382741',1,0,0,0,'10463008653','','in-progress','',138,'','35991362173',1461624787,'7367611442',1462307842,'::1','','0'),('104630086553',1461624787,'','10173870046','10137792271',1,0,0,0,'10463008653','','in-progress','',139,'','35991362173',1461624787,'7367611442',1462305654,'::1','','0'),('10494270722',1461880800,'10172955431','10173870046','10151991850',3,7500,8200,0,'','','','',140,'system','35991362173',1461937408,'7367611442',1462307178,'::1','undefined','0'),('10494274335',1461880800,'10172955431','10173870046','10406125849',3,2000,3000,0,'','','','',141,'system','35991362173',1461937444,'7367611442',1462307435,'::1','undefined','0'),('10506634679',1462053600,'10172955431','10173870046','10277588540',1,5000,6800,0,'','','','',142,'system','35991362173',1462061047,'7367611442',1462307097,'::1','undefined','0'),('10506636437',1462053600,'10172955431','10173870046','10277588540',1,5000,6800,0,'','','','',143,'system','35991362173',1462061065,'7367611442',1462307099,'::1','undefined','0'),('10506636958',1462053600,'10172955431','10173870046','10277588540',1,5000,6800,0,'','','','',144,'system','35991362173',1462061070,'7367611442',1462307101,'::1','undefined','0'),('10506651070',1462053600,'10172955431','10173870046','10277588540',1,5000,6800,0,'','','','',145,'system','35991362173',1462061211,'7367611442',1462307103,'::1','undefined','0'),('10506653675',1462053600,'10172955431','10173870046','10277588540',1,5000,6800,0,'','','','',146,'system','35991362173',1462061237,'35991362173',1462229855,'::1','undefined','0'),('10506654148',1462053600,'10172955431','10173870046','10277588540',1,5000,6800,0,'','','','',147,'system','35991362173',1462061242,'7367611442',1462307105,'::1','undefined','0'),('10518794263',1462182643,'10172955431','10173870046','10462631560',1,2500,0,0,'','','','',148,'system','35991362173',1462182643,'35991362173',1462229672,'::1','undefined','0'),('105223820141',1462218521,'','10173870046','10151991850',1,0,8200,0,'10522381972','','in-progress','',149,'','35991362173',1462218521,'7367611442',1462307176,'::1','','0'),('105223820142',1462218521,'','10173870046','10406125849',1,0,3000,0,'10522381972','','in-progress','',150,'','35991362173',1462218521,'35991362173',1462230804,'::1','','0'),('10522600333',1462220704,'10172955431','10173870046','10462631560',2,2500,0,0,'','','','',151,'system','35991362173',1462220704,'7367611442',1462306987,'::1','undefined','0'),('10522947432',1462224175,'10172955431','10173870046','10462631560',2,2500,0,0,'','','','',152,'system','35991362173',1462224175,'35991362173',1462224175,'::1','undefined','1'),('10522955424',1462224255,'10172955431','10173870046','10462631560',2,2500,0,0,'','','','',153,'system','35991362173',1462224255,'35991362173',1462229496,'::1','undefined','0'),('10522961626',1462224317,'10172955431','10173870046','10462631560',1,2500,0,0,'','','','',154,'system','35991362173',1462224317,'35991362173',1462229343,'::1','undefined','0'),('10522986557',1462224566,'10172955431','10173870046','10406125849',1,2000,3000,0,'','','','',155,'system','35991362173',1462224566,'35991362173',1462224566,'::1','undefined','1'),('10522994921',1462224650,'10172955431','10173870046','10406125849',1,2000,3000,0,'','','','',156,'system','35991362173',1462224650,'35991362173',1462229732,'::1','undefined','0'),('10522996128',1462224662,'10172955431','10173870046','10406125849',1,2000,3000,0,'','','','',157,'system','35991362173',1462224662,'35991362173',1462229728,'::1','undefined','0'),('10523001228',1462224713,'9622170974','10173870046','10137792271',7,4000,5000,0,'','','','',158,'system','35991362173',1462224713,'7367611442',1462305651,'::1','undefined','0'),('10523005958',1462224760,'10172955431','10173870046','10462631560',2,2500,0,0,'','','','',159,'system','35991362173',1462224760,'35991362173',1462229229,'::1','undefined','0'),('10523020314',1462224904,'10172955431','10173870046','10462631560',1,2500,0,0,'','','','',160,'system','35991362173',1462224904,'35991362173',1462228164,'::1','undefined','0'),('10531093143',1462305632,'9622170974','10173870046','10137792271',1,230,250,0,'','','','',161,'system','7367611442',1462305632,'7367611442',1462306846,'::1','undefined','0'),('10531142114',1462308600,'9622170974','10173870046','10137792271',0,230,250,0,'','10173241557','complete','',162,'system','7367611442',1462306122,'35991362173',1462308600,'::1','undefined','1'),('10531174859',1462306449,'10172955431','10173870046','10277588540',10,5000,6800,0,'','','','',163,'system','7367611442',1462306449,'7367611442',1462307109,'::1','undefined','0'),('10531238126',1462307082,'9622696777','10173870046','10277588540',3,800,6800,0,'','','','',164,'system','7367611442',1462307082,'7367611442',1462307082,'::1','undefined','1'),('10531246826',1462307169,'10172955431','10173870046','10151991850',4,500,8200,0,'','','','',165,'system','7367611442',1462307169,'7367611442',1462307169,'::1','undefined','1'),('10531313267',1462307833,'10172955431','10173870046','10406382741',8,200,0,0,'','','','',166,'system','7367611442',1462307833,'7367611442',1462307833,'::1','undefined','1'),('10531322658',1462307927,'','10173870046','10531322657',0,0,0,0,'','7367611442','complete','New item created',167,'system','7367611442',1462307927,'7367611442',1462307927,'::1','undefined','1'),('10531339848',1462308099,'9622696777','10173870046','10531322657',10,800,0,0,'','','','',168,'system','7367611442',1462308099,'7367611442',1462308099,'::1','undefined','1'),('10531340952',1462308110,'10172955431','10173870046','10406125849',10,2000,3000,0,'','','','',169,'system','7367611442',1462308110,'7367611442',1462308110,'::1','undefined','1'),('10531341514',1462308116,'9622696777','10173870046','10277588540',30,800,6800,0,'','','','',170,'system','7367611442',1462308116,'7367611442',1462308116,'::1','undefined','1'),('10531343061',1462308131,'10172955431','10173870046','10462631560',20,2500,0,0,'','','','',171,'system','7367611442',1462308131,'7367611442',1462308131,'::1','undefined','1'),('10531344452',1462308145,'10172955431','10173870046','10151991850',40,600,8200,0,'','','','',172,'system','7367611442',1462308145,'7367611442',1462308145,'::1','undefined','1'),('10531348364',1462308184,'9622170974','10173870046','10151916155',10,4000,6000,0,'','','','',173,'system','7367611442',1462308184,'7367611442',1462308184,'::1','undefined','1'),('10531349313',1462308194,'10172955431','10173870046','10406382741',80,200,0,0,'','','','',174,'system','7367611442',1462308194,'7367611442',1462308194,'::1','undefined','1'),('105315315631',1462310016,'','10173870046','10137792271',400,0,250,0,'10531531416','','complete','',175,'','7367611442',1462310016,'7367611442',1462310016,'::1','','1'),('105808045671',1462802746,'','10173870046','10137792271',2,0,250,0,'10580804466','10173241557','complete','Production of Sliced Bread',176,'','35991362173',1462802746,'35991362173',2147483647,'::1','','1'),('10588704445',1462881745,'','10173870046','10588704444',0,0,0,0,'','35991362173','complete','New item created',177,'system','35991362173',1462881745,'35991362173',1462884823,'::1','undefined','0'),('10588706439',1462881765,'9622696777','10173870046','10588704444',10,25000,45000,0,'','','','',178,'system','35991362173',1462881765,'35991362173',1462884823,'::1','undefined','0'),('10588711850',1462881819,'','','10588711849',0,0,0,0,'','35991362173','complete','New item created',179,'system','35991362173',1462881819,'35991362173',1462884823,'::1','undefined','0'),('10588713364',1462881834,'9622696777','10173870046','10588704444',1,35000,55000,0,'','','','',180,'system','35991362173',1462881834,'35991362173',1462884823,'::1','undefined','0'),('10588716029',1462881861,'9622696777','10173870046','10588711849',15,25000,45000,0,'','','','',181,'system','35991362173',1462881861,'35991362173',1462884823,'::1','undefined','0'),('10589019352',1462884894,'','10173870046','10589019250',0,0,0,0,'','35991362173','complete','New item created',182,'system','35991362173',1462884894,'35991362173',1462885480,'::1','undefined','0'),('10589054074',1462885241,'9622696777','10173870046','10589019250',13,33000,45000,0,'','','','',183,'system','35991362173',1462885241,'35991362173',1462885480,'::1','undefined','0'),('10589057810',1462885279,'','10173870046','10589057752',0,0,0,0,'','35991362173','complete','New item created',184,'system','35991362173',1462885279,'35991362173',1462885480,'::1','undefined','0'),('10589085617',1462885557,'','10173870046','10589085573',0,0,0,0,'','35991362173','complete','New item created',185,'system','35991362173',1462885557,'35991362173',1462885717,'::1','undefined','0'),('10589103967',1462885740,'','10173870046','10589103966',0,0,0,0,'','35991362173','complete','New item created',186,'system','35991362173',1462885740,'35991362173',1462885755,'::1','undefined','0'),('10589115755',1462885858,'','10173870046','10589115618',0,0,0,0,'','35991362173','complete','New item created',187,'system','35991362173',1462885858,'35991362173',1462885858,'::1','undefined','1'),('10589118168',1462799482,'9622696777','10173870046','10589115618',14,35000,45000,0,'','','','',188,'system','35991362173',1462885882,'35991362173',1462885882,'::1','undefined','1'),('10589120952',1462885910,'','10173870046','10589120728',0,0,0,0,'','35991362173','complete','New item created',189,'system','35991362173',1462885910,'35991362173',1462885910,'::1','undefined','1'),('10589123031',1462885931,'9622696777','10173870046','10589120728',11,33000,52000,0,'','','','',190,'system','35991362173',1462885931,'35991362173',1462885931,'::1','undefined','1'),('10589130648',1462886007,'','10173870046','10589130547',0,0,0,0,'','35991362173','complete','New item created',191,'system','35991362173',1462886007,'35991362173',1462886007,'::1','undefined','1'),('10589139430',1462886095,'9622696777','10173870046','10589130547',17,25000,40000,0,'','','','',192,'system','35991362173',1462886095,'35991362173',1462886095,'::1','undefined','1'),('10589146571',1462886166,'','10173870046','10589146449',0,0,0,0,'','35991362173','complete','New item created',193,'system','35991362173',1462886166,'35991362173',1462886166,'::1','undefined','1'),('10589148554',1462799786,'9622696777','10173870046','10589146449',7,5000,10000,0,'','','','',194,'system','35991362173',1462886186,'35991362173',1462886186,'::1','undefined','1'),('10589149175',1462799792,'9622696777','10173870046','10589146449',1,5000,10000,0,'','','','',195,'system','35991362173',1462886192,'35991362173',1462886201,'::1','undefined','0'),('10591177664',1462906477,'','10173870046','10591177663',0,0,0,0,'','35991362173','complete','New item created',196,'system','35991362173',1462906477,'35991362173',1462906477,'::1','undefined','1'),('10591251720',1462907218,NULL,'10173870046','10591177663',1,0,500,0,'','','','',197,'system','35991362173',1462907218,'35991362173',1462907493,'::1','undefined','0'),('10591261018',1462907311,NULL,'10173870046','10591177663',1,0,500,0,'','','','',198,'system','35991362173',1462907311,'35991362173',1462907495,'::1','undefined','0'),('10591262419',1462907325,NULL,'10173870046','10591177663',1,0,500,0,'','','','',199,'system','35991362173',1462907325,'35991362173',1462907497,'::1','undefined','0'),('10591280313',1462907504,NULL,'10173870046','10591177663',0,0,500,0,'','','','',200,'system','35991362173',1462907504,'35991362173',1462907838,'::1','undefined','0'),('10591281259',1462907513,NULL,'10173870046','10591177663',0,0,500,0,'','','','',201,'system','35991362173',1462907513,'35991362173',1462907837,'::1','undefined','0'),('10591281352',1462907514,NULL,'10173870046','10591177663',0,0,500,0,'','','','',202,'system','35991362173',1462907514,'35991362173',1462907835,'::1','undefined','0'),('10591281617',1462907517,NULL,'10173870046','10591177663',0,0,500,0,'','','','',203,'system','35991362173',1462907517,'35991362173',1462907832,'::1','undefined','0'),('10591290766',1462907608,NULL,'10173870046','10591177663',0,0,500,0,'','','','',204,'system','35991362173',1462907608,'35991362173',1462907830,'::1','undefined','0'),('10591291646',1462907617,NULL,'10173870046','10591177663',0,0,500,0,'','','','',205,'system','35991362173',1462907617,'35991362173',1462907828,'::1','undefined','0'),('10591312225',1462907823,NULL,'10173870046','10591177663',0,0,500,0,'','','','',206,'system','35991362173',1462907823,'35991362173',1462907841,'::1','undefined','0'),('105942157541',1462936858,'','10173870046','10591177663',10,0,500,1467256858,'10594215752','','complete','',207,'','35991362173',1462936858,'35991362173',1462936858,'::1','','1'),('10594381120',1462938512,'10172955431','10173870046','10406125849',10,2000,3000,0,'','','','',208,'system','35991362173',1462938512,'35991362173',1462938512,'::1','undefined','1'),('106064229581',1463058930,'','10173870046','10591177663',30,0,500,0,'10606422956','','in-progress','Produced Items',209,'','35991362173',1463058930,'35991362173',1463058930,'::1','','1'),('106065905141',1463060606,'10530004163','10173870046','10591177663',30,0,500,1466603006,'10606590453','7367611442','complete','Produced Items',210,'','35991362173',1463060606,'35991362173',1463060606,'::1','','1'),('106065977451',1463060678,'10529961756','10173870046','10591177663',5,0,500,1467294278,'10606597743','10173241557','complete','Produced Items',211,'','35991362173',1463060678,'35991362173',2147483647,'::1','','0'),('10606775259',1463062453,'','10173870046','10606775258',0,0,0,0,'','35991362173','complete','New item created',212,'system','35991362173',1463062453,'35991362173',1463062453,'::1','undefined','1'),('10606776642',1462889667,NULL,'10173870046','10606775258',1,0,5000,0,'','','','',213,'system','35991362173',1463062467,'35991362173',1463062467,'::1','undefined','1'),('106217666331',1463212367,'10530004163','10173870046','10591177663',10,0,500,1464681167,'10621766550','','in-progress','Produced Items',214,'','35991362173',1463212367,'35991362173',2147483647,'::1','','0'),('106223171501',1463217872,'10172955431','10173870046','10591177663',50,248,500,1465032272,'10622317148','7367611442','in-progress','Produced Items',215,'','35991362173',1463217872,'35991362173',1463217872,'::1','','1'),('10676679367',1463761494,'','10173870046','10676679366',0,0,0,0,'','35991362173','complete','New item created',216,'system','35991362173',1463761494,'35991362173',1463761494,'::1','undefined','1'),('10676682740',1463761528,'','10173870046','10676682739',0,0,0,0,'','35991362173','complete','New item created',217,'system','35991362173',1463761528,'35991362173',1463761528,'::1','undefined','1'),('10676688319',1463761584,'','10173870046','10676688318',0,0,0,0,'','35991362173','complete','New item created',218,'system','35991362173',1463761584,'35991362173',1463761584,'::1','undefined','1'),('10676690767',1463675208,NULL,'10173870046','10676688318',0,0,50,0,'','','','',219,'system','35991362173',1463761608,'35991362173',1463761608,'::1','undefined','1'),('10676695659',1463675257,'10172955431','10173870046','10676682739',100,400,0,0,'','','','',220,'system','35991362173',1463761657,'35991362173',1463761657,'::1','undefined','1'),('10676701270',1463675313,'10530004163','10173870046','10676679366',10,1400,0,0,'','','','',221,'system','35991362173',1463761713,'35991362173',1463761713,'::1','undefined','1'),('106767193461',1463761894,'','10173870046','10676688318',100,30,50,0,'10676719344','','complete','Produced Items',222,'','35991362173',1463761894,'35991362173',1463761894,'::1','','1'),('106942482331',1463937183,'','10173870046','10676688318',100,18,50,0,'10694248231','','complete','Produced Items',223,'','35991362173',1463937183,'35991362173',1463937183,'::1','','1');
/*!40000 ALTER TABLE `inventory` ENABLE KEYS */;
UNLOCK TABLES;

--
-- Table structure for table `items`
--

DROP TABLE IF EXISTS `items`;
/*!40101 SET @saved_cs_client     = @@character_set_client */;
/*!40101 SET character_set_client = utf8 */;
CREATE TABLE `items` (
  `id` varchar(33) DEFAULT NULL,
  `items001` varchar(100) DEFAULT NULL,
  `items002` varchar(200) DEFAULT NULL,
  `items003` varchar(200) DEFAULT NULL,
  `items004` varchar(50) DEFAULT NULL,
  `items005` varchar(100) NOT NULL,
  `items009` int(11) NOT NULL,
  `items006` float NOT NULL,
  `items007` float NOT NULL,
  `items008` varchar(50) NOT NULL,
  `serial_num` int(11) NOT NULL AUTO_INCREMENT,
  `creator_role` varchar(200) DEFAULT NULL,
  `created_by` varchar(200) DEFAULT NULL,
  `creation_date` int(11) DEFAULT NULL,
  `modified_by` varchar(200) DEFAULT NULL,
  `modification_date` int(11) DEFAULT NULL,
  `ip_address` varchar(200) DEFAULT NULL,
  `device_id` varchar(100) DEFAULT NULL,
  `record_status` varchar(1) DEFAULT NULL,
  PRIMARY KEY (`serial_num`),
  UNIQUE KEY `id` (`id`)
) ENGINE=InnoDB AUTO_INCREMENT=48 DEFAULT CHARSET=latin1;
/*!40101 SET character_set_client = @saved_cs_client */;

--
-- Dumping data for table `items`
--

LOCK TABLES `items` WRITE;
/*!40000 ALTER TABLE `items` DISABLE KEYS */;
INSERT INTO `items` VALUES ('10137769814','10174722948','Butter','files/items/10137769255.png','8213931','raw_materials',0,0,0,'',1,'1300130013','35991362173',1458375999,'35991362173',1462308624,'::1','undefined','0'),('10137792271','2147483647','Sliced Bread','files/items/10531084612.jpg','','produced_goods',0,230,250,'9622170974',2,'1300130013','35991362173',1458376223,'35991362173',1462907872,'::1','undefined','1'),('10151392222','other_items','PS 4 Control Pad','files/items/10151391315.png','10090210','undefined',0,0,0,'',3,'system',NULL,1458512223,'',1458516952,'192.168.56.1','undefined','0'),('10151396546','other_items','PS 4 Control Pad','files/items/10151391315.png','10090210','undefined',0,0,0,'',4,'system',NULL,1458512266,'',1458516952,'192.168.56.1','undefined','0'),('10151857026','other_items','PS 4 Control Pad','files/items/10151856767.png','10090210','undefined',0,0,0,'',5,'system',NULL,1458516871,'',1458516952,'192.168.56.1','undefined','0'),('10151867626','other_items','PS 4 Control Pad','files/items/10151867478.png','10090210','undefined',0,0,0,'',6,'system',NULL,1458516977,'',1458517034,'192.168.56.1','undefined','0'),('10151872353','other_items','PS 4 Control Pad','files/items/10151867478.png','10090210','undefined',0,0,0,'',7,'system',NULL,1458517024,'',1458517034,'192.168.56.1','undefined','0'),('10151875136','10174722948','Sugar','files/items/10151874815.png','10090210','raw_materials',0,0,0,'',8,'system',NULL,1458517052,'35991362173',1462308624,'::1','undefined','0'),('10151916155','10174722948','Sugar (Kg)','files/items/10531281051.jpg','10920220','raw_materials',0,4000,6000,'9622170974',9,'system',NULL,1458517462,'7367611442',1462307669,'::1','undefined','1'),('10151967268','other_items','Willow Grace','files/items/10151966674.jpg','10920221','undefined',0,0,0,'',10,'system',NULL,1458517973,'',1458518195,'192.168.56.1','undefined','0'),('10151991850','10174722948','Salt (Kg)','files/items/10531243933.jpg','','raw_materials',0,600,8200,'10172955431',11,'system',NULL,1458518219,'7367611442',1462307712,'::1','undefined','1'),('10152003829','2147483647','Peter Andre Forever','files/items/10152003450.jpg','10090219','produced_goods',0,0,0,'',12,'system',NULL,1458518339,'35991362173',1462308624,'::1','undefined','0'),('10181818821','2147483647','Laptop','files/items/10181817920.jpg','021','undefined',0,0,0,'',13,'system','35991362173',1458816489,'35991362173',1462308624,'fe80::a14d:9073:453f:fd9d','undefined','0'),('10183672139','10174722948','Flour','files/items/10183671846.jpg','9889','raw_materials',0,0,0,'',14,'system','35991362173',1458835022,'35991362173',1462308624,'::1','undefined','0'),('10277578921','10174722948','Dress 1','files/items/10277576834.jpg','','produced_goods',0,0,0,'',15,'system','35991362173',1459774090,'35991362173',1462308624,'::1','undefined','0'),('10277588540','10174722948','Crate of Eggs','files/items/10531235418.jpg','','raw_materials',0,800,6800,'9622696777',16,'system','35991362173',1459774186,'7367611442',1462307696,'::1','undefined','1'),('10390797944','10390352735','Child Hair Cut','files/items/10390797510.jpg','','service',0,0,500,'',17,'system','35991362173',1460906280,'35991362173',1462306949,'::1','undefined','0'),('10390819245','10390352735','Adult Hair Cut','files/items/10390818960.jpg','','service',0,0,1000,'',18,'system','35991362173',1460906493,'35991362173',1462306939,'::1','undefined','0'),('10390824622','10390356123','Hair Dressing','files/items/10390824322.jpg','','undefined',0,0,0,'',19,'system','35991362173',1460906547,'35991362173',1460907465,'192.168.56.1','undefined','0'),('10390827744','10390356123','Hair Care','files/items/10390825469.jpg','','undefined',0,0,0,'',20,'system','35991362173',1460906578,'35991362173',1460907462,'192.168.56.1','undefined','0'),('10392007064','2147483647','Green Flower Perfume','','10920220','undefined',0,0,0,'',21,'system','35991362173',1460918371,'35991362173',1460918963,'192.168.56.1','undefined','0'),('10392054929','2147483647','Forever Young','files/items/10392053661.jpg','10090211','undefined',0,0,0,'',22,'system','35991362173',1460918850,'35991362173',1460918967,'192.168.56.1','undefined','0'),('10406117829','2147483647','Forever Young Eau','files/items/10406117328.jpg','','undefined',0,0,0,'',23,'system',NULL,1461059479,'35991362173',1461061186,'192.168.56.1','undefined','0'),('10406125849','10174722948','Butter','files/items/10531271568.jpg','','raw_materials',0,2000,3000,'10172955431',24,'system',NULL,1461059559,'7367611442',1462307427,'::1','undefined','1'),('10406270479','2147483647','Zara Perfume','files/items/10406269238.jpg','','undefined',0,0,0,'',25,'system',NULL,1461061005,'35991362173',1461061111,'192.168.56.1','undefined','0'),('10406292042','2147483647','Zara Perfume','files/items/10406291460.jpg','','undefined',0,0,0,'',26,'system','35991362173',1461061221,'35991362173',1461061863,'192.168.56.1','undefined','0'),('10406300128','2147483647','Zara Perfume','files/items/10406291460.jpg','','undefined',0,0,0,'',27,'system','35991362173',1461061302,'35991362173',1461061854,'192.168.56.1','undefined','0'),('10406374967','2147483647','Zara Perfume','files/items/10406373670.jpg','','undefined',0,0,0,'',28,'system','35991362173',1461062050,'35991362173',1461062110,'192.168.56.1','undefined','0'),('10406382741','10174722948','Yeast (Grammes)','files/items/10531310030.jpg','','raw_materials',0,200,0,'10172955431',29,'system','35991362173',1461062128,'7367611442',1462307805,'::1','undefined','1'),('10461930573','2147483647','Zara Perfume Black','','','produced_goods',0,0,0,'',30,'1300130013','35991362173',1461614006,'35991362173',1461614023,'::1','undefined','0'),('10462631560','10174722948','Flour (Kg)','files/items/10462631037.jpg','','raw_materials',0,2500,0,'10172955431',31,'system','35991362173',1461621016,'7367611442',1462307683,'::1','undefined','1'),('10531322657','10174722948','Flavouring','files/items/10531320411.jpg','','raw_materials',0,800,0,'9622696777',32,'system','7367611442',1462307927,'7367611442',1462307927,'::1','undefined','1'),('10588704444','10588702064','Diamond Ring','files/items/10588704031.jpg','','produced_goods',0,35000,55000,'9622696777',33,'system','35991362173',1462881745,'35991362173',1462884793,'::1','undefined','0'),('10588711849','10588702064','Platinum Ring','files/items/10588711548.png','','produced_goods',0,25000,45000,'9622696777',34,'system','35991362173',1462881819,'35991362173',1462884793,'::1','undefined','0'),('10589019250','10588702064','Diamond Ring','files/items/10589018936.jpg','','produced_goods',0,33000,45000,'9622696777',35,'system','35991362173',1462884893,'35991362173',1462885488,'::1','undefined','0'),('10589057752','10588702064','Platinum Ring','files/items/10589057438.png','','produced_goods',0,0,0,'',36,'system','35991362173',1462885278,'35991362173',1462885488,'::1','undefined','0'),('10589085573','10588702064','Diamond Ring','files/items/10589084153.jpg','','produced_goods',0,0,0,'',37,'system','35991362173',1462885556,'35991362173',1462885711,'::1','undefined','0'),('10589103966','10588702064','Diamond Ring','files/items/10589103445.jpg','','produced_goods',0,0,0,'',38,'system','35991362173',1462885740,'35991362173',1462885759,'::1','undefined','0'),('10589115618','10588702064','Diamond Ring','files/items/10589111849.jpg','','purchased_goods',0,35000,45000,'9622696777',39,'system','35991362173',1462885857,'35991362173',1462906871,'::1','undefined','1'),('10589120728','10588702064','Platinum Ring','files/items/10589120561.png','','purchased_goods',0,33000,52000,'9622696777',40,'system','35991362173',1462885908,'35991362173',1462906888,'::1','undefined','1'),('10589130547','10588702064','Pendant','files/items/10589130260.png','','purchased_goods',0,25000,40000,'9622696777',41,'system','35991362173',1462886006,'35991362173',1462906915,'::1','undefined','1'),('10589146449','10588702064','12 Carat Earring','files/items/10589146248.jpg','','purchased_goods',0,5000,10000,'9622696777',42,'system','35991362173',1462886165,'35991362173',1462906766,'::1','undefined','1'),('10591177663','2147483647','Beef Burger','files/items/10591177368.png','','produced_goods',0,0,500,'',43,'system','35991362173',1462906477,'35991362173',1462907858,'::1','undefined','1'),('10606775258','10588702064','Repair','files/items/10606774927.png','','service',0,0,5000,'',44,'system','35991362173',1463062453,'35991362173',1463062453,'::1','undefined','1'),('10676679366','10676667913','Cement','files/items/10676679074.jpg','','raw_materials',0,1400,0,'10530004163',45,'system','35991362173',1463761494,'35991362173',1463761494,'::1','undefined','1'),('10676682739','10676667913','Sand','files/items/10676682413.jpg','','raw_materials',0,400,0,'10172955431',46,'system','35991362173',1463761528,'35991362173',1463761528,'::1','undefined','1'),('10676688318','10676663949','Block','files/items/10676687742.jpg','','produced_goods',0,0,50,'',47,'system','35991362173',1463761584,'35991362173',1463761584,'::1','undefined','1');
/*!40000 ALTER TABLE `items` ENABLE KEYS */;
UNLOCK TABLES;

--
-- Table structure for table `job_roles`
--

DROP TABLE IF EXISTS `job_roles`;
/*!40101 SET @saved_cs_client     = @@character_set_client */;
/*!40101 SET character_set_client = utf8 */;
CREATE TABLE `job_roles` (
  `id` varchar(33) DEFAULT NULL,
  `job_roles001` varchar(200) DEFAULT NULL,
  `job_roles002` varchar(200) DEFAULT NULL,
  `job_roles003` varchar(200) DEFAULT NULL,
  `job_roles004` varchar(200) DEFAULT NULL,
  `job_roles005` varchar(200) DEFAULT NULL,
  `serial_num` int(11) NOT NULL AUTO_INCREMENT,
  `creator_role` varchar(200) DEFAULT NULL,
  `created_by` varchar(200) DEFAULT NULL,
  `creation_date` int(11) DEFAULT NULL,
  `modified_by` varchar(200) DEFAULT NULL,
  `modification_date` int(11) DEFAULT NULL,
  `ip_address` varchar(200) DEFAULT NULL,
  `record_status` varchar(100) DEFAULT NULL,
  PRIMARY KEY (`serial_num`),
  UNIQUE KEY `id` (`id`)
) ENGINE=InnoDB AUTO_INCREMENT=4 DEFAULT CHARSET=latin1;
/*!40101 SET character_set_client = @saved_cs_client */;

--
-- Dumping data for table `job_roles`
--

LOCK TABLES `job_roles` WRITE;
/*!40000 ALTER TABLE `job_roles` DISABLE KEYS */;
INSERT INTO `job_roles` VALUES ('7367554811','Field Engineer','Field Engineer','undefined','undefined','undefined',1,'1300130013','35991362173',1430587449,'35991362173',1430587449,'::1','1'),('7886204963','asd','asd','undefined','undefined','undefined',2,'1300130013','35991362173',1435773950,'35991362173',1435773950,'::1','1'),('7886206937','Field Engineer','Field Engineer','undefined','undefined','undefined',3,'1300130013','35991362173',1435773970,'35991362173',1435773970,'::1','1');
/*!40000 ALTER TABLE `job_roles` ENABLE KEYS */;
UNLOCK TABLES;

--
-- Table structure for table `modules`
--

DROP TABLE IF EXISTS `modules`;
/*!40101 SET @saved_cs_client     = @@character_set_client */;
/*!40101 SET character_set_client = utf8 */;
CREATE TABLE `modules` (
  `id` varchar(33) DEFAULT NULL,
  `modules001` varchar(200) DEFAULT NULL,
  `modules002` varchar(200) DEFAULT NULL,
  `creator_role` varchar(200) DEFAULT NULL,
  `created_by` varchar(200) DEFAULT NULL,
  `creation_date` int(11) DEFAULT NULL,
  `modified_by` varchar(200) DEFAULT NULL,
  `modification_date` int(11) DEFAULT NULL,
  `ip_address` varchar(200) DEFAULT NULL,
  `record_status` varchar(100) DEFAULT NULL
) ENGINE=InnoDB DEFAULT CHARSET=latin1;
/*!40101 SET character_set_client = @saved_cs_client */;

--
-- Dumping data for table `modules`
--

LOCK TABLES `modules` WRITE;
/*!40000 ALTER TABLE `modules` DISABLE KEYS */;
INSERT INTO `modules` VALUES ('30630177178','Visits','Module that allows for extension of application',NULL,NULL,1387628577,'35991362173',1426887706,'::1','1'),('30642723443','User Manager','Display all functions related to system users',NULL,NULL,1387641123,NULL,1387641123,'::1','1'),('35469341329','General Settings','gen',NULL,NULL,1392467741,'35991362173',1401494255,'::1','1'),('39707779336','Trash','Displays deleted records from all functions','1300130013','35991362173',1396702579,'35991362173',1399477366,'::1','1'),('44497868143','Set-up','Module that allows for extension of application','1300130013','35991362173',1401492668,'35991362173',1402003926,'::1','1'),('45433682467','Translation Tables','Translation Tables','1300130013','35991362173',1402428482,'35991362173',1422410681,'::1','1'),('46903041507','Files Manager','Organizes & manages generated reports','1300130013','35991362173',1403897841,'35991362173',1403897841,'::1','1'),('55397966443','Organization Structure','Divisions, Departments, Units, Branch Offices & Job Roles','1300130013','35991362173',1412392766,'',1430586480,'::1','1'),('1412705497','Website Content Manager',NULL,'1412705497','1412705497',1412705497,'1412705497',1412705497,'127.0.0.1','1'),('5938529440','Support','Support','1300130013','35991362173',1416383595,'35991362173',1416383595,'::1','1'),('6429472176','Store Manager','Store Manager','1300130013','35991362173',1421293022,'35991362173',1421293022,'154.120.120.82','1'),('6540751319','Orders','Information about all orders placed','1300130013','35991362173',1422405814,'35991362173',1422405872,'::1','1'),('6540761447','Newsletters','Newsletter Creation & Subscription list and mailing','1300130013','35991362173',1422405915,'35991362173',1422405915,'::1','1'),('6993102827','Complaints Main Menu','','1300130013','35991362173',1426842929,'35991362173',1440332347,'192.168.56.1','1');
/*!40000 ALTER TABLE `modules` ENABLE KEYS */;
UNLOCK TABLES;

--
-- Table structure for table `myexcel`
--

DROP TABLE IF EXISTS `myexcel`;
/*!40101 SET @saved_cs_client     = @@character_set_client */;
/*!40101 SET character_set_client = utf8 */;
CREATE TABLE `myexcel` (
  `id` varchar(33) DEFAULT NULL,
  `myexcel001` varchar(200) DEFAULT NULL,
  `myexcel002` varchar(6000) DEFAULT NULL,
  `myexcel003` varchar(100) DEFAULT NULL,
  `myexcel004` varchar(100) DEFAULT NULL,
  `myexcel005` varchar(200) DEFAULT NULL,
  `myexcel006` varchar(64) DEFAULT NULL,
  `myexcel007` int(11) DEFAULT NULL,
  `myexcel008` varchar(64) DEFAULT NULL,
  `myexcel009` int(11) NOT NULL,
  `creator_role` varchar(200) DEFAULT NULL,
  `created_by` varchar(200) DEFAULT NULL,
  `creation_date` int(11) DEFAULT NULL,
  `modified_by` varchar(200) DEFAULT NULL,
  `modification_date` int(11) DEFAULT NULL,
  `ip_address` varchar(200) DEFAULT NULL,
  `record_status` varchar(100) DEFAULT NULL
) ENGINE=InnoDB DEFAULT CHARSET=latin1;
/*!40101 SET character_set_client = @saved_cs_client */;

--
-- Dumping data for table `myexcel`
--

LOCK TABLES `myexcel` WRITE;
/*!40000 ALTER TABLE `myexcel` DISABLE KEYS */;
/*!40000 ALTER TABLE `myexcel` ENABLE KEYS */;
UNLOCK TABLES;

--
-- Table structure for table `notifications`
--

DROP TABLE IF EXISTS `notifications`;
/*!40101 SET @saved_cs_client     = @@character_set_client */;
/*!40101 SET character_set_client = utf8 */;
CREATE TABLE `notifications` (
  `id` varchar(33) DEFAULT NULL,
  `notifications001` varchar(200) DEFAULT NULL,
  `notifications002` varchar(6000) DEFAULT NULL,
  `notifications003` varchar(6000) DEFAULT NULL,
  `notifications004` varchar(200) DEFAULT NULL,
  `notifications005` varchar(4000) DEFAULT NULL,
  `notifications006` varchar(400) DEFAULT NULL,
  `notifications007` varchar(400) DEFAULT NULL,
  `notifications008` varchar(400) DEFAULT NULL,
  `notifications009` varchar(400) DEFAULT NULL,
  `notifications010` varchar(400) DEFAULT NULL,
  `serial_num` int(11) NOT NULL AUTO_INCREMENT,
  `creator_role` varchar(200) DEFAULT NULL,
  `created_by` varchar(200) DEFAULT NULL,
  `creation_date` int(11) DEFAULT NULL,
  `modified_by` varchar(200) DEFAULT NULL,
  `modification_date` int(11) DEFAULT NULL,
  `ip_address` varchar(200) DEFAULT NULL,
  `record_status` varchar(100) DEFAULT NULL,
  PRIMARY KEY (`serial_num`),
  UNIQUE KEY `id` (`id`)
) ENGINE=InnoDB DEFAULT CHARSET=latin1;
/*!40101 SET character_set_client = @saved_cs_client */;

--
-- Dumping data for table `notifications`
--

LOCK TABLES `notifications` WRITE;
/*!40000 ALTER TABLE `notifications` DISABLE KEYS */;
/*!40000 ALTER TABLE `notifications` ENABLE KEYS */;
UNLOCK TABLES;

--
-- Table structure for table `pay_row`
--

DROP TABLE IF EXISTS `pay_row`;
/*!40101 SET @saved_cs_client     = @@character_set_client */;
/*!40101 SET character_set_client = utf8 */;
CREATE TABLE `pay_row` (
  `id` varchar(33) DEFAULT NULL,
  `pay_row001` int(11) DEFAULT NULL,
  `pay_row002` varchar(200) DEFAULT NULL,
  `pay_row003` float DEFAULT NULL,
  `pay_row004` float DEFAULT NULL,
  `pay_row005` float DEFAULT NULL,
  `pay_row006` float DEFAULT NULL,
  `pay_row007` float DEFAULT NULL,
  `pay_row008` varchar(4000) DEFAULT NULL,
  `serial_num` int(11) NOT NULL AUTO_INCREMENT,
  `creator_role` varchar(200) DEFAULT NULL,
  `created_by` varchar(200) DEFAULT NULL,
  `creation_date` int(11) DEFAULT NULL,
  `modified_by` varchar(200) DEFAULT NULL,
  `modification_date` int(11) DEFAULT NULL,
  `ip_address` varchar(200) DEFAULT NULL,
  `record_status` varchar(100) DEFAULT NULL,
  PRIMARY KEY (`serial_num`),
  UNIQUE KEY `id` (`id`)
) ENGINE=InnoDB AUTO_INCREMENT=8 DEFAULT CHARSET=latin1;
/*!40101 SET character_set_client = @saved_cs_client */;

--
-- Dumping data for table `pay_row`
--

LOCK TABLES `pay_row` WRITE;
/*!40000 ALTER TABLE `pay_row` DISABLE KEYS */;
INSERT INTO `pay_row` VALUES ('9647911142',1453330800,'7367611442',50000,5001,2400,0,0,'paid',7,'1300130013','35991362173',1453391012,'1300130013',1456496950,'192.168.56.1','1');
/*!40000 ALTER TABLE `pay_row` ENABLE KEYS */;
UNLOCK TABLES;

--
-- Table structure for table `payment`
--

DROP TABLE IF EXISTS `payment`;
/*!40101 SET @saved_cs_client     = @@character_set_client */;
/*!40101 SET character_set_client = utf8 */;
CREATE TABLE `payment` (
  `id` varchar(33) DEFAULT NULL,
  `payment001` varchar(100) DEFAULT NULL,
  `payment002` int(11) DEFAULT NULL,
  `payment003` float DEFAULT NULL,
  `payment004` varchar(50) DEFAULT NULL,
  `payment005` varchar(100) DEFAULT NULL,
  `payment006` varchar(200) DEFAULT NULL,
  `serial_num` int(11) NOT NULL AUTO_INCREMENT,
  `creator_role` varchar(200) DEFAULT NULL,
  `created_by` varchar(200) DEFAULT NULL,
  `creation_date` int(11) DEFAULT NULL,
  `modified_by` varchar(200) DEFAULT NULL,
  `modification_date` int(11) DEFAULT NULL,
  `ip_address` varchar(200) DEFAULT NULL,
  `device_id` varchar(100) DEFAULT NULL,
  `record_status` varchar(1) DEFAULT NULL,
  PRIMARY KEY (`serial_num`),
  UNIQUE KEY `id` (`id`)
) ENGINE=InnoDB AUTO_INCREMENT=55 DEFAULT CHARSET=latin1;
/*!40101 SET character_set_client = @saved_cs_client */;

--
-- Dumping data for table `payment`
--

LOCK TABLES `payment` WRITE;
/*!40000 ALTER TABLE `payment` DISABLE KEYS */;
INSERT INTO `payment` VALUES ('10388461064','10388461062',1460847600,5780,'','35991362173','Payment made during sales',1,'system','35991362173',1460882911,'35991362173',1460882911,'192.168.56.1','undefined','1'),('10390594013','10390594011',1460847600,10960,'','35991362173','Payment made during sales',2,'system','35991362173',1460904241,'35991362173',1460904241,'192.168.56.1','undefined','1'),('10407625774','10407625772',1461020400,3300,'','35991362173','Payment made during sales',3,'system','35991362173',1461074558,'35991362173',1461074558,'192.168.56.1','undefined','1'),('10407628240','10407628238',1461020400,3800,'','35991362173','Payment made during sales',4,'system','35991362173',1461074583,'35991362173',1461074583,'192.168.56.1','undefined','1'),('10408135864','10408135862',1461020400,8600,'','35991362173','Payment made during sales',5,'system','35991362173',1461079659,'35991362173',1461079659,'192.168.56.1','undefined','1'),('10408680859','10408680857',1461016800,13400,'','35991362173','Payment made during sales',6,'system','35991362173',1461081509,'35991362173',1461081509,'::1','undefined','1'),('10410762954','10410762952',1461016800,8600,'','35991362173','Payment made during sales',7,'system','35991362173',1461102330,'35991362173',1461102330,'::1','undefined','1'),('10426215175','10426215173',1461189600,16100,'','35991362173','Payment made during sales',8,'system','35991362173',1461256852,'35991362173',1461256852,'::1','undefined','1'),('10494330417','10494330358',1461880800,8200,'','35991362173','Payment made during sales',9,'system','35991362173',1461938005,'35991362173',1461938005,'::1','undefined','1'),('10510744738','10510744736',1462053600,11200,'','35991362173','Payment made during sales',10,'system','35991362173',1462102148,'35991362173',1462102148,'::1','undefined','1'),('10510928831','10510928748',1462103989,11200,'','35991362173','Payment made during sales',11,'system','35991362173',1462103989,'35991362173',1462103989,'::1','undefined','1'),('10510936815','10510936813',1462104069,11200,'','35991362173','Payment made during sales',12,'system','35991362173',1462104069,'35991362173',1462104069,'::1','undefined','1'),('10510942166','10510942058',1462104122,11200,'','35991362173','Payment made during sales',13,'system','35991362173',1462104122,'35991362173',1462104122,'::1','undefined','1'),('10511076332','10511076330',1462105464,6000,'','35991362173','Payment made during sales',14,'system','35991362173',1462105464,'35991362173',1462105464,'::1','undefined','1'),('10511104062','10511104060',1462105741,8200,'','35991362173','Payment made during sales',15,'system','35991362173',1462105741,'35991362173',1462105741,'::1','undefined','1'),('10511197867','10511197722',1462106679,9200,'transfer','35991362173','Payment made during sales',16,'system','35991362173',1462106679,'35991362173',1462106679,'::1','undefined','1'),('10511214266','10511214264',1462106843,1000,'cheque','35991362173','Payment made during sales',17,'system','35991362173',1462106843,'35991362173',1462106843,'::1','undefined','1'),('10511298225','10511298223',1462107683,500,'cash','35991362173','Payment made during sales',18,'system','35991362173',1462107683,'35991362173',1462107683,'::1','undefined','1'),('10518526553','10518526551',1462179966,3000,'cash','35991362173','Payment made during sales',19,'system','35991362173',1462179966,'35991362173',1462179966,'::1','undefined','1'),('10518561216','10518526551',1462180313,1000,'cash','35991362173','Owing 10k',20,'system','35991362173',1462180313,'35991362173',1462180313,'::1','undefined','1'),('10518577916','10518526551',1462180480,3000,'cash','35991362173','Owing 10k',21,'system','35991362173',1462180480,'35991362173',1462180480,'::1','undefined','1'),('10519285231','10518526551',1462187553,1000,'cash','35991362173','Owing 10k',22,'system','35991362173',1462187553,'35991362173',1462187553,'::1','undefined','1'),('10521670232','10518526551',1462211403,1000,'cash','35991362173','Owing 10k',23,'system','35991362173',1462211403,'35991362173',1462211403,'::1','undefined','1'),('10531560066','10531559959',1462310301,11500,'cash','7367611442','Payment made during sales',24,'system','7367611442',1462310301,'7367611442',1462310301,'::1','undefined','1'),('10531589152','10531574916',1462310592,300,'cash','7367611442','canvaser',25,'system','7367611442',1462310592,'7367611442',1462310592,'::1','undefined','1'),('10531590973','10531574916',1462310610,400,'cash','7367611442','canvaser',26,'system','7367611442',1462310610,'7367611442',1462310610,'::1','undefined','1'),('10530107953','10530043770',1462295780,50,'cash','7367611442','',27,'system','7367611442',1462295780,'7367611442',1462295780,'::1','undefined','1'),('10586792938','10586792866',1462862630,500,'cash','35991362173','Payment made during sales',28,'system','35991362173',1462862630,'35991362173',1462874114,'::1','undefined','0'),('10586817847','10586817845',1462862879,50,'cash','35991362173','Payment made during sales',29,'system','35991362173',1462862879,'35991362173',1462862879,'::1','undefined','1'),('10587312938','10587312936',1462867830,500,'cash','35991362173','Payment made during sales',30,'system','35991362173',1462867830,'35991362173',1462867830,'::1','undefined','1'),('10587714370','10530043770',1462871844,45,'cash','7367611442','Will balance at end of year',31,'system','35991362173',1462871844,'35991362173',1462871844,'::1','undefined','1'),('10587718141','10530043770',1462871882,405,'cash','10173241557','Balanced',32,'system','35991362173',1462871882,'35991362173',1462871882,'::1','undefined','1'),('10587720038','10531574916',1462871901,100,'cash','10173241557','canvaser',33,'system','35991362173',1462871901,'35991362173',1462873954,'::1','undefined','0'),('10587728455','10531574916',1462871985,150,'cash','35991362173','canvaser',34,'system','35991362173',1462871985,'35991362173',1462873296,'::1','undefined','0'),('10587736577','10531574916',1462872066,150,'cash','35991362173','canvaser',35,'system','35991362173',1462872066,'35991362173',1462873227,'::1','undefined','0'),('10587743224','10531574916',1462872133,70,'cash','10173241557','i will come back',36,'system','35991362173',1462872133,'35991362173',1462873311,'::1','undefined','0'),('10587926467','10531574916',1462873965,300,'cash','10173241557','i will come back',37,'system','35991362173',1462873965,'35991362173',1462874078,'::1','undefined','0'),('10587927120','10531574916',1462873972,80,'cash','35991362173','i will come back',38,'system','35991362173',1462873972,'35991362173',1462874087,'::1','undefined','0'),('10587927937','10531574916',1462873980,20,'cheque','35991362173','i will come back',39,'system','35991362173',1462873980,'35991362173',1462874029,'::1','undefined','0'),('10587936456','10531574916',1462874065,20,'cheque','35991362173','i will come back',40,'system','35991362173',1462874065,'35991362173',1462874092,'::1','undefined','0'),('10587949754','10586792866',1462874198,500,'cash','10173241557','all paid but item not collected',41,'system','35991362173',1462874198,'35991362173',1462874215,'::1','undefined','0'),('10587952347','10586792866',1462874224,500,'cash','7367611442','all paid but item not collected',42,'system','35991362173',1462874224,'35991362173',1462874224,'::1','undefined','1'),('10589164858','10589164732',1462886349,20000,'cash','35991362173','Payment made during sales',43,'system','35991362173',1462886349,'35991362173',1462887165,'::1','undefined','0'),('10589179017','10589164732',1462886491,2000,'cash','10173241557','',44,'system','35991362173',1462886491,'35991362173',1462887664,'::1','undefined','0'),('10589267562','10589164732',1462887376,1000,'cash','7367611442','',45,'system','35991362173',1462887376,'35991362173',1462887550,'::1','undefined','0'),('10589293716','10589164732',1462887638,10000,'cash','7367611442','',46,'system','35991362173',1462887638,'35991362173',1462887638,'::1','undefined','1'),('10594290822','10594290820',1462937609,500,'cash','35991362173','Payment made during sales',47,'system','35991362173',1462937609,'35991362173',1462937609,'::1','undefined','1'),('10606710281','10606710279',1463061803,6000,'cash','35991362173','Payment made during sales',48,'system','35991362173',1463061803,'35991362173',1463061803,'::1','undefined','1'),('10606715512','10606710279',1463061856,1000,'cash','10173241557','',49,'system','35991362173',1463061856,'35991362173',1463061856,'::1','undefined','1'),('10623002031','10623002029',1463224721,1000,'cash','35991362173','Payment made during sales',50,'system','35991362173',1463224721,'35991362173',1463224721,'::1','undefined','1'),('10638966647','10531574916',1463384367,50,'cheque','35991362173','i will come back',51,'system','35991362173',1463384367,'35991362173',1463384367,'::1','undefined','1'),('10676728050','10676728048',1463761981,500,'cash','35991362173','Payment made during sales',52,'system','35991362173',1463761981,'35991362173',1463761981,'::1','undefined','1'),('10676733713','10676728048',1463762038,50,'cash','10173241557','Paid 50',53,'system','35991362173',1463762038,'35991362173',1463762038,'::1','undefined','1'),('10694235849','10694235847',1463937059,3000,'cash','35991362173','Payment made during sales',54,'system','35991362173',1463937059,'35991362173',1463937059,'::1','undefined','1');
/*!40000 ALTER TABLE `payment` ENABLE KEYS */;
UNLOCK TABLES;

--
-- Table structure for table `production`
--

DROP TABLE IF EXISTS `production`;
/*!40101 SET @saved_cs_client     = @@character_set_client */;
/*!40101 SET character_set_client = utf8 */;
CREATE TABLE `production` (
  `id` varchar(33) DEFAULT NULL,
  `production001` int(11) DEFAULT NULL,
  `production002` float DEFAULT NULL,
  `production003` float DEFAULT NULL,
  `production004` float DEFAULT NULL,
  `production005` varchar(100) DEFAULT NULL,
  `production006` varchar(100) NOT NULL,
  `production008` varchar(50) NOT NULL,
  `production007` varchar(200) NOT NULL,
  `production009` varchar(50) NOT NULL,
  `serial_num` int(11) NOT NULL AUTO_INCREMENT,
  `creator_role` varchar(200) DEFAULT NULL,
  `created_by` varchar(200) DEFAULT NULL,
  `creation_date` int(11) DEFAULT NULL,
  `modified_by` varchar(200) DEFAULT NULL,
  `modification_date` int(11) DEFAULT NULL,
  `ip_address` varchar(200) DEFAULT NULL,
  `device_id` varchar(100) DEFAULT NULL,
  `record_status` varchar(1) DEFAULT NULL,
  PRIMARY KEY (`serial_num`),
  UNIQUE KEY `id` (`id`)
) ENGINE=InnoDB AUTO_INCREMENT=21 DEFAULT CHARSET=latin1;
/*!40101 SET character_set_client = @saved_cs_client */;

--
-- Dumping data for table `production`
--

LOCK TABLES `production` WRITE;
/*!40000 ALTER TABLE `production` DISABLE KEYS */;
INSERT INTO `production` VALUES ('10388400231',1460882303,1,3000,0,'','10173870046','complete','Production of Poison Perfume, Green Flower Perfume','',1,'','35991362173',1460882303,'35991362173',1462305846,'192.168.56.1','','0'),('10388418231',1460882483,1,3000,0,'','10173870046','in-progress','Production of Forever Young, Green Flower Perfume','',2,'','35991362173',1460882483,'35991362173',1462305846,'192.168.56.1','','0'),('10407601426',1461074315,1,3000,0,'','10173870046','in-progress','Production of Forever Young, Forever Young Eau','',3,'','35991362173',1461074315,'35991362173',1462305846,'192.168.56.1','','0'),('10407616778',1461074469,1,3000,0,'','10173870046','in-progress','Production of Forever Young, Forever Young Eau','',4,'','35991362173',1461074469,'35991362173',1462305846,'192.168.56.1','','0'),('10408682432',1461081526,1,1500,0,'','10173870046','in-progress','Production of Adult Hair Cut','',5,'','35991362173',1461081526,'35991362173',1462305846,'::1','','0'),('10426229039',1461256992,1,3000,0,'','10173870046','in-progress','Production of Forever Young, Forever Young Eau, Zara Perfume Black, Poison Perfume','',6,'','35991362173',1461256992,'35991362173',1462305846,'::1','','0'),('10452739435',1461522095,1,3000,0,'','10173870046','in-progress','Production of Forever Young, Forever Young Eau','',7,'','35991362173',1461522095,'35991362173',1462305846,'::1','','0'),('10459512720',1461589828,1,3000,0,'','10173870046','in-progress','Production of Forever Young','',8,'','35991362173',1461589828,'35991362173',1462305846,'::1','','0'),('10463008653',1461624788,1,40000,0,'','10173870046','in-progress','Production of Forever Young, Zara Perfume Black, Poison Perfume','',9,'','35991362173',1461624788,'35991362173',1462305846,'::1','','0'),('10522381972',1462218521,1,7500,0,'','10173870046','in-progress','Production of Forever Young, Forever Young Eau','',10,'','35991362173',1462218521,'35991362173',1462305846,'::1','','0'),('10531531416',1462310016,42,82000,0,'','10173870046','complete','Production of Sliced Bread','',11,'','7367611442',1462310016,'35991362173',1463218069,'::1','','1'),('10580804466',1462802746,3,4800,0,'','10173870046','complete','Production of Sliced Bread','10173241557',12,'','35991362173',1462802746,'35991362173',1463218064,'::1','','1'),('10594215752',1462936858,2,2600,0,'','10173870046','complete','Production of Beef Burger','',13,'','35991362173',1462936858,'35991362173',1463218062,'::1','','1'),('10606422956',1463058930,3,3400,5000,'','10173870046','in-progress','Production of Beef Burger','',14,'','35991362173',1463058930,'35991362173',1463218060,'::1','','1'),('10606590453',1463060606,5,6700,5520,'10530004163','10173870046','complete','Production of Beef Burger','7367611442',15,'','35991362173',1463060606,'35991362173',1463389645,'::1','','1'),('10606597743',1463060678,1,800,450,'10529961756','10173870046','complete','Production of Beef Burger','10173241557',16,'','35991362173',1463060678,'35991362173',1463211766,'::1','','0'),('10621766550',1463212367,2,2800,1140,'10530004163','10173870046','in-progress','Production of Beef Burger','',17,'','35991362173',1463212367,'35991362173',1463214405,'::1','','0'),('10622317148',1463217872,5,8400,4000,'10172955431','10173870046','in-progress','Production of Beef Burger','7367611442',18,'','35991362173',1463217872,'35991362173',1463389685,'::1','','1'),('10676719344',1463761894,5,3000,0,'','10173870046','complete','Production of Block','',19,'','35991362173',1463761894,'35991362173',1463933314,'::1','','1'),('10694248231',1463937183,2,1800,0,'','10173870046','complete','Production of Block','',20,'','35991362173',1463937183,'35991362173',1463937183,'::1','','1');
/*!40000 ALTER TABLE `production` ENABLE KEYS */;
UNLOCK TABLES;

--
-- Table structure for table `production_items`
--

DROP TABLE IF EXISTS `production_items`;
/*!40101 SET @saved_cs_client     = @@character_set_client */;
/*!40101 SET character_set_client = utf8 */;
CREATE TABLE `production_items` (
  `id` varchar(33) DEFAULT NULL,
  `production_items001` varchar(100) DEFAULT NULL,
  `production_items002` varchar(100) DEFAULT NULL,
  `production_items003` float DEFAULT NULL,
  `production_items004` float DEFAULT NULL,
  `production_items005` float NOT NULL,
  `production_items006` varchar(100) DEFAULT NULL,
  `production_items007` float NOT NULL,
  `production_items009` varchar(1) NOT NULL,
  `serial_num` int(11) NOT NULL AUTO_INCREMENT,
  `creator_role` varchar(200) DEFAULT NULL,
  `created_by` varchar(200) DEFAULT NULL,
  `creation_date` int(11) DEFAULT NULL,
  `modified_by` varchar(200) DEFAULT NULL,
  `modification_date` int(11) DEFAULT NULL,
  `ip_address` varchar(200) DEFAULT NULL,
  `device_id` varchar(100) DEFAULT NULL,
  `record_status` varchar(1) DEFAULT NULL,
  PRIMARY KEY (`serial_num`),
  UNIQUE KEY `id` (`id`)
) ENGINE=InnoDB AUTO_INCREMENT=42 DEFAULT CHARSET=latin1;
/*!40101 SET character_set_client = @saved_cs_client */;

--
-- Dumping data for table `production_items`
--

LOCK TABLES `production_items` WRITE;
/*!40000 ALTER TABLE `production_items` DISABLE KEYS */;
INSERT INTO `production_items` VALUES ('103884002321','10388400231','10277588540',1500,2,0,'',3000,'',1,'','35991362173',1460882303,'35991362173',1462305853,'192.168.56.1','','0'),('103884182321','10388418231','10277588540',1500,2,0,'',3000,'',2,'','35991362173',1460882483,'35991362173',1462305853,'192.168.56.1','','0'),('104076014271','10407601426','10277588540',1500,2,0,'',3000,'',3,'','35991362173',1461074315,'35991362173',1462305853,'192.168.56.1','','0'),('104076167791','10407616778','10277588540',1500,2,0,'',3000,'',4,'','35991362173',1461074468,'35991362173',1462305853,'192.168.56.1','','0'),('104086824331','10408682432','10277588540',1500,1,0,'',1500,'',5,'','35991362173',1461081525,'35991362173',1462305853,'::1','','0'),('104262290401','10426229039','10277588540',1500,2,0,'',3000,'',6,'','35991362173',1461256991,'35991362173',1462305853,'::1','','0'),('104527394361','10452739435','10277588540',1500,2,0,'',3000,'',7,'','35991362173',1461522095,'35991362173',1462305853,'::1','','0'),('104595127211','10459512720','10277588540',1500,2,0,'',3000,'',8,'','35991362173',1461589828,'35991362173',1462305853,'::1','','0'),('104630086541','10463008653','10277588540',5000,4,0,'',20000,'',9,'','35991362173',1461624787,'35991362173',1462305853,'::1','','0'),('104630086542','10463008653','10462631560',2500,8,0,'',20000,'',10,'','35991362173',1461624787,'35991362173',1462305853,'::1','','0'),('105223819731','10522381972','10462631560',2500,3,0,'',7500,'',11,'','35991362173',1462218520,'35991362173',1462305853,'::1','','0'),('105315314171','10531531416','10406125849',2000,8,0,'',16000,'',12,'','7367611442',1462310015,'7367611442',1462310015,'::1','','1'),('105315314172','10531531416','10277588540',800,3,0,'',2400,'',13,'','7367611442',1462310015,'7367611442',1462310015,'::1','','1'),('105315314173','10531531416','10151991850',600,2,0,'',1200,'',14,'','7367611442',1462310015,'7367611442',1462310015,'::1','','1'),('105315314174','10531531416','10462631560',2500,20,0,'',50000,'',15,'','7367611442',1462310015,'7367611442',1462310015,'::1','','1'),('105315314175','10531531416','10531322657',800,5,0,'',4000,'',16,'','7367611442',1462310015,'7367611442',1462310015,'::1','','1'),('105315314176','10531531416','10151916155',4000,2,0,'',8000,'',17,'','7367611442',1462310015,'7367611442',1462310015,'::1','','1'),('105315314177','10531531416','10406382741',200,2,0,'',400,'',18,'','7367611442',1462310015,'7367611442',1462310015,'::1','','1'),('105808044671','10580804466','10406125849',2000,2,0,'',4000,'',19,'','35991362173',1462802745,'35991362173',1462802745,'::1','','1'),('105808044672','10580804466','10277588540',800,1,0,'',800,'',20,'','35991362173',1462802745,'35991362173',1462802745,'::1','','1'),('105942157531','10594215752','10406125849',2000,1,0,'',2000,'',21,'','35991362173',1462936858,'35991362173',1462936858,'::1','','1'),('105942157532','10594215752','10151991850',600,1,0,'',600,'',22,'','35991362173',1462936858,'35991362173',1462936858,'::1','','1'),('106064229571','10606422956','10406125849',2000,1,0,'',2000,'',23,'','35991362173',1463058930,'35991362173',1463058930,'::1','','1'),('106064229572','10606422956','10277588540',800,1,0,'',800,'',24,'','35991362173',1463058930,'35991362173',1463058930,'::1','','1'),('106064229573','10606422956','10151991850',600,1,0,'',600,'',25,'','35991362173',1463058930,'35991362173',1463058930,'::1','','1'),('106065904541','10606590453','10406125849',2000,1,0,'',2000,'',26,'','35991362173',1463060605,'35991362173',1463060605,'::1','','1'),('106065904542','10606590453','10277588540',800,1,0,'',800,'',27,'','35991362173',1463060605,'35991362173',1463060605,'::1','','1'),('106065904543','10606590453','10151991850',600,1,0,'',600,'',28,'','35991362173',1463060605,'35991362173',1463060605,'::1','','1'),('106065904544','10606590453','10462631560',2500,1,0,'',2500,'',29,'','35991362173',1463060605,'35991362173',1463060605,'::1','','1'),('106065904545','10606590453','10531322657',800,1,0,'',800,'',30,'','35991362173',1463060605,'35991362173',1463060605,'::1','','1'),('106065977441','10606597743','10277588540',800,1,0,'',800,'',31,'','35991362173',1463060678,'35991362173',2147483647,'::1','','0'),('106217665511','10621766550','10277588540',800,1,0,'',800,'',32,'','35991362173',1463212366,'35991362173',2147483647,'::1','','0'),('106217665512','10621766550','10406125849',2000,1,0,'',2000,'',33,'','35991362173',1463212366,'35991362173',2147483647,'::1','','0'),('106223171491','10622317148','10277588540',800,2,0,'',1600,'',34,'','35991362173',1463217872,'35991362173',1463217872,'::1','','1'),('106223171492','10622317148','10406125849',2000,1,0,'',2000,'',35,'','35991362173',1463217872,'35991362173',1463217872,'::1','','1'),('106223171493','10622317148','10531322657',800,1,0,'',800,'',36,'','35991362173',1463217872,'35991362173',1463217872,'::1','','1'),('106223171494','10622317148','10151916155',4000,1,0,'',4000,'',37,'','35991362173',1463217872,'35991362173',1463217872,'::1','','1'),('106767193451','10676719344','10676679366',1400,1,0,'',1400,'',38,'','35991362173',1463761894,'35991362173',1463761894,'::1','','1'),('106767193452','10676719344','10676682739',400,4,0,'',1600,'',39,'','35991362173',1463761894,'35991362173',1463761894,'::1','','1'),('106942482321','10694248231','10676679366',1400,1,0,'',1400,'',40,'','35991362173',1463937183,'35991362173',1463937183,'::1','','1'),('106942482322','10694248231','10676682739',400,1,0,'',400,'',41,'','35991362173',1463937183,'35991362173',1463937183,'::1','','1');
/*!40000 ALTER TABLE `production_items` ENABLE KEYS */;
UNLOCK TABLES;

--
-- Table structure for table `reports`
--

DROP TABLE IF EXISTS `reports`;
/*!40101 SET @saved_cs_client     = @@character_set_client */;
/*!40101 SET character_set_client = utf8 */;
CREATE TABLE `reports` (
  `id` varchar(33) NOT NULL DEFAULT '',
  `reports001` varchar(200) DEFAULT NULL,
  `reports002` varchar(6000) DEFAULT NULL,
  `reports003` varchar(200) DEFAULT NULL,
  `reports004` varchar(200) DEFAULT NULL,
  `reports005` varchar(200) DEFAULT NULL,
  `reports006` varchar(6000) DEFAULT NULL,
  `reports007` decimal(10,0) DEFAULT NULL,
  `reports008` decimal(10,0) DEFAULT NULL,
  `reports009` decimal(10,0) NOT NULL,
  `reports010` decimal(10,0) NOT NULL,
  `reports011` decimal(10,0) NOT NULL,
  `reports012` varchar(6000) NOT NULL,
  `reports013` varchar(6000) NOT NULL,
  `creator_role` varchar(200) DEFAULT NULL,
  `created_by` varchar(200) DEFAULT NULL,
  `creation_date` int(11) DEFAULT NULL,
  `modified_by` varchar(200) DEFAULT NULL,
  `modification_date` int(11) DEFAULT NULL,
  `ip_address` varchar(200) DEFAULT NULL,
  `record_status` varchar(100) DEFAULT NULL,
  PRIMARY KEY (`id`)
) ENGINE=InnoDB DEFAULT CHARSET=latin1;
/*!40101 SET character_set_client = @saved_cs_client */;

--
-- Dumping data for table `reports`
--

LOCK TABLES `reports` WRITE;
/*!40000 ALTER TABLE `reports` DISABLE KEYS */;
INSERT INTO `reports` VALUES ('10041166033','Report Title ','files/1300130013/2016/March/s10041165764.pdf','undefined','undefined','Report Title ','system generated report',NULL,NULL,0,0,0,'','','1300130013','1300130013',1457409961,'1300130013',1457409961,NULL,'1'),('10043519876','Report Title ','files/1300130013/2016/March/s10043519718.pdf','undefined','undefined','Report Title ','system generated report',NULL,NULL,0,0,0,'','','1300130013','1300130013',1457433499,'1300130013',1457433499,NULL,'1'),('10043555365','Report Title ','files/1300130013/2016/March/s10043555364.pdf','undefined','undefined','Report Title ','system generated report',NULL,NULL,0,0,0,'','','1300130013','1300130013',1457433854,'1300130013',1457433854,NULL,'1'),('10043559818','Report Title ','files/1300130013/2016/March/s10043559817.pdf','undefined','undefined','Report Title ','system generated report',NULL,NULL,0,0,0,'','','1300130013','1300130013',1457433899,'1300130013',1457433899,NULL,'1'),('10043656471','Report Title ','files/1300130013/2016/March/s10043656367.pdf','undefined','undefined','Report Title ','system generated report',NULL,NULL,0,0,0,'','','1300130013','1300130013',1457434865,'1300130013',1457434865,NULL,'1'),('10043663320','Report Title ','files/1300130013/2016/March/s10043663228.pdf','undefined','undefined','Report Title ','system generated report',NULL,NULL,0,0,0,'','','1300130013','1300130013',1457434934,'1300130013',1457434934,NULL,'1'),('10043665823','Report Title ','files/1300130013/2016/March/s10043665822.pdf','undefined','undefined','Report Title ','system generated report',NULL,NULL,0,0,0,'','','1300130013','1300130013',1457434959,'1300130013',1457434959,NULL,'1'),('10043668830','Report Title ','files/1300130013/2016/March/10043668670.xls','undefined','undefined','Report Title ','system generated report',NULL,NULL,0,0,0,'','','1300130013','1300130013',1457434989,'1300130013',1457434989,NULL,'1'),('10372898557','Report Title ','files/35991362173/2016/April/s10372898342.pdf','undefined','undefined','Report Title ','system generated report',NULL,NULL,0,0,0,'','','1300130013','35991362173',1460727286,'35991362173',1460727286,NULL,'1'),('10641579835','INCOME vs EXPENDITURE REPORT ','files/35991362173/2016/May/s10641579834.html','undefined','undefined','INCOME vs EXPENDITURE REPORT ','system generated report',NULL,NULL,0,0,0,'','','1300130013','35991362173',1463410499,'35991362173',1463410499,NULL,'1'),('10641634867','INCOME vs EXPENDITURE REPORT ','files/35991362173/2016/May/s10641634866.html','undefined','undefined','INCOME vs EXPENDITURE REPORT ','system generated report',NULL,NULL,0,0,0,'','','1300130013','35991362173',1463411049,'35991362173',1463411049,NULL,'1'),('10641656460','INCOME vs EXPENDITURE REPORT ','files/35991362173/2016/May/s10641656459.html','undefined','undefined','INCOME vs EXPENDITURE REPORT ','system generated report',NULL,NULL,0,0,0,'','','1300130013','35991362173',1463411265,'35991362173',1463411265,NULL,'1'),('10641660150','INCOME vs EXPENDITURE REPORT ','files/35991362173/2016/May/s10641660149.html','undefined','undefined','INCOME vs EXPENDITURE REPORT ','system generated report',NULL,NULL,0,0,0,'','','1300130013','35991362173',1463411302,'35991362173',1463411302,NULL,'1'),('10641663544','INCOME vs EXPENDITURE REPORT ','files/35991362173/2016/May/s10641663543.html','undefined','undefined','INCOME vs EXPENDITURE REPORT ','system generated report',NULL,NULL,0,0,0,'','','1300130013','35991362173',1463411336,'35991362173',1463411336,NULL,'1'),('10641676046','INCOME vs EXPENDITURE REPORT ','files/35991362173/2016/May/s10641676045.html','undefined','undefined','INCOME vs EXPENDITURE REPORT ','system generated report',NULL,NULL,0,0,0,'','','1300130013','35991362173',1463411461,'35991362173',1463411461,NULL,'1'),('10641700335','INCOME vs EXPENDITURE REPORT ','files/35991362173/2016/May/s10641700334.html','undefined','undefined','INCOME vs EXPENDITURE REPORT ','system generated report',NULL,NULL,0,0,0,'','','1300130013','35991362173',1463411704,'35991362173',1463411704,NULL,'1'),('10641708138','INCOME vs EXPENDITURE REPORT ','files/35991362173/2016/May/s10641708137.html','undefined','undefined','INCOME vs EXPENDITURE REPORT ','system generated report',NULL,NULL,0,0,0,'','','1300130013','35991362173',1463411782,'35991362173',1463411782,NULL,'1'),('10641709063','INCOME vs EXPENDITURE REPORT ','files/35991362173/2016/May/s10641709062.html','undefined','undefined','INCOME vs EXPENDITURE REPORT ','system generated report',NULL,NULL,0,0,0,'','','1300130013','35991362173',1463411791,'35991362173',1463411791,NULL,'1'),('10641716079','INCOME vs EXPENDITURE REPORT ','files/35991362173/2016/May/s10641716078.html','undefined','undefined','INCOME vs EXPENDITURE REPORT ','system generated report',NULL,NULL,0,0,0,'','','1300130013','35991362173',1463411861,'35991362173',1463411861,NULL,'1'),('10641719014','INCOME vs EXPENDITURE REPORT ','files/35991362173/2016/May/s10641719013.html','undefined','undefined','INCOME vs EXPENDITURE REPORT ','system generated report',NULL,NULL,0,0,0,'','','1300130013','35991362173',1463411891,'35991362173',1463411891,NULL,'1'),('10641720827','INCOME vs EXPENDITURE REPORT ','files/35991362173/2016/May/s10641720826.html','undefined','undefined','INCOME vs EXPENDITURE REPORT ','system generated report',NULL,NULL,0,0,0,'','','1300130013','35991362173',1463411909,'35991362173',1463411909,NULL,'1'),('10641722038','INCOME vs EXPENDITURE REPORT ','files/35991362173/2016/May/s10641722037.html','undefined','undefined','INCOME vs EXPENDITURE REPORT ','system generated report',NULL,NULL,0,0,0,'','','1300130013','35991362173',1463411921,'35991362173',1463411921,NULL,'1'),('10641726275','INCOME vs EXPENDITURE REPORT ','files/35991362173/2016/May/s10641726274.html','undefined','undefined','INCOME vs EXPENDITURE REPORT ','system generated report',NULL,NULL,0,0,0,'','','1300130013','35991362173',1463411963,'35991362173',1463411963,NULL,'1'),('10641726831','INCOME vs EXPENDITURE REPORT ','files/35991362173/2016/May/s10641726830.html','undefined','undefined','INCOME vs EXPENDITURE REPORT ','system generated report',NULL,NULL,0,0,0,'','','1300130013','35991362173',1463411969,'35991362173',1463411969,NULL,'1'),('10641763657','INCOME vs EXPENDITURE REPORT ','files/35991362173/2016/May/s10641763656.html','undefined','undefined','INCOME vs EXPENDITURE REPORT ','system generated report',NULL,NULL,0,0,0,'','','1300130013','35991362173',1463412337,'35991362173',1463412337,NULL,'1'),('10641794344','INCOME vs EXPENDITURE REPORT ','files/35991362173/2016/May/s10641794343.html','undefined','undefined','INCOME vs EXPENDITURE REPORT ','system generated report',NULL,NULL,0,0,0,'','','1300130013','35991362173',1463412644,'35991362173',1463412644,NULL,'1'),('10641800236','INCOME vs EXPENDITURE REPORT ','files/35991362173/2016/May/s10641800235.html','undefined','undefined','INCOME vs EXPENDITURE REPORT ','system generated report',NULL,NULL,0,0,0,'','','1300130013','35991362173',1463412703,'35991362173',1463412703,NULL,'1'),('10641802174','INCOME vs EXPENDITURE REPORT ','files/35991362173/2016/May/s10641802173.html','undefined','undefined','INCOME vs EXPENDITURE REPORT ','system generated report',NULL,NULL,0,0,0,'','','1300130013','35991362173',1463412722,'35991362173',1463412722,NULL,'1'),('10641814130','INCOME vs EXPENDITURE REPORT ','files/35991362173/2016/May/s10641814129.html','undefined','undefined','INCOME vs EXPENDITURE REPORT ','system generated report',NULL,NULL,0,0,0,'','','1300130013','35991362173',1463412842,'35991362173',1463412842,NULL,'1'),('10641822473','INCOME vs EXPENDITURE REPORT ','files/35991362173/2016/May/s10641822472.html','undefined','undefined','INCOME vs EXPENDITURE REPORT ','system generated report',NULL,NULL,0,0,0,'','','1300130013','35991362173',1463412925,'35991362173',1463412925,NULL,'1'),('10641833438','INCOME vs EXPENDITURE REPORT ','files/35991362173/2016/May/s10641833437.html','undefined','undefined','INCOME vs EXPENDITURE REPORT ','system generated report',NULL,NULL,0,0,0,'','','1300130013','35991362173',1463413035,'35991362173',1463413035,NULL,'1'),('46903838312','All Budgets ReportJune 2014','files/35991362173/budgets/2014/June/s46903835240.pdf','budgets','budgets','All Budgets ReportJune 2014','system generated report',NULL,NULL,0,0,0,'','','1300130013','35991362173',1403898638,'35991362173',1403898638,NULL,'1'),('46903871279','Excel BudgetsJune 2014','files/35991362173/budgets/2014/June/46903865568.xls','budgets','budgets','Excel BudgetsJune 2014','system generated report',NULL,NULL,0,0,0,'','','1300130013','35991362173',1403898671,'35991362173',1403898671,NULL,'1'),('46904040542','Tenth Excel Budgets','files/35991362173/budgets/2014/June/46904036144.xls','budgets','budgets','Tenth Excel Budgets','system generated report',0,0,0,0,0,'undefined','undefined','1300130013','35991362173',1403898840,'35991362173',1413496071,'::1','1'),('46904194549','Tenth Budgets','files/35991362173/budgets/2014/June/s46904191107.pdf','budgets','budgets','Tenth Budgets','system generated report',NULL,NULL,0,0,0,'','','1300130013','35991362173',1403898994,'35991362173',1403898994,NULL,'1'),('46904280197','Tenth Budgets Signed','files/35991362173/budgets/2014/June/s46904276143.pdf','budgets','budgets','Tenth Budgets Signed','system generated report',NULL,NULL,0,0,0,'','','1300130013','35991362173',1403899080,'35991362173',1403899080,NULL,'1'),('7813191024','Test Reportthe boys','files/35991362173/complaints/2015/June/s7813188935.pdf','complaints','complaints','Test Reportthe boys','system generated report',NULL,NULL,0,0,0,'','','1300130013','35991362173',1435043811,'35991362173',1435043811,NULL,'1');
/*!40000 ALTER TABLE `reports` ENABLE KEYS */;
UNLOCK TABLES;

--
-- Table structure for table `sales`
--

DROP TABLE IF EXISTS `sales`;
/*!40101 SET @saved_cs_client     = @@character_set_client */;
/*!40101 SET character_set_client = utf8 */;
CREATE TABLE `sales` (
  `id` varchar(33) DEFAULT NULL,
  `sales001` int(11) DEFAULT NULL,
  `sales002` float DEFAULT NULL,
  `sales003` float DEFAULT NULL,
  `sales004` float DEFAULT NULL,
  `sales005` varchar(50) DEFAULT NULL,
  `sales006` float NOT NULL,
  `sales007` float NOT NULL,
  `sales011` float NOT NULL,
  `sales008` varchar(50) NOT NULL,
  `sales009` varchar(100) NOT NULL,
  `sales010` varchar(100) NOT NULL,
  `sales013` varchar(50) NOT NULL,
  `sales012` varchar(200) NOT NULL,
  `sales014` varchar(100) NOT NULL,
  `serial_num` int(11) NOT NULL AUTO_INCREMENT,
  `creator_role` varchar(200) DEFAULT NULL,
  `created_by` varchar(200) DEFAULT NULL,
  `creation_date` int(11) DEFAULT NULL,
  `modified_by` varchar(200) DEFAULT NULL,
  `modification_date` int(11) DEFAULT NULL,
  `ip_address` varchar(200) DEFAULT NULL,
  `device_id` varchar(100) DEFAULT NULL,
  `record_status` varchar(1) DEFAULT NULL,
  PRIMARY KEY (`serial_num`),
  UNIQUE KEY `id` (`id`)
) ENGINE=InnoDB AUTO_INCREMENT=42 DEFAULT CHARSET=latin1;
/*!40101 SET character_set_client = @saved_cs_client */;

--
-- Dumping data for table `sales`
--

LOCK TABLES `sales` WRITE;
/*!40000 ALTER TABLE `sales` DISABLE KEYS */;
INSERT INTO `sales` VALUES ('10388461062',1460882911,2,5780,0,'',0,5780,0,'','','10173870046','sold','','',1,'','35991362173',1460882911,'35991362173',1462305833,'192.168.56.1','','0'),('10390594011',1460904242,3,10960,0,'',0,10960,0,'','','10173870046','sold','','',2,'','35991362173',1460904242,'35991362173',1462305833,'192.168.56.1','','0'),('10407625772',1461074558,2,3800,500,'',0,3300,0,'','','10173870046','sold','','',3,'','35991362173',1461074558,'35991362173',1462305833,'192.168.56.1','','0'),('10407628238',1461074583,1,3800,0,'',0,3800,0,'','','10173870046','sold','','',4,'','35991362173',1461074583,'35991362173',1462305833,'192.168.56.1','','0'),('10408135862',1461079659,2,8600,0,'',0,8600,0,'','','10173870046','sold','','',5,'','35991362173',1461079659,'35991362173',1462305833,'192.168.56.1','','0'),('10408680857',1461081509,3,13400,0,'',0,13400,0,'','','10173870046','booked','','',6,'','35991362173',1461081509,'35991362173',1462305833,'::1','','0'),('10410762952',1461102330,2,8600,0,'',0,8600,0,'','','10173870046','sold','','',7,'','35991362173',1461102330,'35991362173',1462305833,'::1','','0'),('10426215173',1461256853,3,16100,0,'',0,16100,0,'','','10173870046','sold','','',8,'','35991362173',1461256853,'35991362173',1462305833,'::1','','0'),('10494330358',1461938005,2,8200,0,'',0,8200,0,'','json','10173870046','sold','','',9,'','35991362173',1461938005,'35991362173',1462305833,'::1','','0'),('10510744736',1462102149,2,11200,0,'',0,11200,0,'transfer','10318493067','10173870046','sold','','10173241557',10,'','35991362173',1462102149,'35991362173',1462305833,'::1','','0'),('10510928748',1461931189,2,11200,0,'',0,11200,0,'','10173866427','10173870046','sold','','7367611442',11,'','35991362173',1461931189,'35991362173',1462305833,'::1','','0'),('10510936813',1461931270,2,11200,0,'',0,11200,0,'','10173866427','10173870046','sold','','7367611442',12,'','35991362173',1461931270,'35991362173',1462305833,'::1','','0'),('10510942058',1461931322,2,11200,0,'',0,11200,0,'','10173866427','10173870046','sold','Hellow haha','7367611442',13,'','35991362173',1461931322,'35991362173',1462305833,'::1','','0'),('10511076330',1461500664,1,6000,0,'',0,6000,0,'','10173866427','10173870046','sold','test 23','7367611442',14,'','35991362173',1461500664,'35991362173',1462305833,'::1','','0'),('10511104060',1461500941,1,8200,0,'',0,8200,0,'','','10173870046','sold','jksa','7367611442',15,'','35991362173',1461500941,'35991362173',1462305833,'::1','','0'),('10511197722',1462020279,2,9200,0,'',0,0,0,'transfer','10173863069','','sold','Gozie Mulan','',16,'','35991362173',1462020279,'35991362173',1462305833,'::1','','0'),('10511214264',1462020444,1,1000,0,'',0,1000,0,'cheque','10173863069','10173870046','sold','Testing all boxes','10173241557',17,'','35991362173',1462020444,'35991362173',1462305833,'::1','','0'),('10511298223',1462107684,1,500,0,'',0,500,0,'cash','','10173870046','sold','','',18,'','35991362173',1462107684,'35991362173',1462305833,'::1','','0'),('10518526551',1462179966,2,14200,1200,'',0,3000,0,'cash','10173863069','10173870046','sold','Owing 10k','10173241557',19,'','35991362173',1462179966,'35991362173',1462305833,'::1','','0'),('10518561217',NULL,NULL,NULL,NULL,'undefined',0,1000,0,'cash','','','sold','Owing 10k','',20,'system','35991362173',1462180313,'35991362173',1462305833,'::1','undefined','0'),('10518577917',NULL,NULL,NULL,NULL,'undefined',0,3000,0,'cash','','','sold','Owing 10k','',21,'system','35991362173',1462180480,'35991362173',1462305833,'::1','undefined','0'),('10519285232',NULL,NULL,NULL,NULL,'undefined',0,1000,0,'cash','','','sold','Owing 10k','',22,'system','35991362173',1462187553,'35991362173',1462305833,'::1','undefined','0'),('10521670233',NULL,NULL,NULL,NULL,'undefined',0,1000,0,'cash','','','sold','Owing 10k','',23,'system','35991362173',1462211403,'35991362173',1462305833,'::1','undefined','0'),('10531559959',1462310301,50,12500,1000,'',0,11500,0,'cash','json','10173870046','sold','','7367611442',24,'','7367611442',1462310301,'7367611442',1462310301,'::1','','1'),('10531574916',1462310450,10,2500,200,'',0,50,0,'cheque','10173866427','10173870046','sold','i will come back','10173241557',25,'','7367611442',1462310450,'35991362173',1463384367,'::1','','1'),('10531589216',NULL,NULL,NULL,NULL,'undefined',0,300,0,'cash','','','sold','canvaser','',26,'system','7367611442',1462310593,'35991362173',1462295097,'::1','undefined','0'),('10531591071',NULL,NULL,NULL,NULL,'undefined',0,400,0,'cash','','','sold','canvaser','',27,'system','7367611442',1462310611,'35991362173',1462295092,'::1','undefined','0'),('10530033635',1462295037,4,1000,0,'',0,0,0,'cash','10173866427','10173870046','sold','','',28,'','7367611442',1462295037,'35991362173',1462295519,'::1','','0'),('10530043770',1461949538,2,500,0,'',0,405,0,'cash','10173866427','10173870046','sold','Balanced','10173241557',29,'','7367611442',1461949538,'35991362173',1462871882,'::1','','1'),('10530108048',NULL,NULL,NULL,NULL,'undefined',0,50,0,'cash','','','sold','','',30,'system','7367611442',1462295781,'7367611442',1462295781,'::1','undefined','1'),('10586792866',1462862630,2,500,0,'',0,500,0,'cash','10173866427','10173870046','booked','all paid but item not collected','7367611442',31,'','35991362173',1462862630,'35991362173',1462874224,'::1','','1'),('10586817845',1462862879,1,250,0,'',0,50,0,'cash','10173866427','10173870046','sold','Repair of 39 Carat Jewlery Ring','',32,'','35991362173',1462862879,'35991362173',1462862879,'::1','','1'),('10587153251',1462866233,2,500,0,'',0,0,0,'cash','10173866427','10173870046','sold','','',33,'','35991362173',1462866233,'35991362173',1462866233,'::1','','1'),('10587312936',1462867830,2,500,0,'',0,0,0,'cash','10173863069','10173870046','sold','','',34,'','35991362173',1462867830,'35991362173',1462867871,'::1','','1'),('10589164732',1462886349,2,62000,12000,'',0,10000,0,'cash','10173863069','10173870046','sold','','7367611442',35,'','35991362173',1462886349,'35991362173',1462887639,'::1','','1'),('10594290820',1462937610,5,2500,0,'',0,500,0,'cash','10173863069','10173870046','sold','','10173241557',36,'','35991362173',1462937610,'35991362173',1462937610,'::1','','1'),('10606710279',1463061804,2,20000,4000,'',0,1000,0,'cash','10318493067','10173870046','sold','','10173241557',37,'','35991362173',1463061804,'35991362173',1463061857,'::1','','1'),('10623002029',1463224722,5,1250,250,'',0,1000,0,'cash','10173863069','10173870046','sold','','',38,'','35991362173',1463224722,'35991362173',1463224722,'::1','','1'),('10676728048',1463761981,20,1000,0,'',0,50,0,'cash','10173863069','10173870046','sold','Paid 50','10173241557',39,'','35991362173',1463761981,'35991362173',1463762038,'::1','','1'),('10694235847',1463937059,3,30000,0,'',0,3000,0,'cash','10173863069','10173870046','sold','','',40,'','35991362173',1463937059,'35991362173',1463937059,'::1','','1'),('10694347473',1463938175,2,750,0,'',0,0,0,'cash','','10173870046','sold','','',41,'','35991362173',1463938175,'35991362173',1463938175,'::1','','1');
/*!40000 ALTER TABLE `sales` ENABLE KEYS */;
UNLOCK TABLES;

--
-- Table structure for table `sales_items`
--

DROP TABLE IF EXISTS `sales_items`;
/*!40101 SET @saved_cs_client     = @@character_set_client */;
/*!40101 SET character_set_client = utf8 */;
CREATE TABLE `sales_items` (
  `id` varchar(33) DEFAULT NULL,
  `sales_items001` varchar(100) DEFAULT NULL,
  `sales_items002` varchar(100) DEFAULT NULL,
  `sales_items003` float DEFAULT NULL,
  `sales_items004` float DEFAULT NULL,
  `sales_items005` float NOT NULL,
  `sales_items006` varchar(50) DEFAULT NULL,
  `sales_items007` float NOT NULL,
  `sales_items008` int(11) NOT NULL,
  `serial_num` int(11) NOT NULL AUTO_INCREMENT,
  `creator_role` varchar(200) DEFAULT NULL,
  `created_by` varchar(200) DEFAULT NULL,
  `creation_date` int(11) DEFAULT NULL,
  `modified_by` varchar(200) DEFAULT NULL,
  `modification_date` int(11) DEFAULT NULL,
  `ip_address` varchar(200) DEFAULT NULL,
  `device_id` varchar(100) DEFAULT NULL,
  `record_status` varchar(1) DEFAULT NULL,
  PRIMARY KEY (`serial_num`),
  UNIQUE KEY `id` (`id`)
) ENGINE=InnoDB AUTO_INCREMENT=53 DEFAULT CHARSET=latin1;
/*!40101 SET character_set_client = @saved_cs_client */;

--
-- Dumping data for table `sales_items`
--

LOCK TABLES `sales_items` WRITE;
/*!40000 ALTER TABLE `sales_items` DISABLE KEYS */;
INSERT INTO `sales_items` VALUES ('103884610631','10388461062','10137792271',1980,1,0,'',1980,0,1,'','35991362173',1460882911,'35991362173',1462305821,'192.168.56.1','','0'),('103884610632','10388461062','10151991850',3800,1,0,'',3800,0,2,'','35991362173',1460882911,'35991362173',1462305821,'192.168.56.1','','0'),('103905940121','10390594011','10137792271',1980,2,0,'',3960,0,3,'','35991362173',1460904241,'35991362173',1462305821,'192.168.56.1','','0'),('103905940122','10390594011','10151916155',7000,1,0,'',7000,0,4,'','35991362173',1460904241,'35991362173',1462305821,'192.168.56.1','','0'),('104076257731','10407625772','10151991850',3800,1,0,'',3800,0,5,'','35991362173',1461074558,'35991362173',1462305821,'192.168.56.1','','0'),('104076257732','10407625772','10406382741',0,1,0,'',0,0,6,'','35991362173',1461074558,'35991362173',1462305821,'192.168.56.1','','0'),('104076282391','10407628238','10390819245',3800,1,0,'',3800,0,7,'','35991362173',1461074583,'35991362173',1462305821,'192.168.56.1','','0'),('104081358631','10408135862','10151991850',3800,1,0,'',3800,0,8,'','35991362173',1461079659,'35991362173',1462305821,'192.168.56.1','','0'),('104081358632','10408135862','10406125849',4800,1,0,'',4800,0,9,'','35991362173',1461079659,'35991362173',1462305821,'192.168.56.1','','0'),('104086808581','10408680857','10151991850',3800,1,0,'',3800,0,10,'','35991362173',1461081509,'35991362173',1462305814,'::1','','0'),('104086808582','10408680857','10406125849',4800,2,0,'',9600,0,11,'','35991362173',1461081509,'35991362173',1462305814,'::1','','0'),('104107629531','10410762952','10151991850',3800,1,0,'',3800,0,12,'','35991362173',1461102330,'35991362173',1462305814,'::1','','0'),('104107629532','10410762952','10406125849',4800,1,0,'',4800,0,13,'','35991362173',1461102330,'35991362173',1462305814,'::1','','0'),('104262151741','10426215173','10151991850',3800,1,0,'',3800,0,14,'','35991362173',1461256852,'35991362173',1462305814,'::1','','0'),('104262151742','10426215173','10406125849',4800,1,0,'',4800,0,15,'','35991362173',1461256852,'35991362173',1462305814,'::1','','0'),('104262151743','10426215173','10406382741',7500,1,0,'',7500,0,16,'','35991362173',1461256852,'35991362173',1462305814,'::1','','0'),('104943303591','10494330358','10151991850',8200,1,0,'',8200,0,17,'','35991362173',1461938004,'35991362173',1462305814,'::1','','0'),('104943303592','10494330358','10406382741',0,1,0,'',0,0,18,'','35991362173',1461938004,'35991362173',1462305814,'::1','','0'),('105107447371','10510744736','10151991850',8200,1,0,'',8200,0,19,'','35991362173',1462102148,'35991362173',1462305814,'::1','','0'),('105107447372','10510744736','10406125849',3000,1,0,'',3000,0,20,'','35991362173',1462102148,'35991362173',1462305814,'::1','','0'),('105109287491','10510928748','10151991850',8200,1,0,'',8200,0,21,'','35991362173',1462103988,'35991362173',1462305814,'::1','','0'),('105109287492','10510928748','10406125849',3000,1,0,'',3000,0,22,'','35991362173',1462103988,'35991362173',1462305814,'::1','','0'),('105109368141','10510936813','10151991850',8200,1,0,'',8200,0,23,'','35991362173',1462104069,'35991362173',1462305814,'::1','','0'),('105109368142','10510936813','10406125849',3000,1,0,'',3000,0,24,'','35991362173',1462104069,'35991362173',1462305814,'::1','','0'),('105109421651','10510942058','10151991850',8200,1,0,'',8200,0,25,'','35991362173',1462104122,'35991362173',1462305814,'::1','','0'),('105109421652','10510942058','10406125849',3000,1,0,'',3000,0,26,'','35991362173',1462104122,'35991362173',1462305814,'::1','','0'),('105110763311','10511076330','10151916155',6000,1,0,'',6000,0,27,'','35991362173',1462105464,'35991362173',1462305814,'::1','','0'),('105111040611','10511104060','10151991850',8200,1,0,'',8200,0,28,'','35991362173',1462105741,'35991362173',1462305814,'::1','','0'),('105111977231','10511197722','10151991850',8200,1,0,'',8200,0,29,'','35991362173',1462106678,'35991362173',1462305814,'::1','','0'),('105111977232','10511197722','10390819245',1000,1,0,'',1000,0,30,'','35991362173',1462106678,'35991362173',1462305814,'::1','','0'),('105112142651','10511214264','10390819245',1000,1,0,'',1000,0,31,'','35991362173',1462106843,'35991362173',1462305814,'::1','','0'),('105112982241','10511298223','10390797944',500,1,0,'',500,0,32,'','35991362173',1462107683,'35991362173',1462305814,'::1','','0'),('105185265521','10518526551','10151916155',6000,1,0,'',6000,0,33,'','35991362173',1462179966,'35991362173',1462305814,'::1','','0'),('105185265522','10518526551','10181818821',8200,1,0,'',8200,0,34,'','35991362173',1462179966,'35991362173',1462305814,'::1','','0'),('105315599601','10531559959','10137792271',250,50,0,'',12500,0,35,'','7367611442',1462310300,'7367611442',1462310300,'::1','','1'),('105315749171','10531574916','10137792271',250,8,0,'',2500,4,36,'','7367611442',1462310450,'7367611442',1462310450,'::1','','1'),('105300336361','10530033635','10137792271',250,4,0,'',1000,0,37,'','7367611442',1462295037,'35991362173',1462295529,'::1','','0'),('105300437711','10530043770','10137792271',250,2,0,'',500,0,38,'','7367611442',1462295138,'7367611442',1462295138,'::1','','1'),('105867928671','10586792866','10137792271',250,2,0,'',500,0,39,'','35991362173',1462862629,'35991362173',1462862629,'::1','','1'),('105868178461','10586817845','10137792271',250,1,0,'',250,0,40,'','35991362173',1462862879,'35991362173',1462862879,'::1','','1'),('105871532521','10587153251','10137792271',250,2,0,'',500,0,41,'','35991362173',1462866233,'35991362173',1462866233,'::1','','1'),('105873129371','10587312936','10137792271',250,2,0,'',500,0,42,'','35991362173',1462867830,'35991362173',1462867830,'::1','','1'),('105891647331','10589164732','10589146449',10000,0,0,'',10000,0,43,'','35991362173',1462886348,'35991362173',1462886348,'::1','','1'),('105891647332','10589164732','10589120728',52000,1,0,'',52000,0,44,'','35991362173',1462886348,'35991362173',1462886348,'::1','','1'),('105942908211','10594290820','10591177663',500,5,0,'',2500,0,45,'','35991362173',1462937609,'35991362173',1462937609,'::1','','1'),('106067102801','10606710279','10589146449',10000,2,0,'',20000,0,46,'','35991362173',1463061803,'35991362173',1463061803,'::1','','1'),('106230020301','10623002029','10137792271',250,5,0,'',1250,0,47,'','35991362173',1463224721,'35991362173',1463224721,'::1','','1'),('10638871764','10623002029','10606775258',250,5,0,'undefined',0,0,48,'1300130013','35991362173',1463383418,'35991362173',1463383426,'::1','undefined','0'),('106767280491','10676728048','10676688318',50,20,0,'',1000,0,49,'','35991362173',1463761981,'35991362173',1463761981,'::1','','1'),('106942358481','10694235847','10589146449',10000,3,0,'',30000,0,50,'','35991362173',1463937059,'35991362173',1463937059,'::1','','1'),('106943474741','10694347473','10137792271',250,1,0,'',250,0,51,'','35991362173',1463938175,'35991362173',1463938175,'::1','','1'),('106943474742','10694347473','10591177663',500,1,0,'',500,0,52,'','35991362173',1463938175,'35991362173',1463938175,'::1','','1');
/*!40000 ALTER TABLE `sales_items` ENABLE KEYS */;
UNLOCK TABLES;

--
-- Table structure for table `state_list`
--

DROP TABLE IF EXISTS `state_list`;
/*!40101 SET @saved_cs_client     = @@character_set_client */;
/*!40101 SET character_set_client = utf8 */;
CREATE TABLE `state_list` (
  `id` varchar(33) DEFAULT NULL,
  `state_list001` varchar(200) DEFAULT NULL,
  `state_list002` varchar(200) DEFAULT NULL,
  `state_list003` varchar(200) DEFAULT NULL,
  `state_list004` varchar(200) DEFAULT NULL,
  `state_list005` varchar(2) NOT NULL,
  `serial_num` int(11) NOT NULL AUTO_INCREMENT,
  `creator_role` int(11) NOT NULL,
  `created_by` varchar(33) NOT NULL,
  `creation_date` int(11) NOT NULL,
  `modified_by` varchar(33) NOT NULL,
  `modification_date` int(11) NOT NULL,
  `ip_address` varchar(33) NOT NULL,
  `record_status` varchar(100) DEFAULT NULL,
  PRIMARY KEY (`serial_num`),
  UNIQUE KEY `id` (`id`)
) ENGINE=InnoDB AUTO_INCREMENT=3716 DEFAULT CHARSET=latin1;
/*!40101 SET character_set_client = @saved_cs_client */;

--
-- Dumping data for table `state_list`
--

LOCK TABLES `state_list` WRITE;
/*!40000 ALTER TABLE `state_list` DISABLE KEYS */;
INSERT INTO `state_list` VALUES ('1371811510_11','Alabama','AL','1228','','',1,0,'',0,'',0,'','1'),('1371811510_12','Alaska','AK','1228','','',2,0,'',0,'',0,'','1'),('1371811510_13','Arizona','AZ','1228','','',3,0,'',0,'',0,'','1'),('1371811510_14','Arkansas','AR','1228','','',4,0,'',0,'',0,'','1'),('1371811510_15','California','CA','1228','','',5,0,'',0,'',0,'','1'),('1371811510_16','Colorado','CO','1228','','',6,0,'',0,'',0,'','1'),('1371811510_17','Connecticut','CT','1228','','',7,0,'',0,'',0,'','1'),('1371811510_18','Delaware','DE','1228','','',8,0,'',0,'',0,'','1'),('1371811510_19','Florida','FL','1228','','',9,0,'',0,'',0,'','1'),('1371811510_110','Georgia','GA','1228','','',10,0,'',0,'',0,'','1'),('1371811510_111','Hawaii','HI','1228','','',11,0,'',0,'',0,'','1'),('1371811510_112','Idaho','ID','1228','','',12,0,'',0,'',0,'','1'),('1371811510_113','Illinois','IL','1228','','',13,0,'',0,'',0,'','1'),('1371811510_114','Indiana','IN','1228','','',14,0,'',0,'',0,'','1'),('1371811510_115','Iowa','IA','1228','','',15,0,'',0,'',0,'','1'),('1371811510_116','Kansas','KS','1228','','',16,0,'',0,'',0,'','1'),('1371811510_117','Kentucky','KY','1228','','',17,0,'',0,'',0,'','1'),('1371811510_118','Louisiana','LA','1228','','',18,0,'',0,'',0,'','1'),('1371811510_119','Maine','ME','1228','','',19,0,'',0,'',0,'','1'),('1371811511_120','Maryland','MD','1228','','',20,0,'',0,'',0,'','1'),('1371811511_121','Massachusetts','MA','1228','','',21,0,'',0,'',0,'','1'),('1371811511_122','Michigan','MI','1228','','',22,0,'',0,'',0,'','1'),('1371811511_123','Minnesota','MN','1228','','',23,0,'',0,'',0,'','1'),('1371811511_124','Mississippi','MS','1228','','',24,0,'',0,'',0,'','1'),('1371811511_125','Missouri','MO','1228','','',25,0,'',0,'',0,'','1'),('1371811511_126','Montana','MT','1228','','',26,0,'',0,'',0,'','1'),('1371811511_127','Nebraska','NE','1228','','',27,0,'',0,'',0,'','1'),('1371811511_128','Nevada','NV','1228','','',28,0,'',0,'',0,'','1'),('1371811511_129','New Hampshire','NH','1228','','',29,0,'',0,'',0,'','1'),('1371811511_130','New Jersey','NJ','1228','','',30,0,'',0,'',0,'','1'),('1371811511_131','New Mexico','NM','1228','','',31,0,'',0,'',0,'','1'),('1371811511_132','New York','NY','1228','','',32,0,'',0,'',0,'','1'),('1371811511_133','North Carolina','NC','1228','','',33,0,'',0,'',0,'','1'),('1371811511_134','North Dakota','ND','1228','','',34,0,'',0,'',0,'','1'),('1371811511_135','Ohio','OH','1228','','',35,0,'',0,'',0,'','1'),('1371811511_136','Oklahoma','OK','1228','','',36,0,'',0,'',0,'','1'),('1371811511_137','Oregon','OR','1228','','',37,0,'',0,'',0,'','1'),('1371811511_138','Pennsylvania','PA','1228','','',38,0,'',0,'',0,'','1'),('1371811511_139','Rhode Island','RI','1228','','',39,0,'',0,'',0,'','1'),('1371811511_140','South Carolina','SC','1228','','',40,0,'',0,'',0,'','1'),('1371811511_141','South Dakota','SD','1228','','',41,0,'',0,'',0,'','1'),('1371811511_142','Tennessee','TN','1228','','',42,0,'',0,'',0,'','1'),('1371811511_143','Texas','TX','1228','','',43,0,'',0,'',0,'','1'),('1371811511_144','Utah','UT','1228','','',44,0,'',0,'',0,'','1'),('1371811511_145','Vermont','VT','1228','','',45,0,'',0,'',0,'','1'),('1371811511_146','Virginia','VA','1228','','',46,0,'',0,'',0,'','1'),('1371811511_147','Washington','WA','1228','','',47,0,'',0,'',0,'','1'),('1371811511_148','West Virginia','WV','1228','','',48,0,'',0,'',0,'','1'),('1371811511_149','Wisconsin','WI','1228','','',49,0,'',0,'',0,'','1'),('1371811511_150','Wyoming','WY','1228','','',50,0,'',0,'',0,'','1'),('1371811511_151','District of Columbia','DC','1228','','',51,0,'',0,'',0,'','1'),('1371811511_152','American Samoa','AS','1228','','',52,0,'',0,'',0,'','1'),('1371811511_153','Guam','GU','1228','','',53,0,'',0,'',0,'','1'),('1371811511_154','Northern Mariana Islands','MP','1228','','',54,0,'',0,'',0,'','1'),('1371811511_155','Puerto Rico','PR','1228','','',55,0,'',0,'',0,'','1'),('1371811511_156','Virgin Islands','VI','1228','','',56,0,'',0,'',0,'','1'),('1371811511_157','United States Minor Outlying Islands','UM','1228','','',57,0,'',0,'',0,'','1'),('1371811511_158','Armed Forces Europe','AE','1228','','',58,0,'',0,'',0,'','1'),('1371811511_159','Armed Forces Americas','AA','1228','','',59,0,'',0,'',0,'','1'),('1371811511_160','Armed Forces Pacific','AP','1228','','',60,0,'',0,'',0,'','1'),('1371811511_161','Alberta','AB','1039','','',61,0,'',0,'',0,'','1'),('1371811511_162','British Columbia','BC','1039','','',62,0,'',0,'',0,'','1'),('1371811511_163','Manitoba','MB','1039','','',63,0,'',0,'',0,'','1'),('1371811511_164','New Brunswick','NB','1039','','',64,0,'',0,'',0,'','1'),('1371811511_165','Newfoundland and Labrador','NL','1039','','',65,0,'',0,'',0,'','1'),('1371811511_166','Northwest Territories','NT','1039','','',66,0,'',0,'',0,'','1'),('1371811511_167','Nova Scotia','NS','1039','','',67,0,'',0,'',0,'','1'),('1371811511_168','Nunavut','NU','1039','','',68,0,'',0,'',0,'','1'),('1371811511_169','Ontario','ON','1039','','',69,0,'',0,'',0,'','1'),('1371811511_170','Prince Edward Island','PE','1039','','',70,0,'',0,'',0,'','1'),('1371811511_171','Quebec','QC','1039','','',71,0,'',0,'',0,'','1'),('1371811511_172','Saskatchewan','SK','1039','','',72,0,'',0,'',0,'','1'),('1371811511_173','Yukon Territory','YT','1039','','',73,0,'',0,'',0,'','1'),('1371811511_174','Maharashtra','MM','1101','','',74,0,'',0,'',0,'','1'),('1371811511_175','Karnataka','KA','1101','','',75,0,'',0,'',0,'','1'),('1371811511_176','Andhra Pradesh','AP','1101','','',76,0,'',0,'',0,'','1'),('1371811511_177','Arunachal Pradesh','AR','1101','','',77,0,'',0,'',0,'','1'),('1371811511_178','Assam','AS','1101','','',78,0,'',0,'',0,'','1'),('1371811511_179','Bihar','BR','1101','','',79,0,'',0,'',0,'','1'),('1371811511_180','Chhattisgarh','CH','1101','','',80,0,'',0,'',0,'','1'),('1371811511_181','Goa','GA','1101','','',81,0,'',0,'',0,'','1'),('1371811511_182','Gujarat','GJ','1101','','',82,0,'',0,'',0,'','1'),('1371811511_183','Haryana','HR','1101','','',83,0,'',0,'',0,'','1'),('1371811511_184','Himachal Pradesh','HP','1101','','',84,0,'',0,'',0,'','1'),('1371811511_185','Jammu and Kashmir','JK','1101','','',85,0,'',0,'',0,'','1'),('1371811511_186','Jharkhand','JH','1101','','',86,0,'',0,'',0,'','1'),('1371811511_187','Kerala','KL','1101','','',87,0,'',0,'',0,'','1'),('1371811511_188','Madhya Pradesh','MP','1101','','',88,0,'',0,'',0,'','1'),('1371811511_189','Manipur','MN','1101','','',89,0,'',0,'',0,'','1'),('1371811511_190','Meghalaya','ML','1101','','',90,0,'',0,'',0,'','1'),('1371811511_191','Mizoram','MZ','1101','','',91,0,'',0,'',0,'','1'),('1371811511_192','Nagaland','NL','1101','','',92,0,'',0,'',0,'','1'),('1371811511_193','Orissa','OR','1101','','',93,0,'',0,'',0,'','1'),('1371811511_194','Punjab','PB','1101','','',94,0,'',0,'',0,'','1'),('1371811511_195','Rajasthan','RJ','1101','','',95,0,'',0,'',0,'','1'),('1371811511_196','Sikkim','SK','1101','','',96,0,'',0,'',0,'','1'),('1371811511_197','Tamil Nadu','TN','1101','','',97,0,'',0,'',0,'','1'),('1371811511_198','Tripura','TR','1101','','',98,0,'',0,'',0,'','1'),('1371811511_199','Uttaranchal','UL','1101','','',99,0,'',0,'',0,'','1'),('1371811511_1100','Uttar Pradesh','UP','1101','','',100,0,'',0,'',0,'','1'),('1371811511_1101','West Bengal','WB','1101','','',101,0,'',0,'',0,'','1'),('1371811511_1102','Andaman and Nicobar Islands','AN','1101','','',102,0,'',0,'',0,'','1'),('1371811511_1103','Dadra and Nagar Haveli','DN','1101','','',103,0,'',0,'',0,'','1'),('1371811511_1104','Daman and Diu','DD','1101','','',104,0,'',0,'',0,'','1'),('1371811511_1105','Delhi','DL','1101','','',105,0,'',0,'',0,'','1'),('1371811511_1106','Lakshadweep','LD','1101','','',106,0,'',0,'',0,'','1'),('1371811511_1107','Pondicherry','PY','1101','','',107,0,'',0,'',0,'','1'),('1371811511_1108','mazowieckie','MZ','1172','','',108,0,'',0,'',0,'','1'),('1371811511_1109','pomorskie','PM','1172','','',109,0,'',0,'',0,'','1'),('1371811511_1110','dolno?l?skie','DS','1172','','',110,0,'',0,'',0,'','1'),('1371811511_1111','kujawsko-pomorskie','KP','1172','','',111,0,'',0,'',0,'','1'),('1371811511_1112','lubelskie','LU','1172','','',112,0,'',0,'',0,'','1'),('1371811511_1113','lubuskie','LB','1172','','',113,0,'',0,'',0,'','1'),('1371811511_1114','?dzkie','LD','1172','','',114,0,'',0,'',0,'','1'),('1371811511_1115','ma?opolskie','MA','1172','','',115,0,'',0,'',0,'','1'),('1371811511_1116','opolskie','OP','1172','','',116,0,'',0,'',0,'','1'),('1371811511_1117','podkarpackie','PK','1172','','',117,0,'',0,'',0,'','1'),('1371811511_1118','podlaskie','PD','1172','','',118,0,'',0,'',0,'','1'),('1371811511_1119','?l?skie','SL','1172','','',119,0,'',0,'',0,'','1'),('1371811511_1120','?wi?tokrzyskie','SK','1172','','',120,0,'',0,'',0,'','1'),('1371811511_1121','warmi?sko-mazurskie','WN','1172','','',121,0,'',0,'',0,'','1'),('1371811511_1122','wielkopolskie','WP','1172','','',122,0,'',0,'',0,'','1'),('1371811511_1123','zachodniopomorskie','ZP','1172','','',123,0,'',0,'',0,'','1'),('1371811511_1124','Abu Zaby','AZ','1225','','',124,0,'',0,'',0,'','1'),('1371811511_1125',' Ajman','AJ','1225','','',125,0,'',0,'',0,'','1'),('1371811511_1126','Al Fujayrah','FU','1225','','',126,0,'',0,'',0,'','1'),('1371811511_1127','Ash Shariqah','SH','1225','','',127,0,'',0,'',0,'','1'),('1371811511_1128','Dubayy','DU','1225','','',128,0,'',0,'',0,'','1'),('1371811511_1129','Ra s al Khaymah','RK','1225','','',129,0,'',0,'',0,'','1'),('1371811511_1130','Dac Lac','33','1233','','',130,0,'',0,'',0,'','1'),('1371811511_1131','Umm al Qaywayn','UQ','1225','','',131,0,'',0,'',0,'','1'),('1371811511_1132','Badakhshan','BDS','1001','','',132,0,'',0,'',0,'','1'),('1371811511_1133','Badghis','BDG','1001','','',133,0,'',0,'',0,'','1'),('1371811511_1134','Baghlan','BGL','1001','','',134,0,'',0,'',0,'','1'),('1371811511_1135','Balkh','BAL','1001','','',135,0,'',0,'',0,'','1'),('1371811511_1136','Bamian','BAM','1001','','',136,0,'',0,'',0,'','1'),('1371811511_1137','Farah','FRA','1001','','',137,0,'',0,'',0,'','1'),('1371811511_1138','Faryab','FYB','1001','','',138,0,'',0,'',0,'','1'),('1371811511_1139','Ghazni','GHA','1001','','',139,0,'',0,'',0,'','1'),('1371811511_1140','Ghowr','GHO','1001','','',140,0,'',0,'',0,'','1'),('1371811511_1141','Helmand','HEL','1001','','',141,0,'',0,'',0,'','1'),('1371811511_1142','Herat','HER','1001','','',142,0,'',0,'',0,'','1'),('1371811511_1143','Jowzjan','JOW','1001','','',143,0,'',0,'',0,'','1'),('1371811511_1144','Kabul','KAB','1001','','',144,0,'',0,'',0,'','1'),('1371811511_1145','Kandahar','KAN','1001','','',145,0,'',0,'',0,'','1'),('1371811511_1146','Kapisa','KAP','1001','','',146,0,'',0,'',0,'','1'),('1371811511_1147','Khowst','KHO','1001','','',147,0,'',0,'',0,'','1'),('1371811511_1148','Konar','KNR','1001','','',148,0,'',0,'',0,'','1'),('1371811511_1149','Kondoz','KDZ','1001','','',149,0,'',0,'',0,'','1'),('1371811511_1150','Laghman','LAG','1001','','',150,0,'',0,'',0,'','1'),('1371811511_1151','Lowgar','LOW','1001','','',151,0,'',0,'',0,'','1'),('1371811511_1152','Nangrahar','NAN','1001','','',152,0,'',0,'',0,'','1'),('1371811511_1153','Nimruz','NIM','1001','','',153,0,'',0,'',0,'','1'),('1371811511_1154','Nurestan','NUR','1001','','',154,0,'',0,'',0,'','1'),('1371811511_1155','Oruzgan','ORU','1001','','',155,0,'',0,'',0,'','1'),('1371811511_1156','Paktia','PIA','1001','','',156,0,'',0,'',0,'','1'),('1371811511_1157','Paktika','PKA','1001','','',157,0,'',0,'',0,'','1'),('1371811511_1158','Parwan','PAR','1001','','',158,0,'',0,'',0,'','1'),('1371811511_1159','Samangan','SAM','1001','','',159,0,'',0,'',0,'','1'),('1371811511_1160','Sar-e Pol','SAR','1001','','',160,0,'',0,'',0,'','1'),('1371811511_1161','Takhar','TAK','1001','','',161,0,'',0,'',0,'','1'),('1371811511_1162','Wardak','WAR','1001','','',162,0,'',0,'',0,'','1'),('1371811511_1163','Zabol','ZAB','1001','','',163,0,'',0,'',0,'','1'),('1371811511_1164','Berat','BR','1002','','',164,0,'',0,'',0,'','1'),('1371811511_1165','Bulqiz','BU','1002','','',165,0,'',0,'',0,'','1'),('1371811511_1166','Delvin','DL','1002','','',166,0,'',0,'',0,'','1'),('1371811511_1167','Devoll','DV','1002','','',167,0,'',0,'',0,'','1'),('1371811511_1168','Dib','DI','1002','','',168,0,'',0,'',0,'','1'),('1371811511_1169','Durrs','DR','1002','','',169,0,'',0,'',0,'','1'),('1371811511_1170','Elbasan','EL','1002','','',170,0,'',0,'',0,'','1'),('1371811511_1171','Fier','FR','1002','','',171,0,'',0,'',0,'','1'),('1371811511_1172','Gramsh','GR','1002','','',172,0,'',0,'',0,'','1'),('1371811511_1173','Gjirokast','GJ','1002','','',173,0,'',0,'',0,'','1'),('1371811511_1174','Has','HA','1002','','',174,0,'',0,'',0,'','1'),('1371811511_1175','Kavaj','KA','1002','','',175,0,'',0,'',0,'','1'),('1371811511_1176','Kolonj','ER','1002','','',176,0,'',0,'',0,'','1'),('1371811511_1177','Korc','KO','1002','','',177,0,'',0,'',0,'','1'),('1371811511_1178','Kruj','KR','1002','','',178,0,'',0,'',0,'','1'),('1371811511_1179','Kuov','KC','1002','','',179,0,'',0,'',0,'','1'),('1371811511_1180','Kuk','KU','1002','','',180,0,'',0,'',0,'','1'),('1371811511_1181','Kurbin','KB','1002','','',181,0,'',0,'',0,'','1'),('1371811511_1182','Lezh','LE','1002','','',182,0,'',0,'',0,'','1'),('1371811511_1183','Librazhd','LB','1002','','',183,0,'',0,'',0,'','1'),('1371811511_1184','Lushnj','LU','1002','','',184,0,'',0,'',0,'','1'),('1371811511_1185','Malsi e Madhe','MM','1002','','',185,0,'',0,'',0,'','1'),('1371811511_1186','Mallakast','MK','1002','','',186,0,'',0,'',0,'','1'),('1371811511_1187','Mat','MT','1002','','',187,0,'',0,'',0,'','1'),('1371811511_1188','Mirdit','MR','1002','','',188,0,'',0,'',0,'','1'),('1371811511_1189','Peqin','PQ','1002','','',189,0,'',0,'',0,'','1'),('1371811511_1190','Prmet','PR','1002','','',190,0,'',0,'',0,'','1'),('1371811511_1191','Pogradec','PG','1002','','',191,0,'',0,'',0,'','1'),('1371811511_1192','Puk','PU','1002','','',192,0,'',0,'',0,'','1'),('1371811511_1193','Sarand','SR','1002','','',193,0,'',0,'',0,'','1'),('1371811511_1194','Skrapar','SK','1002','','',194,0,'',0,'',0,'','1'),('1371811511_1195','Shkod','SH','1002','','',195,0,'',0,'',0,'','1'),('1371811511_1196','Tepelen','TE','1002','','',196,0,'',0,'',0,'','1'),('1371811511_1197','Tiran','TR','1002','','',197,0,'',0,'',0,'','1'),('1371811511_1198','Tropoj','TP','1002','','',198,0,'',0,'',0,'','1'),('1371811511_1199','Vlor','VL','1002','','',199,0,'',0,'',0,'','1'),('1371811511_1200','Erevan','ER','1011','','',200,0,'',0,'',0,'','1'),('1371811511_1201','Aragacotn','AG','1011','','',201,0,'',0,'',0,'','1'),('1371811511_1202','Ararat','AR','1011','','',202,0,'',0,'',0,'','1'),('1371811511_1203','Armavir','AV','1011','','',203,0,'',0,'',0,'','1'),('1371811511_1204','Gegarkunik ','GR','1011','','',204,0,'',0,'',0,'','1'),('1371811511_1205','Kotayk ','KT','1011','','',205,0,'',0,'',0,'','1'),('1371811511_1206','Lory','LO','1011','','',206,0,'',0,'',0,'','1'),('1371811511_1207','Sirak','SH','1011','','',207,0,'',0,'',0,'','1'),('1371811511_1208','Syunik ','SU','1011','','',208,0,'',0,'',0,'','1'),('1371811511_1209','Tavus','TV','1011','','',209,0,'',0,'',0,'','1'),('1371811511_1210','Vayoc Jor','VD','1011','','',210,0,'',0,'',0,'','1'),('1371811511_1211','Bengo','BGO','1006','','',211,0,'',0,'',0,'','1'),('1371811511_1212','Benguela','BGU','1006','','',212,0,'',0,'',0,'','1'),('1371811511_1213','Bie','BIE','1006','','',213,0,'',0,'',0,'','1'),('1371811511_1214','Cabinda','CAB','1006','','',214,0,'',0,'',0,'','1'),('1371811511_1215','Cuando-Cubango','CCU','1006','','',215,0,'',0,'',0,'','1'),('1371811511_1216','Cuanza Norte','CNO','1006','','',216,0,'',0,'',0,'','1'),('1371811511_1217','Cuanza Sul','CUS','1006','','',217,0,'',0,'',0,'','1'),('1371811511_1218','Cunene','CNN','1006','','',218,0,'',0,'',0,'','1'),('1371811511_1219','Huambo','HUA','1006','','',219,0,'',0,'',0,'','1'),('1371811511_1220','Huila','HUI','1006','','',220,0,'',0,'',0,'','1'),('1371811511_1221','Luanda','LUA','1006','','',221,0,'',0,'',0,'','1'),('1371811511_1222','Lunda Norte','LNO','1006','','',222,0,'',0,'',0,'','1'),('1371811511_1223','Lunda Sul','LSU','1006','','',223,0,'',0,'',0,'','1'),('1371811511_1224','Malange','MAL','1006','','',224,0,'',0,'',0,'','1'),('1371811511_1225','Moxico','MOX','1006','','',225,0,'',0,'',0,'','1'),('1371811511_1226','Namibe','NAM','1006','','',226,0,'',0,'',0,'','1'),('1371811511_1227','Uige','UIG','1006','','',227,0,'',0,'',0,'','1'),('1371811511_1228','Zaire','ZAI','1006','','',228,0,'',0,'',0,'','1'),('1371811511_1229','Capital federal','C','1010','','',229,0,'',0,'',0,'','1'),('1371811511_1230','Buenos Aires','B','1010','','',230,0,'',0,'',0,'','1'),('1371811511_1231','Catamarca','K','1010','','',231,0,'',0,'',0,'','1'),('1371811511_1232','Cordoba','X','1010','','',232,0,'',0,'',0,'','1'),('1371811511_1233','Corrientes','W','1010','','',233,0,'',0,'',0,'','1'),('1371811511_1234','Chaco','H','1010','','',234,0,'',0,'',0,'','1'),('1371811511_1235','Chubut','U','1010','','',235,0,'',0,'',0,'','1'),('1371811511_1236','Entre Rios','E','1010','','',236,0,'',0,'',0,'','1'),('1371811511_1237','Formosa','P','1010','','',237,0,'',0,'',0,'','1'),('1371811511_1238','Jujuy','Y','1010','','',238,0,'',0,'',0,'','1'),('1371811511_1239','La Pampa','L','1010','','',239,0,'',0,'',0,'','1'),('1371811511_1240','Mendoza','M','1010','','',240,0,'',0,'',0,'','1'),('1371811511_1241','Misiones','N','1010','','',241,0,'',0,'',0,'','1'),('1371811511_1242','Neuquen','Q','1010','','',242,0,'',0,'',0,'','1'),('1371811511_1243','Rio Negro','R','1010','','',243,0,'',0,'',0,'','1'),('1371811511_1244','Salta','A','1010','','',244,0,'',0,'',0,'','1'),('1371811511_1245','San Juan','J','1010','','',245,0,'',0,'',0,'','1'),('1371811511_1246','San Luis','D','1010','','',246,0,'',0,'',0,'','1'),('1371811511_1247','Santa Cruz','Z','1010','','',247,0,'',0,'',0,'','1'),('1371811511_1248','Santa Fe','S','1010','','',248,0,'',0,'',0,'','1'),('1371811511_1249','Santiago del Estero','G','1010','','',249,0,'',0,'',0,'','1'),('1371811511_1250','Tierra del Fuego','V','1010','','',250,0,'',0,'',0,'','1'),('1371811511_1251','Tucuman','T','1010','','',251,0,'',0,'',0,'','1'),('1371811511_1252','Burgenland','1','1014','','',252,0,'',0,'',0,'','1'),('1371811511_1253','Krnten','2','1014','','',253,0,'',0,'',0,'','1'),('1371811511_1254','Niederosterreich','3','1014','','',254,0,'',0,'',0,'','1'),('1371811511_1255','Oberosterreich','4','1014','','',255,0,'',0,'',0,'','1'),('1371811511_1256','Salzburg','5','1014','','',256,0,'',0,'',0,'','1'),('1371811511_1257','Steiermark','6','1014','','',257,0,'',0,'',0,'','1'),('1371811511_1258','Tirol','7','1014','','',258,0,'',0,'',0,'','1'),('1371811511_1259','Vorarlberg','8','1014','','',259,0,'',0,'',0,'','1'),('1371811511_1260','Wien','9','1014','','',260,0,'',0,'',0,'','1'),('1371811511_1261','Australian Antarctic Territory','AAT','1008','','',261,0,'',0,'',0,'','1'),('1371811511_1262','Australian Capital Territory','ACT','1013','','',262,0,'',0,'',0,'','1'),('1371811511_1263','Northern Territory','NT','1013','','',263,0,'',0,'',0,'','1'),('1371811511_1264','New South Wales','NSW','1013','','',264,0,'',0,'',0,'','1'),('1371811511_1265','Queensland','QLD','1013','','',265,0,'',0,'',0,'','1'),('1371811511_1266','South Australia','SA','1013','','',266,0,'',0,'',0,'','1'),('1371811511_1267','Tasmania','TAS','1013','','',267,0,'',0,'',0,'','1'),('1371811511_1268','Victoria','VIC','1013','','',268,0,'',0,'',0,'','1'),('1371811511_1269','Western Australia','WA','1013','','',269,0,'',0,'',0,'','1'),('1371811511_1270','Naxcivan','NX','1015','','',270,0,'',0,'',0,'','1'),('1371811511_1271','Ali Bayramli','AB','1015','','',271,0,'',0,'',0,'','1'),('1371811511_1272','Baki','BA','1015','','',272,0,'',0,'',0,'','1'),('1371811511_1273','Ganca','GA','1015','','',273,0,'',0,'',0,'','1'),('1371811511_1274','Lankaran','LA','1015','','',274,0,'',0,'',0,'','1'),('1371811511_1275','Mingacevir','MI','1015','','',275,0,'',0,'',0,'','1'),('1371811511_1276','Naftalan','NA','1015','','',276,0,'',0,'',0,'','1'),('1371811511_1277','Saki','SA','1015','','',277,0,'',0,'',0,'','1'),('1371811511_1278','Sumqayit','SM','1015','','',278,0,'',0,'',0,'','1'),('1371811511_1279','Susa','SS','1015','','',279,0,'',0,'',0,'','1'),('1371811511_1280','Xankandi','XA','1015','','',280,0,'',0,'',0,'','1'),('1371811511_1281','Yevlax','YE','1015','','',281,0,'',0,'',0,'','1'),('1371811511_1282','Abseron','ABS','1015','','',282,0,'',0,'',0,'','1'),('1371811511_1283','Agcabadi','AGC','1015','','',283,0,'',0,'',0,'','1'),('1371811511_1284','Agdam','AGM','1015','','',284,0,'',0,'',0,'','1'),('1371811511_1285','Agdas','AGS','1015','','',285,0,'',0,'',0,'','1'),('1371811511_1286','Agstafa','AGA','1015','','',286,0,'',0,'',0,'','1'),('1371811511_1287','Agsu','AGU','1015','','',287,0,'',0,'',0,'','1'),('1371811511_1288','Astara','AST','1015','','',288,0,'',0,'',0,'','1'),('1371811511_1289','Babak','BAB','1015','','',289,0,'',0,'',0,'','1'),('1371811511_1290','Balakan','BAL','1015','','',290,0,'',0,'',0,'','1'),('1371811511_1291','Barda','BAR','1015','','',291,0,'',0,'',0,'','1'),('1371811511_1292','Beylagan','BEY','1015','','',292,0,'',0,'',0,'','1'),('1371811511_1293','Bilasuvar','BIL','1015','','',293,0,'',0,'',0,'','1'),('1371811511_1294','Cabrayll','CAB','1015','','',294,0,'',0,'',0,'','1'),('1371811511_1295','Calilabad','CAL','1015','','',295,0,'',0,'',0,'','1'),('1371811511_1296','Culfa','CUL','1015','','',296,0,'',0,'',0,'','1'),('1371811511_1297','Daskasan','DAS','1015','','',297,0,'',0,'',0,'','1'),('1371811511_1298','Davaci','DAV','1015','','',298,0,'',0,'',0,'','1'),('1371811511_1299','Fuzuli','FUZ','1015','','',299,0,'',0,'',0,'','1'),('1371811511_1300','Gadabay','GAD','1015','','',300,0,'',0,'',0,'','1'),('1371811511_1301','Goranboy','GOR','1015','','',301,0,'',0,'',0,'','1'),('1371811511_1302','Goycay','GOY','1015','','',302,0,'',0,'',0,'','1'),('1371811511_1303','Haciqabul','HAC','1015','','',303,0,'',0,'',0,'','1'),('1371811511_1304','Imisli','IMI','1015','','',304,0,'',0,'',0,'','1'),('1371811511_1305','Ismayilli','ISM','1015','','',305,0,'',0,'',0,'','1'),('1371811511_1306','Kalbacar','KAL','1015','','',306,0,'',0,'',0,'','1'),('1371811511_1307','Kurdamir','KUR','1015','','',307,0,'',0,'',0,'','1'),('1371811511_1308','Lacin','LAC','1015','','',308,0,'',0,'',0,'','1'),('1371811511_1309','Lerik','LER','1015','','',309,0,'',0,'',0,'','1'),('1371811511_1310','Masalli','MAS','1015','','',310,0,'',0,'',0,'','1'),('1371811511_1311','Neftcala','NEF','1015','','',311,0,'',0,'',0,'','1'),('1371811511_1312','Oguz','OGU','1015','','',312,0,'',0,'',0,'','1'),('1371811511_1313','Ordubad','ORD','1015','','',313,0,'',0,'',0,'','1'),('1371811511_1314','Qabala','QAB','1015','','',314,0,'',0,'',0,'','1'),('1371811511_1315','Qax','QAX','1015','','',315,0,'',0,'',0,'','1'),('1371811511_1316','Qazax','QAZ','1015','','',316,0,'',0,'',0,'','1'),('1371811511_1317','Qobustan','QOB','1015','','',317,0,'',0,'',0,'','1'),('1371811511_1318','Quba','QBA','1015','','',318,0,'',0,'',0,'','1'),('1371811511_1319','Qubadli','QBI','1015','','',319,0,'',0,'',0,'','1'),('1371811511_1320','Qusar','QUS','1015','','',320,0,'',0,'',0,'','1'),('1371811511_1321','Saatli','SAT','1015','','',321,0,'',0,'',0,'','1'),('1371811511_1322','Sabirabad','SAB','1015','','',322,0,'',0,'',0,'','1'),('1371811511_1323','Sadarak','SAD','1015','','',323,0,'',0,'',0,'','1'),('1371811511_1324','Sahbuz','SAH','1015','','',324,0,'',0,'',0,'','1'),('1371811511_1325','Salyan','SAL','1015','','',325,0,'',0,'',0,'','1'),('1371811511_1326','Samaxi','SMI','1015','','',326,0,'',0,'',0,'','1'),('1371811511_1327','Samkir','SKR','1015','','',327,0,'',0,'',0,'','1'),('1371811511_1328','Samux','SMX','1015','','',328,0,'',0,'',0,'','1'),('1371811511_1329','Sarur','SAR','1015','','',329,0,'',0,'',0,'','1'),('1371811511_1330','Siyazan','SIY','1015','','',330,0,'',0,'',0,'','1'),('1371811511_1331','Tartar','TAR','1015','','',331,0,'',0,'',0,'','1'),('1371811511_1332','Tovuz','TOV','1015','','',332,0,'',0,'',0,'','1'),('1371811511_1333','Ucar','UCA','1015','','',333,0,'',0,'',0,'','1'),('1371811511_1334','Xacmaz','XAC','1015','','',334,0,'',0,'',0,'','1'),('1371811511_1335','Xanlar','XAN','1015','','',335,0,'',0,'',0,'','1'),('1371811511_1336','Xizi','XIZ','1015','','',336,0,'',0,'',0,'','1'),('1371811511_1337','Xocali','XCI','1015','','',337,0,'',0,'',0,'','1'),('1371811512_1338','Xocavand','XVD','1015','','',338,0,'',0,'',0,'','1'),('1371811512_1339','Yardimli','YAR','1015','','',339,0,'',0,'',0,'','1'),('1371811512_1340','Zangilan','ZAN','1015','','',340,0,'',0,'',0,'','1'),('1371811512_1341','Zaqatala','ZAQ','1015','','',341,0,'',0,'',0,'','1'),('1371811512_1342','Zardab','ZAR','1015','','',342,0,'',0,'',0,'','1'),('1371811512_1343','Federacija Bosna i Hercegovina','BIH','1026','','',343,0,'',0,'',0,'','1'),('1371811512_1344','Republika Srpska','SRP','1026','','',344,0,'',0,'',0,'','1'),('1371811512_1345','Bagerhat zila','05','1017','','',345,0,'',0,'',0,'','1'),('1371811512_1346','Bandarban zila','01','1017','','',346,0,'',0,'',0,'','1'),('1371811512_1347','Barguna zila','02','1017','','',347,0,'',0,'',0,'','1'),('1371811512_1348','Barisal zila','06','1017','','',348,0,'',0,'',0,'','1'),('1371811512_1349','Bhola zila','07','1017','','',349,0,'',0,'',0,'','1'),('1371811512_1350','Bogra zila','03','1017','','',350,0,'',0,'',0,'','1'),('1371811512_1351','Brahmanbaria zila','04','1017','','',351,0,'',0,'',0,'','1'),('1371811512_1352','Chandpur zila','09','1017','','',352,0,'',0,'',0,'','1'),('1371811512_1353','Chittagong zila','10','1017','','',353,0,'',0,'',0,'','1'),('1371811512_1354','Chuadanga zila','12','1017','','',354,0,'',0,'',0,'','1'),('1371811512_1355','Comilla zila','08','1017','','',355,0,'',0,'',0,'','1'),('1371811512_1356','Cox s Bazar zila','11','1017','','',356,0,'',0,'',0,'','1'),('1371811512_1357','Dhaka zila','13','1017','','',357,0,'',0,'',0,'','1'),('1371811512_1358','Dinajpur zila','14','1017','','',358,0,'',0,'',0,'','1'),('1371811512_1359','Faridpur zila','15','1017','','',359,0,'',0,'',0,'','1'),('1371811512_1360','Feni zila','16','1017','','',360,0,'',0,'',0,'','1'),('1371811512_1361','Gaibandha zila','19','1017','','',361,0,'',0,'',0,'','1'),('1371811512_1362','Gazipur zila','18','1017','','',362,0,'',0,'',0,'','1'),('1371811512_1363','Gopalganj zila','17','1017','','',363,0,'',0,'',0,'','1'),('1371811512_1364','Habiganj zila','20','1017','','',364,0,'',0,'',0,'','1'),('1371811512_1365','Jaipurhat zila','24','1017','','',365,0,'',0,'',0,'','1'),('1371811512_1366','Jamalpur zila','21','1017','','',366,0,'',0,'',0,'','1'),('1371811512_1367','Jessore zila','22','1017','','',367,0,'',0,'',0,'','1'),('1371811512_1368','Jhalakati zila','25','1017','','',368,0,'',0,'',0,'','1'),('1371811512_1369','Jhenaidah zila','23','1017','','',369,0,'',0,'',0,'','1'),('1371811512_1370','Khagrachari zila','29','1017','','',370,0,'',0,'',0,'','1'),('1371811512_1371','Khulna zila','27','1017','','',371,0,'',0,'',0,'','1'),('1371811512_1372','Kishorganj zila','26','1017','','',372,0,'',0,'',0,'','1'),('1371811512_1373','Kurigram zila','28','1017','','',373,0,'',0,'',0,'','1'),('1371811512_1374','Kushtia zila','30','1017','','',374,0,'',0,'',0,'','1'),('1371811512_1375','Lakshmipur zila','31','1017','','',375,0,'',0,'',0,'','1'),('1371811512_1376','Lalmonirhat zila','32','1017','','',376,0,'',0,'',0,'','1'),('1371811512_1377','Madaripur zila','36','1017','','',377,0,'',0,'',0,'','1'),('1371811512_1378','Magura zila','37','1017','','',378,0,'',0,'',0,'','1'),('1371811512_1379','Manikganj zila','33','1017','','',379,0,'',0,'',0,'','1'),('1371811512_1380','Meherpur zila','39','1017','','',380,0,'',0,'',0,'','1'),('1371811512_1381','Moulvibazar zila','38','1017','','',381,0,'',0,'',0,'','1'),('1371811512_1382','Munshiganj zila','35','1017','','',382,0,'',0,'',0,'','1'),('1371811512_1383','Mymensingh zila','34','1017','','',383,0,'',0,'',0,'','1'),('1371811512_1384','Naogaon zila','48','1017','','',384,0,'',0,'',0,'','1'),('1371811512_1385','Narail zila','43','1017','','',385,0,'',0,'',0,'','1'),('1371811512_1386','Narayanganj zila','40','1017','','',386,0,'',0,'',0,'','1'),('1371811512_1387','Narsingdi zila','42','1017','','',387,0,'',0,'',0,'','1'),('1371811512_1388','Natore zila','44','1017','','',388,0,'',0,'',0,'','1'),('1371811512_1389','Nawabganj zila','45','1017','','',389,0,'',0,'',0,'','1'),('1371811512_1390','Netrakona zila','41','1017','','',390,0,'',0,'',0,'','1'),('1371811512_1391','Nilphamari zila','46','1017','','',391,0,'',0,'',0,'','1'),('1371811512_1392','Noakhali zila','47','1017','','',392,0,'',0,'',0,'','1'),('1371811512_1393','Pabna zila','49','1017','','',393,0,'',0,'',0,'','1'),('1371811512_1394','Panchagarh zila','52','1017','','',394,0,'',0,'',0,'','1'),('1371811512_1395','Patuakhali zila','51','1017','','',395,0,'',0,'',0,'','1'),('1371811512_1396','Pirojpur zila','50','1017','','',396,0,'',0,'',0,'','1'),('1371811512_1397','Rajbari zila','53','1017','','',397,0,'',0,'',0,'','1'),('1371811512_1398','Rajshahi zila','54','1017','','',398,0,'',0,'',0,'','1'),('1371811512_1399','Rangamati zila','56','1017','','',399,0,'',0,'',0,'','1'),('1371811512_1400','Rangpur zila','55','1017','','',400,0,'',0,'',0,'','1'),('1371811512_1401','Satkhira zila','58','1017','','',401,0,'',0,'',0,'','1'),('1371811512_1402','Shariatpur zila','62','1017','','',402,0,'',0,'',0,'','1'),('1371811512_1403','Sherpur zila','57','1017','','',403,0,'',0,'',0,'','1'),('1371811512_1404','Sirajganj zila','59','1017','','',404,0,'',0,'',0,'','1'),('1371811512_1405','Sunamganj zila','61','1017','','',405,0,'',0,'',0,'','1'),('1371811512_1406','Sylhet zila','60','1017','','',406,0,'',0,'',0,'','1'),('1371811512_1407','Tangail zila','63','1017','','',407,0,'',0,'',0,'','1'),('1371811512_1408','Thakurgaon zila','64','1017','','',408,0,'',0,'',0,'','1'),('1371811512_1409','Antwerpen','VAN','1020','','',409,0,'',0,'',0,'','1'),('1371811512_1410','Brabant Wallon','WBR','1020','','',410,0,'',0,'',0,'','1'),('1371811512_1411','Hainaut','WHT','1020','','',411,0,'',0,'',0,'','1'),('1371811512_1412','Liege','WLG','1020','','',412,0,'',0,'',0,'','1'),('1371811512_1413','Limburg','VLI','1020','','',413,0,'',0,'',0,'','1'),('1371811512_1414','Luxembourg','WLX','1020','','',414,0,'',0,'',0,'','1'),('1371811512_1415','Namur','WNA','1020','','',415,0,'',0,'',0,'','1'),('1371811512_1416','Oost-Vlaanderen','VOV','1020','','',416,0,'',0,'',0,'','1'),('1371811512_1417','Vlaams-Brabant','VBR','1020','','',417,0,'',0,'',0,'','1'),('1371811512_1418','West-Vlaanderen','VWV','1020','','',418,0,'',0,'',0,'','1'),('1371811512_1419','Bale','BAL','1034','','',419,0,'',0,'',0,'','1'),('1371811512_1420','Bam','BAM','1034','','',420,0,'',0,'',0,'','1'),('1371811512_1421','Banwa','BAN','1034','','',421,0,'',0,'',0,'','1'),('1371811512_1422','Bazega','BAZ','1034','','',422,0,'',0,'',0,'','1'),('1371811512_1423','Bougouriba','BGR','1034','','',423,0,'',0,'',0,'','1'),('1371811512_1424','Boulgou','BLG','1034','','',424,0,'',0,'',0,'','1'),('1371811512_1425','Boulkiemde','BLK','1034','','',425,0,'',0,'',0,'','1'),('1371811512_1426','Comoe','COM','1034','','',426,0,'',0,'',0,'','1'),('1371811512_1427','Ganzourgou','GAN','1034','','',427,0,'',0,'',0,'','1'),('1371811512_1428','Gnagna','GNA','1034','','',428,0,'',0,'',0,'','1'),('1371811512_1429','Gourma','GOU','1034','','',429,0,'',0,'',0,'','1'),('1371811512_1430','Houet','HOU','1034','','',430,0,'',0,'',0,'','1'),('1371811512_1431','Ioba','IOB','1034','','',431,0,'',0,'',0,'','1'),('1371811512_1432','Kadiogo','KAD','1034','','',432,0,'',0,'',0,'','1'),('1371811512_1433','Kenedougou','KEN','1034','','',433,0,'',0,'',0,'','1'),('1371811512_1434','Komondjari','KMD','1034','','',434,0,'',0,'',0,'','1'),('1371811512_1435','Kompienga','KMP','1034','','',435,0,'',0,'',0,'','1'),('1371811512_1436','Kossi','KOS','1034','','',436,0,'',0,'',0,'','1'),('1371811512_1437','Koulpulogo','KOP','1034','','',437,0,'',0,'',0,'','1'),('1371811512_1438','Kouritenga','KOT','1034','','',438,0,'',0,'',0,'','1'),('1371811512_1439','Kourweogo','KOW','1034','','',439,0,'',0,'',0,'','1'),('1371811512_1440','Leraba','LER','1034','','',440,0,'',0,'',0,'','1'),('1371811512_1441','Loroum','LOR','1034','','',441,0,'',0,'',0,'','1'),('1371811512_1442','Mouhoun','MOU','1034','','',442,0,'',0,'',0,'','1'),('1371811512_1443','Nahouri','NAO','1034','','',443,0,'',0,'',0,'','1'),('1371811512_1444','Namentenga','NAM','1034','','',444,0,'',0,'',0,'','1'),('1371811512_1445','Nayala','NAY','1034','','',445,0,'',0,'',0,'','1'),('1371811512_1446','Noumbiel','NOU','1034','','',446,0,'',0,'',0,'','1'),('1371811512_1447','Oubritenga','OUB','1034','','',447,0,'',0,'',0,'','1'),('1371811512_1448','Oudalan','OUD','1034','','',448,0,'',0,'',0,'','1'),('1371811512_1449','Passore','PAS','1034','','',449,0,'',0,'',0,'','1'),('1371811512_1450','Poni','PON','1034','','',450,0,'',0,'',0,'','1'),('1371811512_1451','Sanguie','SNG','1034','','',451,0,'',0,'',0,'','1'),('1371811512_1452','Sanmatenga','SMT','1034','','',452,0,'',0,'',0,'','1'),('1371811512_1453','Seno','SEN','1034','','',453,0,'',0,'',0,'','1'),('1371811512_1454','Siasili','SIS','1034','','',454,0,'',0,'',0,'','1'),('1371811512_1455','Soum','SOM','1034','','',455,0,'',0,'',0,'','1'),('1371811512_1456','Sourou','SOR','1034','','',456,0,'',0,'',0,'','1'),('1371811512_1457','Tapoa','TAP','1034','','',457,0,'',0,'',0,'','1'),('1371811512_1458','Tui','TUI','1034','','',458,0,'',0,'',0,'','1'),('1371811512_1459','Yagha','YAG','1034','','',459,0,'',0,'',0,'','1'),('1371811512_1460','Yatenga','YAT','1034','','',460,0,'',0,'',0,'','1'),('1371811512_1461','Ziro','ZIR','1034','','',461,0,'',0,'',0,'','1'),('1371811512_1462','Zondoma','ZON','1034','','',462,0,'',0,'',0,'','1'),('1371811512_1463','Zoundweogo','ZOU','1034','','',463,0,'',0,'',0,'','1'),('1371811512_1464','Blagoevgrad','01','1033','','',464,0,'',0,'',0,'','1'),('1371811512_1465','Burgas','02','1033','','',465,0,'',0,'',0,'','1'),('1371811512_1466','Dobric','08','1033','','',466,0,'',0,'',0,'','1'),('1371811512_1467','Gabrovo','07','1033','','',467,0,'',0,'',0,'','1'),('1371811512_1468','Haskovo','26','1033','','',468,0,'',0,'',0,'','1'),('1371811512_1469','Jambol','28','1033','','',469,0,'',0,'',0,'','1'),('1371811512_1470','Kardzali','09','1033','','',470,0,'',0,'',0,'','1'),('1371811512_1471','Kjstendil','10','1033','','',471,0,'',0,'',0,'','1'),('1371811512_1472','Lovec','11','1033','','',472,0,'',0,'',0,'','1'),('1371811512_1473','Montana','12','1033','','',473,0,'',0,'',0,'','1'),('1371811512_1474','Pazardzik','13','1033','','',474,0,'',0,'',0,'','1'),('1371811512_1475','Pernik','14','1033','','',475,0,'',0,'',0,'','1'),('1371811512_1476','Pleven','15','1033','','',476,0,'',0,'',0,'','1'),('1371811512_1477','Plovdiv','16','1033','','',477,0,'',0,'',0,'','1'),('1371811512_1478','Razgrad','17','1033','','',478,0,'',0,'',0,'','1'),('1371811512_1479','Ruse','18','1033','','',479,0,'',0,'',0,'','1'),('1371811512_1480','Silistra','19','1033','','',480,0,'',0,'',0,'','1'),('1371811512_1481','Sliven','20','1033','','',481,0,'',0,'',0,'','1'),('1371811512_1482','Smoljan','21','1033','','',482,0,'',0,'',0,'','1'),('1371811512_1483','Sofia','23','1033','','',483,0,'',0,'',0,'','1'),('1371811512_1484','Stara Zagora','24','1033','','',484,0,'',0,'',0,'','1'),('1371811512_1485','Sumen','27','1033','','',485,0,'',0,'',0,'','1'),('1371811512_1486','Targoviste','25','1033','','',486,0,'',0,'',0,'','1'),('1371811512_1487','Varna','03','1033','','',487,0,'',0,'',0,'','1'),('1371811512_1488','Veliko Tarnovo','04','1033','','',488,0,'',0,'',0,'','1'),('1371811512_1489','Vidin','05','1033','','',489,0,'',0,'',0,'','1'),('1371811512_1490','Vraca','06','1033','','',490,0,'',0,'',0,'','1'),('1371811512_1491','Al Hadd','01','1016','','',491,0,'',0,'',0,'','1'),('1371811512_1492','Al Manamah','03','1016','','',492,0,'',0,'',0,'','1'),('1371811512_1493','Al Mintaqah al Gharbiyah','10','1016','','',493,0,'',0,'',0,'','1'),('1371811512_1494','Al Mintagah al Wusta','07','1016','','',494,0,'',0,'',0,'','1'),('1371811512_1495','Al Mintaqah ash Shamaliyah','05','1016','','',495,0,'',0,'',0,'','1'),('1371811512_1496','Al Muharraq','02','1016','','',496,0,'',0,'',0,'','1'),('1371811512_1497','Ar Rifa','09','1016','','',497,0,'',0,'',0,'','1'),('1371811512_1498','Jidd Hafs','04','1016','','',498,0,'',0,'',0,'','1'),('1371811512_1499','Madluat Jamad','12','1016','','',499,0,'',0,'',0,'','1'),('1371811512_1500','Madluat Isa','08','1016','','',500,0,'',0,'',0,'','1'),('1371811512_1501','Mintaqat Juzur tawar','11','1016','','',501,0,'',0,'',0,'','1'),('1371811512_1502','Sitrah','06','1016','','',502,0,'',0,'',0,'','1'),('1371811512_1503','Bubanza','BB','1036','','',503,0,'',0,'',0,'','1'),('1371811512_1504','Bujumbura','BJ','1036','','',504,0,'',0,'',0,'','1'),('1371811512_1505','Bururi','BR','1036','','',505,0,'',0,'',0,'','1'),('1371811512_1506','Cankuzo','CA','1036','','',506,0,'',0,'',0,'','1'),('1371811512_1507','Cibitoke','CI','1036','','',507,0,'',0,'',0,'','1'),('1371811512_1508','Gitega','GI','1036','','',508,0,'',0,'',0,'','1'),('1371811512_1509','Karuzi','KR','1036','','',509,0,'',0,'',0,'','1'),('1371811512_1510','Kayanza','KY','1036','','',510,0,'',0,'',0,'','1'),('1371811512_1511','Makamba','MA','1036','','',511,0,'',0,'',0,'','1'),('1371811512_1512','Muramvya','MU','1036','','',512,0,'',0,'35991362173',1412293799,'::1','1'),('1371811512_1513','Mwaro','MW','1036','','',513,0,'',0,'',0,'','1'),('1371811512_1514','Ngozi','NG','1036','','',514,0,'',0,'',0,'','1'),('1371811512_1515','Rutana','RT','1036','','',515,0,'',0,'',0,'','1'),('1371811512_1516','Ruyigi','RY','1036','','',516,0,'',0,'',0,'','1'),('1371811512_1517','Alibori','AL','1022','','',517,0,'',0,'',0,'','1'),('1371811512_1518','Atakora','AK','1022','','',518,0,'',0,'',0,'','1'),('1371811512_1519','Atlantique','AQ','1022','','',519,0,'',0,'',0,'','1'),('1371811512_1520','Borgou','BO','1022','','',520,0,'',0,'',0,'','1'),('1371811512_1521','Collines','CO','1022','','',521,0,'',0,'',0,'','1'),('1371811512_1522','Donga','DO','1022','','',522,0,'',0,'',0,'','1'),('1371811512_1523','Kouffo','KO','1022','','',523,0,'',0,'',0,'','1'),('1371811512_1524','Littoral','LI','1022','','',524,0,'',0,'',0,'','1'),('1371811512_1525','Mono','MO','1022','','',525,0,'',0,'',0,'','1'),('1371811512_1526','Oueme','OU','1022','','',526,0,'',0,'',0,'','1'),('1371811512_1527','Plateau','PL','1022','','',527,0,'',0,'',0,'','1'),('1371811512_1528','Zou','ZO','1022','','',528,0,'',0,'',0,'','1'),('1371811512_1529','Belait','BE','1032','','',529,0,'',0,'',0,'','1'),('1371811512_1530','Brunei-Muara','BM','1032','','',530,0,'',0,'',0,'','1'),('1371811512_1531','Temburong','TE','1032','','',531,0,'',0,'',0,'','1'),('1371811512_1532','Tutong','TU','1032','','',532,0,'',0,'',0,'','1'),('1371811512_1533','Cochabamba','C','1025','','',533,0,'',0,'',0,'','1'),('1371811512_1534','Chuquisaca','H','1025','','',534,0,'',0,'',0,'','1'),('1371811512_1535','El Beni','B','1025','','',535,0,'',0,'',0,'','1'),('1371811512_1536','La Paz','L','1025','','',536,0,'',0,'',0,'','1'),('1371811512_1537','Oruro','O','1025','','',537,0,'',0,'',0,'','1'),('1371811512_1538','Pando','N','1025','','',538,0,'',0,'',0,'','1'),('1371811512_1539','Potosi','P','1025','','',539,0,'',0,'',0,'','1'),('1371811512_1540','Tarija','T','1025','','',540,0,'',0,'',0,'','1'),('1371811512_1541','Acre','AC','1029','','',541,0,'',0,'',0,'','1'),('1371811512_1542','Alagoas','AL','1029','','',542,0,'',0,'',0,'','1'),('1371811512_1543','Amazonas','AM','1029','','',543,0,'',0,'',0,'','1'),('1371811512_1544','Amapa','AP','1029','','',544,0,'',0,'',0,'','1'),('1371811512_1545','Baia','BA','1029','','',545,0,'',0,'',0,'','1'),('1371811512_1546','Ceara','CE','1029','','',546,0,'',0,'',0,'','1'),('1371811512_1547','Distrito Federal','DF','1029','','',547,0,'',0,'',0,'','1'),('1371811512_1548','Espirito Santo','ES','1029','','',548,0,'',0,'',0,'','1'),('1371811512_1549','Fernando de Noronha','FN','1029','','',549,0,'',0,'',0,'','1'),('1371811512_1550','Goias','GO','1029','','',550,0,'',0,'',0,'','1'),('1371811512_1551','Maranhao','MA','1029','','',551,0,'',0,'',0,'','1'),('1371811512_1552','Minas Gerais','MG','1029','','',552,0,'',0,'',0,'','1'),('1371811512_1553','Mato Grosso do Sul','MS','1029','','',553,0,'',0,'',0,'','1'),('1371811512_1554','Mato Grosso','MT','1029','','',554,0,'',0,'',0,'','1'),('1371811512_1555','Para','PA','1029','','',555,0,'',0,'',0,'','1'),('1371811512_1556','Paraiba','PB','1029','','',556,0,'',0,'',0,'','1'),('1371811512_1557','Pernambuco','PE','1029','','',557,0,'',0,'',0,'','1'),('1371811512_1558','Piaui','PI','1029','','',558,0,'',0,'',0,'','1'),('1371811512_1559','Parana','PR','1029','','',559,0,'',0,'',0,'','1'),('1371811512_1560','Rio de Janeiro','RJ','1029','','',560,0,'',0,'',0,'','1'),('1371811512_1561','Rio Grande do Norte','RN','1029','','',561,0,'',0,'',0,'','1'),('1371811512_1562','Rondonia','RO','1029','','',562,0,'',0,'',0,'','1'),('1371811512_1563','Roraima','RR','1029','','',563,0,'',0,'',0,'','1'),('1371811512_1564','Rio Grande do Sul','RS','1029','','',564,0,'',0,'',0,'','1'),('1371811512_1565','Santa Catarina','SC','1029','','',565,0,'',0,'',0,'','1'),('1371811512_1566','Sergipe','SE','1029','','',566,0,'',0,'',0,'','1'),('1371811512_1567','Sao Paulo','SP','1029','','',567,0,'',0,'',0,'','1'),('1371811512_1568','Tocatins','TO','1029','','',568,0,'',0,'',0,'','1'),('1371811512_1569','Acklins and Crooked Islands','AC','1212','','',569,0,'',0,'',0,'','1'),('1371811512_1570','Bimini','BI','1212','','',570,0,'',0,'',0,'','1'),('1371811512_1571','Cat Island','CI','1212','','',571,0,'',0,'',0,'','1'),('1371811512_1572','Exuma','EX','1212','','',572,0,'',0,'',0,'','1'),('1371811512_1573','Freeport','FP','1212','','',573,0,'',0,'',0,'','1'),('1371811512_1574','Fresh Creek','FC','1212','','',574,0,'',0,'',0,'','1'),('1371811512_1575','Governor s Harbour','GH','1212','','',575,0,'',0,'',0,'','1'),('1371811512_1576','Green Turtle Cay','GT','1212','','',576,0,'',0,'',0,'','1'),('1371811512_1577','Harbour Island','HI','1212','','',577,0,'',0,'',0,'','1'),('1371811512_1578','High Rock','HR','1212','','',578,0,'',0,'',0,'','1'),('1371811512_1579','Inagua','IN','1212','','',579,0,'',0,'',0,'','1'),('1371811512_1580','Kemps Bay','KB','1212','','',580,0,'',0,'',0,'','1'),('1371811512_1581','Long Island','LI','1212','','',581,0,'',0,'',0,'','1'),('1371811512_1582','Marsh Harbour','MH','1212','','',582,0,'',0,'',0,'','1'),('1371811512_1583','Mayaguana','MG','1212','','',583,0,'',0,'',0,'','1'),('1371811512_1584','New Providence','NP','1212','','',584,0,'',0,'',0,'','1'),('1371811512_1585','Nicholls Town and Berry Islands','NB','1212','','',585,0,'',0,'',0,'','1'),('1371811512_1586','Ragged Island','RI','1212','','',586,0,'',0,'',0,'','1'),('1371811512_1587','Rock Sound','RS','1212','','',587,0,'',0,'',0,'','1'),('1371811512_1588','Sandy Point','SP','1212','','',588,0,'',0,'',0,'','1'),('1371811512_1589','San Salvador and Rum Cay','SR','1212','','',589,0,'',0,'',0,'','1'),('1371811512_1590','Bumthang','33','1024','','',590,0,'',0,'',0,'','1'),('1371811512_1591','Chhukha','12','1024','','',591,0,'',0,'',0,'','1'),('1371811512_1592','Dagana','22','1024','','',592,0,'',0,'',0,'','1'),('1371811512_1593','Gasa','GA','1024','','',593,0,'',0,'',0,'','1'),('1371811512_1594','Ha','13','1024','','',594,0,'',0,'',0,'','1'),('1371811512_1595','Lhuentse','44','1024','','',595,0,'',0,'',0,'','1'),('1371811512_1596','Monggar','42','1024','','',596,0,'',0,'',0,'','1'),('1371811512_1597','Paro','11','1024','','',597,0,'',0,'',0,'','1'),('1371811512_1598','Pemagatshel','43','1024','','',598,0,'',0,'',0,'','1'),('1371811512_1599','Punakha','23','1024','','',599,0,'',0,'',0,'','1'),('1371811512_1600','Samdrup Jongkha','45','1024','','',600,0,'',0,'',0,'','1'),('1371811512_1601','Samtee','14','1024','','',601,0,'',0,'',0,'','1'),('1371811512_1602','Sarpang','31','1024','','',602,0,'',0,'',0,'','1'),('1371811512_1603','Thimphu','15','1024','','',603,0,'',0,'',0,'','1'),('1371811512_1604','Trashigang','41','1024','','',604,0,'',0,'',0,'','1'),('1371811512_1605','Trashi Yangtse','TY','1024','','',605,0,'',0,'',0,'','1'),('1371811512_1606','Trongsa','32','1024','','',606,0,'',0,'',0,'','1'),('1371811512_1607','Tsirang','21','1024','','',607,0,'',0,'',0,'','1'),('1371811512_1608','Wangdue Phodrang','24','1024','','',608,0,'',0,'',0,'','1'),('1371811512_1609','Zhemgang','34','1024','','',609,0,'',0,'',0,'','1'),('1371811512_1610','Central','CE','1027','','',610,0,'',0,'',0,'','1'),('1371811512_1611','Ghanzi','GH','1027','','',611,0,'',0,'',0,'','1'),('1371811512_1612','Kgalagadi','KG','1027','','',612,0,'',0,'',0,'','1'),('1371811512_1613','Kgatleng','KL','1027','','',613,0,'',0,'',0,'','1'),('1371811512_1614','Kweneng','KW','1027','','',614,0,'',0,'',0,'','1'),('1371811512_1615','Ngamiland','NG','1027','','',615,0,'',0,'',0,'','1'),('1371811512_1616','North-East','NE','1027','','',616,0,'',0,'',0,'','1'),('1371811512_1617','North-West','NW','1027','','',617,0,'',0,'',0,'','1'),('1371811512_1618','South-East','SE','1027','','',618,0,'',0,'',0,'','1'),('1371811512_1619','Southern','SO','1027','','',619,0,'',0,'',0,'','1'),('1371811512_1620','Brsckaja voblasc ','BR','1019','','',620,0,'',0,'',0,'','1'),('1371811512_1621','Homel skaja voblasc ','HO','1019','','',621,0,'',0,'',0,'','1'),('1371811512_1622','Hrodzenskaja voblasc ','HR','1019','','',622,0,'',0,'',0,'','1'),('1371811512_1623','Mahiluskaja voblasc ','MA','1019','','',623,0,'',0,'',0,'','1'),('1371811512_1624','Minskaja voblasc ','MI','1019','','',624,0,'',0,'',0,'','1'),('1371811512_1625','Vicebskaja voblasc ','VI','1019','','',625,0,'',0,'',0,'','1'),('1371811512_1626','Belize','BZ','1021','','',626,0,'',0,'',0,'','1'),('1371811512_1627','Cayo','CY','1021','','',627,0,'',0,'',0,'','1'),('1371811512_1628','Corozal','CZL','1021','','',628,0,'',0,'',0,'','1'),('1371811512_1629','Orange Walk','OW','1021','','',629,0,'',0,'',0,'','1'),('1371811512_1630','Stann Creek','SC','1021','','',630,0,'',0,'',0,'','1'),('1371811512_1631','Toledo','TOL','1021','','',631,0,'',0,'',0,'','1'),('1371811512_1632','Kinshasa','KN','1050','','',632,0,'',0,'',0,'','1'),('1371811512_1633','Bandundu','BN','1050','','',633,0,'',0,'',0,'','1'),('1371811512_1634','Bas-Congo','BC','1050','','',634,0,'',0,'',0,'','1'),('1371811512_1635','Equateur','EQ','1050','','',635,0,'',0,'',0,'','1'),('1371811512_1636','Haut-Congo','HC','1050','','',636,0,'',0,'',0,'','1'),('1371811512_1637','Kasai-Occidental','KW','1050','','',637,0,'',0,'',0,'','1'),('1371811512_1638','Kasai-Oriental','KE','1050','','',638,0,'',0,'',0,'','1'),('1371811512_1639','Katanga','KA','1050','','',639,0,'',0,'',0,'','1'),('1371811512_1640','Maniema','MA','1050','','',640,0,'',0,'',0,'','1'),('1371811512_1641','Nord-Kivu','NK','1050','','',641,0,'',0,'',0,'','1'),('1371811512_1642','Orientale','OR','1050','','',642,0,'',0,'',0,'','1'),('1371811513_1643','Sud-Kivu','SK','1050','','',643,0,'',0,'',0,'','1'),('1371811513_1644','Bangui','BGF','1042','','',644,0,'',0,'',0,'','1'),('1371811513_1645','Bamingui-Bangoran','BB','1042','','',645,0,'',0,'',0,'','1'),('1371811513_1646','Basse-Kotto','BK','1042','','',646,0,'',0,'',0,'','1'),('1371811513_1647','Haute-Kotto','HK','1042','','',647,0,'',0,'',0,'','1'),('1371811513_1648','Haut-Mbomou','HM','1042','','',648,0,'',0,'',0,'','1'),('1371811513_1649','Kemo','KG','1042','','',649,0,'',0,'',0,'','1'),('1371811513_1650','Lobaye','LB','1042','','',650,0,'',0,'',0,'','1'),('1371811513_1651','Mambere-Kadei','HS','1042','','',651,0,'',0,'',0,'','1'),('1371811513_1652','Mbomou','MB','1042','','',652,0,'',0,'',0,'','1'),('1371811513_1653','Nana-Grebizi','KB','1042','','',653,0,'',0,'',0,'','1'),('1371811513_1654','Nana-Mambere','NM','1042','','',654,0,'',0,'',0,'','1'),('1371811513_1655','Ombella-Mpoko','MP','1042','','',655,0,'',0,'',0,'','1'),('1371811513_1656','Ouaka','UK','1042','','',656,0,'',0,'',0,'','1'),('1371811513_1657','Ouham','AC','1042','','',657,0,'',0,'',0,'','1'),('1371811513_1658','Ouham-Pende','OP','1042','','',658,0,'',0,'',0,'','1'),('1371811513_1659','Sangha-Mbaere','SE','1042','','',659,0,'',0,'',0,'','1'),('1371811513_1660','Vakaga','VR','1042','','',660,0,'',0,'',0,'','1'),('1371811513_1661','Brazzaville','BZV','1051','','',661,0,'',0,'',0,'','1'),('1371811513_1662','Bouenza','11','1051','','',662,0,'',0,'',0,'','1'),('1371811513_1663','Cuvette','8','1051','','',663,0,'',0,'',0,'','1'),('1371811513_1664','Cuvette-Ouest','15','1051','','',664,0,'',0,'',0,'','1'),('1371811513_1665','Kouilou','5','1051','','',665,0,'',0,'',0,'','1'),('1371811513_1666','Lekoumou','2','1051','','',666,0,'',0,'',0,'','1'),('1371811513_1667','Likouala','7','1051','','',667,0,'',0,'',0,'','1'),('1371811513_1668','Niari','9','1051','','',668,0,'',0,'',0,'','1'),('1371811513_1669','Plateaux','14','1051','','',669,0,'',0,'',0,'','1'),('1371811513_1670','Pool','12','1051','','',670,0,'',0,'',0,'','1'),('1371811513_1671','Sangha','13','1051','','',671,0,'',0,'',0,'','1'),('1371811513_1672','Aargau','AG','1205','','',672,0,'',0,'',0,'','1'),('1371811513_1673','Appenzell Innerrhoden','AI','1205','','',673,0,'',0,'',0,'','1'),('1371811513_1674','Appenzell Ausserrhoden','AR','1205','','',674,0,'',0,'',0,'','1'),('1371811513_1675','Bern','BE','1205','','',675,0,'',0,'',0,'','1'),('1371811513_1676','Basel-Landschaft','BL','1205','','',676,0,'',0,'',0,'','1'),('1371811513_1677','Basel-Stadt','BS','1205','','',677,0,'',0,'',0,'','1'),('1371811513_1678','Fribourg','FR','1205','','',678,0,'',0,'',0,'','1'),('1371811513_1679','Geneva','GE','1205','','',679,0,'',0,'',0,'','1'),('1371811513_1680','Glarus','GL','1205','','',680,0,'',0,'',0,'','1'),('1371811513_1681','Graubunden','GR','1205','','',681,0,'',0,'',0,'','1'),('1371811513_1682','Jura','JU','1205','','',682,0,'',0,'',0,'','1'),('1371811513_1683','Luzern','LU','1205','','',683,0,'',0,'',0,'','1'),('1371811513_1684','Neuchatel','NE','1205','','',684,0,'',0,'',0,'','1'),('1371811513_1685','Nidwalden','NW','1205','','',685,0,'',0,'',0,'','1'),('1371811513_1686','Obwalden','OW','1205','','',686,0,'',0,'',0,'','1'),('1371811513_1687','Sankt Gallen','SG','1205','','',687,0,'',0,'',0,'','1'),('1371811513_1688','Schaffhausen','SH','1205','','',688,0,'',0,'',0,'','1'),('1371811513_1689','Solothurn','SO','1205','','',689,0,'',0,'',0,'','1'),('1371811513_1690','Schwyz','SZ','1205','','',690,0,'',0,'',0,'','1'),('1371811513_1691','Thurgau','TG','1205','','',691,0,'',0,'',0,'','1'),('1371811513_1692','Ticino','TI','1205','','',692,0,'',0,'',0,'','1'),('1371811513_1693','Uri','UR','1205','','',693,0,'',0,'',0,'','1'),('1371811513_1694','Vaud','VD','1205','','',694,0,'',0,'',0,'','1'),('1371811513_1695','Valais','VS','1205','','',695,0,'',0,'',0,'','1'),('1371811513_1696','Zug','ZG','1205','','',696,0,'',0,'',0,'','1'),('1371811513_1697','Zurich','ZH','1205','','',697,0,'',0,'',0,'','1'),('1371811513_1698','18 Montagnes','06','1054','','',698,0,'',0,'',0,'','1'),('1371811513_1699','Agnebi','16','1054','','',699,0,'',0,'',0,'','1'),('1371811513_1700','Bas-Sassandra','09','1054','','',700,0,'',0,'',0,'','1'),('1371811513_1701','Denguele','10','1054','','',701,0,'',0,'',0,'','1'),('1371811513_1702','Haut-Sassandra','02','1054','','',702,0,'',0,'',0,'','1'),('1371811513_1703','Lacs','07','1054','','',703,0,'',0,'',0,'','1'),('1371811513_1704','Lagunes','01','1054','','',704,0,'',0,'',0,'','1'),('1371811513_1705','Marahoue','12','1054','','',705,0,'',0,'',0,'','1'),('1371811513_1706','Moyen-Comoe','05','1054','','',706,0,'',0,'',0,'','1'),('1371811513_1707','Nzi-Comoe','11','1054','','',707,0,'',0,'',0,'','1'),('1371811513_1708','Savanes','03','1054','','',708,0,'',0,'',0,'','1'),('1371811513_1709','Sud-Bandama','15','1054','','',709,0,'',0,'',0,'','1'),('1371811513_1710','Sud-Comoe','13','1054','','',710,0,'',0,'',0,'','1'),('1371811513_1711','Vallee du Bandama','04','1054','','',711,0,'',0,'',0,'','1'),('1371811513_1712','Worodouqou','14','1054','','',712,0,'',0,'',0,'','1'),('1371811513_1713','Zanzan','08','1054','','',713,0,'',0,'',0,'','1'),('1371811513_1714','Aisen del General Carlos Ibanez del Campo','AI','1044','','',714,0,'',0,'',0,'','1'),('1371811513_1715','Antofagasta','AN','1044','','',715,0,'',0,'',0,'','1'),('1371811513_1716','Araucania','AR','1044','','',716,0,'',0,'',0,'','1'),('1371811513_1717','Atacama','AT','1044','','',717,0,'',0,'',0,'','1'),('1371811513_1718','Bio-Bio','BI','1044','','',718,0,'',0,'',0,'','1'),('1371811513_1719','Coquimbo','CO','1044','','',719,0,'',0,'',0,'','1'),('1371811513_1720','Libertador General Bernardo O Higgins','LI','1044','','',720,0,'',0,'',0,'','1'),('1371811513_1721','Los Lagos','LL','1044','','',721,0,'',0,'',0,'','1'),('1371811513_1722','Magallanes','MA','1044','','',722,0,'',0,'',0,'','1'),('1371811513_1723','Maule','ML','1044','','',723,0,'',0,'',0,'','1'),('1371811513_1724','Region Metropolitana de Santiago','RM','1044','','',724,0,'',0,'',0,'','1'),('1371811513_1725','Tarapaca','TA','1044','','',725,0,'',0,'',0,'','1'),('1371811513_1726','Valparaiso','VS','1044','','',726,0,'',0,'',0,'','1'),('1371811513_1727','Adamaoua','AD','1038','','',727,0,'',0,'',0,'','1'),('1371811513_1728','Centre','CE','1038','','',728,0,'',0,'',0,'','1'),('1371811513_1729','East','ES','1038','','',729,0,'',0,'',0,'','1'),('1371811513_1730','Far North','EN','1038','','',730,0,'',0,'',0,'','1'),('1371811513_1731','North','NO','1038','','',731,0,'',0,'',0,'','1'),('1371811513_1732','South','SW','1038','','',732,0,'',0,'',0,'','1'),('1371811513_1733','South-West','SW','1038','','',733,0,'',0,'',0,'','1'),('1371811513_1734','West','OU','1038','','',734,0,'',0,'',0,'','1'),('1371811513_1735','Beijing','11','1045','','',735,0,'',0,'',0,'','1'),('1371811513_1736','Chongqing','50','1045','','',736,0,'',0,'',0,'','1'),('1371811513_1737','Shanghai','31','1045','','',737,0,'',0,'',0,'','1'),('1371811513_1738','Tianjin','12','1045','','',738,0,'',0,'',0,'','1'),('1371811513_1739','Anhui','34','1045','','',739,0,'',0,'',0,'','1'),('1371811513_1740','Fujian','35','1045','','',740,0,'',0,'',0,'','1'),('1371811513_1741','Gansu','62','1045','','',741,0,'',0,'',0,'','1'),('1371811513_1742','Guangdong','44','1045','','',742,0,'',0,'',0,'','1'),('1371811513_1743','Guizhou','52','1045','','',743,0,'',0,'',0,'','1'),('1371811513_1744','Hainan','46','1045','','',744,0,'',0,'',0,'','1'),('1371811513_1745','Hebei','13','1045','','',745,0,'',0,'',0,'','1'),('1371811513_1746','Heilongjiang','23','1045','','',746,0,'',0,'',0,'','1'),('1371811513_1747','Henan','41','1045','','',747,0,'',0,'',0,'','1'),('1371811513_1748','Hubei','42','1045','','',748,0,'',0,'',0,'','1'),('1371811513_1749','Hunan','43','1045','','',749,0,'',0,'',0,'','1'),('1371811513_1750','Jiangsu','32','1045','','',750,0,'',0,'',0,'','1'),('1371811513_1751','Jiangxi','36','1045','','',751,0,'',0,'',0,'','1'),('1371811513_1752','Jilin','22','1045','','',752,0,'',0,'',0,'','1'),('1371811513_1753','Liaoning','21','1045','','',753,0,'',0,'',0,'','1'),('1371811513_1754','Qinghai','63','1045','','',754,0,'',0,'',0,'','1'),('1371811513_1755','Shaanxi','61','1045','','',755,0,'',0,'',0,'','1'),('1371811513_1756','Shandong','37','1045','','',756,0,'',0,'',0,'','1'),('1371811513_1757','Shanxi','14','1045','','',757,0,'',0,'',0,'','1'),('1371811513_1758','Sichuan','51','1045','','',758,0,'',0,'',0,'','1'),('1371811513_1759','Taiwan','71','1045','','',759,0,'',0,'',0,'','1'),('1371811513_1760','Yunnan','53','1045','','',760,0,'',0,'',0,'','1'),('1371811513_1761','Zhejiang','33','1045','','',761,0,'',0,'',0,'','1'),('1371811513_1762','Guangxi','45','1045','','',762,0,'',0,'',0,'','1'),('1371811513_1763','Neia Mongol (mn)','15','1045','','',763,0,'',0,'',0,'','1'),('1371811513_1764','Xinjiang','65','1045','','',764,0,'',0,'',0,'','1'),('1371811513_1765','Xizang','54','1045','','',765,0,'',0,'',0,'','1'),('1371811513_1766','Hong Kong','91','1045','','',766,0,'',0,'',0,'','1'),('1371811513_1767','Macau','92','1045','','',767,0,'',0,'',0,'','1'),('1371811513_1768','Distrito Capital de Bogot','DC','1048','','',768,0,'',0,'',0,'','1'),('1371811513_1769','Amazonea','AMA','1048','','',769,0,'',0,'',0,'','1'),('1371811513_1770','Antioquia','ANT','1048','','',770,0,'',0,'',0,'','1'),('1371811513_1771','Arauca','ARA','1048','','',771,0,'',0,'',0,'','1'),('1371811513_1772','Atlntico','ATL','1048','','',772,0,'',0,'',0,'','1'),('1371811513_1773','Bolvar','BOL','1048','','',773,0,'',0,'',0,'','1'),('1371811513_1774','Boyac','BOY','1048','','',774,0,'',0,'',0,'','1'),('1371811513_1775','Caldea','CAL','1048','','',775,0,'',0,'',0,'','1'),('1371811513_1776','Caquet','CAQ','1048','','',776,0,'',0,'',0,'','1'),('1371811513_1777','Casanare','CAS','1048','','',777,0,'',0,'',0,'','1'),('1371811513_1778','Cauca','CAU','1048','','',778,0,'',0,'',0,'','1'),('1371811513_1779','Cesar','CES','1048','','',779,0,'',0,'',0,'','1'),('1371811513_1780','Crdoba','COR','1048','','',780,0,'',0,'',0,'','1'),('1371811513_1781','Cundinamarca','CUN','1048','','',781,0,'',0,'',0,'','1'),('1371811513_1782','Choc','CHO','1048','','',782,0,'',0,'',0,'','1'),('1371811513_1783','Guain','GUA','1048','','',783,0,'',0,'',0,'','1'),('1371811513_1784','Guaviare','GUV','1048','','',784,0,'',0,'',0,'','1'),('1371811513_1785','La Guajira','LAG','1048','','',785,0,'',0,'',0,'','1'),('1371811513_1786','Magdalena','MAG','1048','','',786,0,'',0,'',0,'','1'),('1371811513_1787','Meta','MET','1048','','',787,0,'',0,'',0,'','1'),('1371811513_1788','Nari','NAR','1048','','',788,0,'',0,'',0,'','1'),('1371811513_1789','Norte de Santander','NSA','1048','','',789,0,'',0,'',0,'','1'),('1371811513_1790','Putumayo','PUT','1048','','',790,0,'',0,'',0,'','1'),('1371811513_1791','Quindio','QUI','1048','','',791,0,'',0,'',0,'','1'),('1371811513_1792','Risaralda','RIS','1048','','',792,0,'',0,'',0,'','1'),('1371811513_1793','San Andrs, Providencia y Santa Catalina','SAP','1048','','',793,0,'',0,'',0,'','1'),('1371811513_1794','Santander','SAN','1048','','',794,0,'',0,'',0,'','1'),('1371811513_1795','Sucre','SUC','1048','','',795,0,'',0,'',0,'','1'),('1371811513_1796','Tolima','TOL','1048','','',796,0,'',0,'',0,'','1'),('1371811513_1797','Valle del Cauca','VAC','1048','','',797,0,'',0,'',0,'','1'),('1371811513_1798','Vaup','VAU','1048','','',798,0,'',0,'',0,'','1'),('1371811513_1799','Vichada','VID','1048','','',799,0,'',0,'',0,'','1'),('1371811513_1800','Alajuela','A','1053','','',800,0,'',0,'',0,'','1'),('1371811513_1801','Cartago','C','1053','','',801,0,'',0,'',0,'','1'),('1371811513_1802','Guanacaste','G','1053','','',802,0,'',0,'',0,'','1'),('1371811513_1803','Heredia','H','1053','','',803,0,'',0,'',0,'','1'),('1371811513_1804','Limon','L','1053','','',804,0,'',0,'',0,'','1'),('1371811513_1805','Puntarenas','P','1053','','',805,0,'',0,'',0,'','1'),('1371811513_1806','San Jose','SJ','1053','','',806,0,'',0,'',0,'','1'),('1371811513_1807','Camagey','09','1056','','',807,0,'',0,'',0,'','1'),('1371811513_1808','Ciego de `vila','08','1056','','',808,0,'',0,'',0,'','1'),('1371811513_1809','Cienfuegos','06','1056','','',809,0,'',0,'',0,'','1'),('1371811513_1810','Ciudad de La Habana','03','1056','','',810,0,'',0,'',0,'','1'),('1371811513_1811','Granma','12','1056','','',811,0,'',0,'',0,'','1'),('1371811513_1812','Guantanamo','14','1056','','',812,0,'',0,'',0,'','1'),('1371811513_1813','Holquin','11','1056','','',813,0,'',0,'',0,'','1'),('1371811513_1814','La Habana','02','1056','','',814,0,'',0,'',0,'','1'),('1371811513_1815','Las Tunas','10','1056','','',815,0,'',0,'',0,'','1'),('1371811513_1816','Matanzas','04','1056','','',816,0,'',0,'',0,'','1'),('1371811513_1817','Pinar del Rio','01','1056','','',817,0,'',0,'',0,'','1'),('1371811513_1818','Sancti Spiritus','07','1056','','',818,0,'',0,'',0,'','1'),('1371811513_1819','Santiago de Cuba','13','1056','','',819,0,'',0,'',0,'','1'),('1371811513_1820','Villa Clara','05','1056','','',820,0,'',0,'',0,'','1'),('1371811513_1821','Isla de la Juventud','99','1056','','',821,0,'',0,'',0,'','1'),('1371811513_1822','Pinar del Roo','PR','1056','','',822,0,'',0,'',0,'','1'),('1371811513_1823','Ciego de Avila','CA','1056','','',823,0,'',0,'',0,'','1'),('1371811513_1824','Camagoey','CG','1056','','',824,0,'',0,'',0,'','1'),('1371811513_1825','Holgun','HO','1056','','',825,0,'',0,'',0,'','1'),('1371811513_1826','Sancti Spritus','SS','1056','','',826,0,'',0,'',0,'','1'),('1371811513_1827','Municipio Especial Isla de la Juventud','IJ','1056','','',827,0,'',0,'',0,'','1'),('1371811513_1828','Boa Vista','BV','1040','','',828,0,'',0,'',0,'','1'),('1371811513_1829','Brava','BR','1040','','',829,0,'',0,'',0,'','1'),('1371811513_1830','Calheta de Sao Miguel','CS','1040','','',830,0,'',0,'',0,'','1'),('1371811513_1831','Fogo','FO','1040','','',831,0,'',0,'',0,'','1'),('1371811513_1832','Maio','MA','1040','','',832,0,'',0,'',0,'','1'),('1371811513_1833','Mosteiros','MO','1040','','',833,0,'',0,'',0,'','1'),('1371811513_1834','Paul','PA','1040','','',834,0,'',0,'',0,'','1'),('1371811513_1835','Porto Novo','PN','1040','','',835,0,'',0,'',0,'','1'),('1371811513_1836','Praia','PR','1040','','',836,0,'',0,'',0,'','1'),('1371811513_1837','Ribeira Grande','RG','1040','','',837,0,'',0,'',0,'','1'),('1371811513_1838','Sal','SL','1040','','',838,0,'',0,'',0,'','1'),('1371811513_1839','Sao Domingos','SD','1040','','',839,0,'',0,'',0,'','1'),('1371811513_1840','Sao Filipe','SF','1040','','',840,0,'',0,'',0,'','1'),('1371811513_1841','Sao Nicolau','SN','1040','','',841,0,'',0,'',0,'','1'),('1371811513_1842','Sao Vicente','SV','1040','','',842,0,'',0,'',0,'','1'),('1371811513_1843','Tarrafal','TA','1040','','',843,0,'',0,'',0,'','1'),('1371811513_1844','Ammochostos Magusa','04','1057','','',844,0,'',0,'',0,'','1'),('1371811513_1845','Keryneia','06','1057','','',845,0,'',0,'',0,'','1'),('1371811513_1846','Larnaka','03','1057','','',846,0,'',0,'',0,'','1'),('1371811513_1847','Lefkosia','01','1057','','',847,0,'',0,'',0,'','1'),('1371811513_1848','Lemesos','02','1057','','',848,0,'',0,'',0,'','1'),('1371811513_1849','Pafos','05','1057','','',849,0,'',0,'',0,'','1'),('1371811513_1850','Jiho?esk kraj','JC','1058','','',850,0,'',0,'',0,'','1'),('1371811513_1851','Jihomoravsk kraj','JM','1058','','',851,0,'',0,'',0,'','1'),('1371811513_1852','Karlovarsk kraj','KA','1058','','',852,0,'',0,'',0,'','1'),('1371811513_1853','Krlovhradeck kraj','KR','1058','','',853,0,'',0,'',0,'','1'),('1371811513_1854','Libereck kraj','LI','1058','','',854,0,'',0,'',0,'','1'),('1371811513_1855','Moravskoslezsk kraj','MO','1058','','',855,0,'',0,'',0,'','1'),('1371811513_1856','Olomouck kraj','OL','1058','','',856,0,'',0,'',0,'','1'),('1371811513_1857','Pardubick kraj','PA','1058','','',857,0,'',0,'',0,'','1'),('1371811513_1858','Plze?sk kraj','PL','1058','','',858,0,'',0,'',0,'','1'),('1371811513_1859','Praha, hlavn m?sto','PR','1058','','',859,0,'',0,'',0,'','1'),('1371811513_1860','St?edo?esk kraj','ST','1058','','',860,0,'',0,'',0,'','1'),('1371811513_1861','steck kraj','US','1058','','',861,0,'',0,'',0,'','1'),('1371811513_1862','Vyso?ina','VY','1058','','',862,0,'',0,'',0,'','1'),('1371811513_1863','Zlnsk kraj','ZL','1058','','',863,0,'',0,'',0,'','1'),('1371811513_1864','Baden-Wuerttemberg','BW','1082','','',864,0,'',0,'',0,'','1'),('1371811513_1865','Bayern','BY','1082','','',865,0,'',0,'',0,'','1'),('1371811513_1866','Bremen','HB','1082','','',866,0,'',0,'',0,'','1'),('1371811513_1867','Hamburg','HH','1082','','',867,0,'',0,'',0,'','1'),('1371811513_1868','Hessen','HE','1082','','',868,0,'',0,'',0,'','1'),('1371811513_1869','Niedersachsen','NI','1082','','',869,0,'',0,'',0,'','1'),('1371811513_1870','Nordrhein-Westfalen','NW','1082','','',870,0,'',0,'',0,'','1'),('1371811513_1871','Rheinland-Pfalz','RP','1082','','',871,0,'',0,'',0,'','1'),('1371811513_1872','Saarland','SL','1082','','',872,0,'',0,'',0,'','1'),('1371811513_1873','Schleswig-Holstein','SH','1082','','',873,0,'',0,'',0,'','1'),('1371811513_1874','Berlin','BR','1082','','',874,0,'',0,'',0,'','1'),('1371811513_1875','Brandenburg','BB','1082','','',875,0,'',0,'',0,'','1'),('1371811513_1876','Mecklenburg-Vorpommern','MV','1082','','',876,0,'',0,'',0,'','1'),('1371811513_1877','Sachsen','SN','1082','','',877,0,'',0,'',0,'','1'),('1371811513_1878','Sachsen-Anhalt','ST','1082','','',878,0,'',0,'',0,'','1'),('1371811513_1879','Thueringen','TH','1082','','',879,0,'',0,'',0,'','1'),('1371811513_1880','Ali Sabiah','AS','1060','','',880,0,'',0,'',0,'','1'),('1371811513_1881','Dikhil','DI','1060','','',881,0,'',0,'',0,'','1'),('1371811513_1882','Djibouti','DJ','1060','','',882,0,'',0,'',0,'','1'),('1371811513_1883','Obock','OB','1060','','',883,0,'',0,'',0,'','1'),('1371811513_1884','Tadjoura','TA','1060','','',884,0,'',0,'',0,'','1'),('1371811513_1885','Frederiksberg','147','1059','','',885,0,'',0,'',0,'','1'),('1371811513_1886','Copenhagen City','101','1059','','',886,0,'',0,'',0,'','1'),('1371811513_1887','Copenhagen','015','1059','','',887,0,'',0,'',0,'','1'),('1371811513_1888','Frederiksborg','020','1059','','',888,0,'',0,'',0,'','1'),('1371811513_1889','Roskilde','025','1059','','',889,0,'',0,'',0,'','1'),('1371811513_1890','Vestsjlland','030','1059','','',890,0,'',0,'',0,'','1'),('1371811513_1891','Storstr','035','1059','','',891,0,'',0,'',0,'','1'),('1371811513_1892','Bornholm','040','1059','','',892,0,'',0,'',0,'','1'),('1371811513_1893','Fyn','042','1059','','',893,0,'',0,'',0,'','1'),('1371811513_1894','South Jutland','050','1059','','',894,0,'',0,'',0,'','1'),('1371811513_1895','Ribe','055','1059','','',895,0,'',0,'',0,'','1'),('1371811513_1896','Vejle','060','1059','','',896,0,'',0,'',0,'','1'),('1371811513_1897','Ringkjbing','065','1059','','',897,0,'',0,'',0,'','1'),('1371811513_1898','rhus','070','1059','','',898,0,'',0,'',0,'','1'),('1371811513_1899','Viborg','076','1059','','',899,0,'',0,'',0,'','1'),('1371811513_1900','North Jutland','080','1059','','',900,0,'',0,'',0,'','1'),('1371811513_1901','Distrito Nacional (Santo Domingo)','01','1062','','',901,0,'',0,'',0,'','1'),('1371811513_1902','Azua','02','1062','','',902,0,'',0,'',0,'','1'),('1371811513_1903','Bahoruco','03','1062','','',903,0,'',0,'',0,'','1'),('1371811513_1904','Barahona','04','1062','','',904,0,'',0,'',0,'','1'),('1371811513_1905','Dajab','05','1062','','',905,0,'',0,'',0,'','1'),('1371811513_1906','Duarte','06','1062','','',906,0,'',0,'',0,'','1'),('1371811513_1907','El Seybo [El Seibo]','08','1062','','',907,0,'',0,'',0,'','1'),('1371811513_1908','Espaillat','09','1062','','',908,0,'',0,'',0,'','1'),('1371811513_1909','Hato Mayor','30','1062','','',909,0,'',0,'',0,'','1'),('1371811513_1910','Independencia','10','1062','','',910,0,'',0,'',0,'','1'),('1371811513_1911','La Altagracia','11','1062','','',911,0,'',0,'',0,'','1'),('1371811513_1912','La Estrelleta [Elias Pina]','07','1062','','',912,0,'',0,'',0,'','1'),('1371811513_1913','La Romana','12','1062','','',913,0,'',0,'',0,'','1'),('1371811513_1914','La Vega','13','1062','','',914,0,'',0,'',0,'','1'),('1371811513_1915','Maroia Trinidad Snchez','14','1062','','',915,0,'',0,'',0,'','1'),('1371811513_1916','Monseor Nouel','28','1062','','',916,0,'',0,'',0,'','1'),('1371811513_1917','Monte Cristi','15','1062','','',917,0,'',0,'',0,'','1'),('1371811513_1918','Monte Plata','29','1062','','',918,0,'',0,'',0,'','1'),('1371811513_1919','Pedernales','16','1062','','',919,0,'',0,'',0,'','1'),('1371811513_1920','Peravia','17','1062','','',920,0,'',0,'',0,'','1'),('1371811513_1921','Puerto Plata','18','1062','','',921,0,'',0,'',0,'','1'),('1371811513_1922','Salcedo','19','1062','','',922,0,'',0,'',0,'','1'),('1371811513_1923','Saman','20','1062','','',923,0,'',0,'',0,'','1'),('1371811513_1924','San Cristbal','21','1062','','',924,0,'',0,'',0,'','1'),('1371811513_1925','San Pedro de Macor','23','1062','','',925,0,'',0,'',0,'','1'),('1371811513_1926','Snchez Ramrez','24','1062','','',926,0,'',0,'',0,'','1'),('1371811513_1927','Santiago','25','1062','','',927,0,'',0,'',0,'','1'),('1371811513_1928','Santiago Rodrguez','26','1062','','',928,0,'',0,'',0,'','1'),('1371811513_1929','Valverde','27','1062','','',929,0,'',0,'',0,'','1'),('1371811513_1930','Adrar','01','1003','','',930,0,'',0,'',0,'','1'),('1371811513_1931','Ain Defla','44','1003','','',931,0,'',0,'',0,'','1'),('1371811513_1932','Ain Tmouchent','46','1003','','',932,0,'',0,'',0,'','1'),('1371811513_1933','Alger','16','1003','','',933,0,'',0,'',0,'','1'),('1371811514_1934','Annaba','23','1003','','',934,0,'',0,'',0,'','1'),('1371811514_1935','Batna','05','1003','','',935,0,'',0,'',0,'','1'),('1371811514_1936','Bechar','08','1003','','',936,0,'',0,'',0,'','1'),('1371811514_1937','Bejaia','06','1003','','',937,0,'',0,'',0,'','1'),('1371811514_1938','Biskra','07','1003','','',938,0,'',0,'',0,'','1'),('1371811514_1939','Blida','09','1003','','',939,0,'',0,'',0,'','1'),('1371811514_1940','Bordj Bou Arreridj','34','1003','','',940,0,'',0,'',0,'','1'),('1371811514_1941','Bouira','10','1003','','',941,0,'',0,'',0,'','1'),('1371811514_1942','Boumerdes','35','1003','','',942,0,'',0,'',0,'','1'),('1371811514_1943','Chlef','02','1003','','',943,0,'',0,'',0,'','1'),('1371811514_1944','Constantine','25','1003','','',944,0,'',0,'',0,'','1'),('1371811514_1945','Djelfa','17','1003','','',945,0,'',0,'',0,'','1'),('1371811514_1946','El Bayadh','32','1003','','',946,0,'',0,'',0,'','1'),('1371811514_1947','El Oued','39','1003','','',947,0,'',0,'',0,'','1'),('1371811514_1948','El Tarf','36','1003','','',948,0,'',0,'',0,'','1'),('1371811514_1949','Ghardaia','47','1003','','',949,0,'',0,'',0,'','1'),('1371811514_1950','Guelma','24','1003','','',950,0,'',0,'',0,'','1'),('1371811514_1951','Illizi','33','1003','','',951,0,'',0,'',0,'','1'),('1371811514_1952','Jijel','18','1003','','',952,0,'',0,'',0,'','1'),('1371811514_1953','Khenchela','40','1003','','',953,0,'',0,'',0,'','1'),('1371811514_1954','Laghouat','03','1003','','',954,0,'',0,'',0,'','1'),('1371811514_1955','Mascara','29','1003','','',955,0,'',0,'',0,'','1'),('1371811514_1956','Medea','26','1003','','',956,0,'',0,'',0,'','1'),('1371811514_1957','Mila','43','1003','','',957,0,'',0,'',0,'','1'),('1371811514_1958','Mostaganem','27','1003','','',958,0,'',0,'',0,'','1'),('1371811514_1959','Msila','28','1003','','',959,0,'',0,'',0,'','1'),('1371811514_1960','Naama','45','1003','','',960,0,'',0,'',0,'','1'),('1371811514_1961','Oran','31','1003','','',961,0,'',0,'',0,'','1'),('1371811514_1962','Ouargla','30','1003','','',962,0,'',0,'',0,'','1'),('1371811514_1963','Oum el Bouaghi','04','1003','','',963,0,'',0,'',0,'','1'),('1371811514_1964','Relizane','48','1003','','',964,0,'',0,'',0,'','1'),('1371811514_1965','Saida','20','1003','','',965,0,'',0,'',0,'','1'),('1371811514_1966','Setif','19','1003','','',966,0,'',0,'',0,'','1'),('1371811514_1967','Sidi Bel Abbes','22','1003','','',967,0,'',0,'',0,'','1'),('1371811514_1968','Skikda','21','1003','','',968,0,'',0,'',0,'','1'),('1371811514_1969','Souk Ahras','41','1003','','',969,0,'',0,'',0,'','1'),('1371811514_1970','Tamanghasset','11','1003','','',970,0,'',0,'',0,'','1'),('1371811514_1971','Tebessa','12','1003','','',971,0,'',0,'',0,'','1'),('1371811514_1972','Tiaret','14','1003','','',972,0,'',0,'',0,'','1'),('1371811514_1973','Tindouf','37','1003','','',973,0,'',0,'',0,'','1'),('1371811514_1974','Tipaza','42','1003','','',974,0,'',0,'',0,'','1'),('1371811514_1975','Tissemsilt','38','1003','','',975,0,'',0,'',0,'','1'),('1371811514_1976','Tizi Ouzou','15','1003','','',976,0,'',0,'',0,'','1'),('1371811514_1977','Tlemcen','13','1003','','',977,0,'',0,'',0,'','1'),('1371811514_1978','Azuay','A','1064','','',978,0,'',0,'',0,'','1'),('1371811514_1979','Bolivar','B','1064','','',979,0,'',0,'',0,'','1'),('1371811514_1980','Canar','F','1064','','',980,0,'',0,'',0,'','1'),('1371811514_1981','Carchi','C','1064','','',981,0,'',0,'',0,'','1'),('1371811514_1982','Cotopaxi','X','1064','','',982,0,'',0,'',0,'','1'),('1371811514_1983','Chimborazo','H','1064','','',983,0,'',0,'',0,'','1'),('1371811514_1984','El Oro','O','1064','','',984,0,'',0,'',0,'','1'),('1371811514_1985','Esmeraldas','E','1064','','',985,0,'',0,'',0,'','1'),('1371811514_1986','Galapagos','W','1064','','',986,0,'',0,'',0,'','1'),('1371811514_1987','Guayas','G','1064','','',987,0,'',0,'',0,'','1'),('1371811514_1988','Imbabura','I','1064','','',988,0,'',0,'',0,'','1'),('1371811514_1989','Loja','L','1064','','',989,0,'',0,'',0,'','1'),('1371811514_1990','Los Rios','R','1064','','',990,0,'',0,'',0,'','1'),('1371811514_1991','Manabi','M','1064','','',991,0,'',0,'',0,'','1'),('1371811514_1992','Morona-Santiago','S','1064','','',992,0,'',0,'',0,'','1'),('1371811514_1993','Napo','N','1064','','',993,0,'',0,'',0,'','1'),('1371811514_1994','Orellana','D','1064','','',994,0,'',0,'',0,'','1'),('1371811514_1995','Pastaza','Y','1064','','',995,0,'',0,'',0,'','1'),('1371811514_1996','Pichincha','P','1064','','',996,0,'',0,'',0,'','1'),('1371811514_1997','Sucumbios','U','1064','','',997,0,'',0,'',0,'','1'),('1371811514_1998','Tungurahua','T','1064','','',998,0,'',0,'',0,'','1'),('1371811514_1999','Zamora-Chinchipe','Z','1064','','',999,0,'',0,'',0,'','1'),('1371811514_11000','Harjumsa','37','1069','','',1000,0,'',0,'',0,'','1'),('1371811514_11001','Hitumea','39','1069','','',1001,0,'',0,'',0,'','1'),('1371811514_11002','Ida-Virumsa','44','1069','','',1002,0,'',0,'',0,'','1'),('1371811514_11003','Jogevamsa','49','1069','','',1003,0,'',0,'',0,'','1'),('1371811514_11004','Jarvamsa','51','1069','','',1004,0,'',0,'',0,'','1'),('1371811514_11005','Lasnemsa','57','1069','','',1005,0,'',0,'',0,'','1'),('1371811514_11006','Laane-Virumaa','59','1069','','',1006,0,'',0,'',0,'','1'),('1371811514_11007','Polvamea','65','1069','','',1007,0,'',0,'',0,'','1'),('1371811514_11008','Parnumsa','67','1069','','',1008,0,'',0,'',0,'','1'),('1371811514_11009','Raplamsa','70','1069','','',1009,0,'',0,'',0,'','1'),('1371811514_11010','Saaremsa','74','1069','','',1010,0,'',0,'',0,'','1'),('1371811514_11011','Tartumsa','7B','1069','','',1011,0,'',0,'',0,'','1'),('1371811514_11012','Valgamaa','82','1069','','',1012,0,'',0,'',0,'','1'),('1371811514_11013','Viljandimsa','84','1069','','',1013,0,'',0,'',0,'','1'),('1371811514_11014','Vorumaa','86','1069','','',1014,0,'',0,'',0,'','1'),('1371811514_11015','Ad Daqahllyah','DK','1065','','',1015,0,'',0,'',0,'','1'),('1371811514_11016','Al Bahr al Ahmar','BA','1065','','',1016,0,'',0,'',0,'','1'),('1371811514_11017','Al Buhayrah','BH','1065','','',1017,0,'',0,'',0,'','1'),('1371811514_11018','Al Fayym','FYM','1065','','',1018,0,'',0,'',0,'','1'),('1371811514_11019','Al Gharbiyah','GH','1065','','',1019,0,'',0,'',0,'','1'),('1371811514_11020','Al Iskandarlyah','ALX','1065','','',1020,0,'',0,'',0,'','1'),('1371811514_11021','Al Isma illyah','IS','1065','','',1021,0,'',0,'',0,'','1'),('1371811514_11022','Al Jizah','GZ','1065','','',1022,0,'',0,'',0,'','1'),('1371811514_11023','Al Minuflyah','MNF','1065','','',1023,0,'',0,'',0,'','1'),('1371811514_11024','Al Minya','MN','1065','','',1024,0,'',0,'',0,'','1'),('1371811514_11025','Al Qahirah','C','1065','','',1025,0,'',0,'',0,'','1'),('1371811514_11026','Al Qalyublyah','KB','1065','','',1026,0,'',0,'',0,'','1'),('1371811514_11027','Al Wadi al Jadid','WAD','1065','','',1027,0,'',0,'',0,'','1'),('1371811514_11028','Ash Sharqiyah','SHR','1065','','',1028,0,'',0,'',0,'','1'),('1371811514_11029','As Suways','SUZ','1065','','',1029,0,'',0,'',0,'','1'),('1371811514_11030','Aswan','ASN','1065','','',1030,0,'',0,'',0,'','1'),('1371811514_11031','Asyut','AST','1065','','',1031,0,'',0,'',0,'','1'),('1371811514_11032','Bani Suwayf','BNS','1065','','',1032,0,'',0,'',0,'','1'),('1371811514_11033','Bur Sa id','PTS','1065','','',1033,0,'',0,'',0,'','1'),('1371811514_11034','Dumyat','DT','1065','','',1034,0,'',0,'',0,'','1'),('1371811514_11035','Janub Sina ','JS','1065','','',1035,0,'',0,'',0,'','1'),('1371811514_11036','Kafr ash Shaykh','KFS','1065','','',1036,0,'',0,'',0,'','1'),('1371811514_11037','Matruh','MT','1065','','',1037,0,'',0,'',0,'','1'),('1371811514_11038','Qina','KN','1065','','',1038,0,'',0,'',0,'','1'),('1371811514_11039','Shamal Sina ','SIN','1065','','',1039,0,'',0,'',0,'','1'),('1371811514_11040','Suhaj','SHG','1065','','',1040,0,'',0,'',0,'','1'),('1371811514_11041','Anseba','AN','1068','','',1041,0,'',0,'',0,'','1'),('1371811514_11042','Debub','DU','1068','','',1042,0,'',0,'',0,'','1'),('1371811514_11043','Debubawi Keyih Bahri [Debub-Keih-Bahri]','DK','1068','','',1043,0,'',0,'',0,'','1'),('1371811514_11044','Gash-Barka','GB','1068','','',1044,0,'',0,'',0,'','1'),('1371811514_11045','Maakel [Maekel]','MA','1068','','',1045,0,'',0,'',0,'','1'),('1371811514_11046','Semenawi Keyih Bahri [Semien-Keih-Bahri]','SK','1068','','',1046,0,'',0,'',0,'','1'),('1371811514_11047','lava','VI','1198','','',1047,0,'',0,'',0,'','1'),('1371811514_11048','Albacete','AB','1198','','',1048,0,'',0,'',0,'','1'),('1371811514_11049','Alicante','A','1198','','',1049,0,'',0,'',0,'','1'),('1371811514_11050','Almer','AL','1198','','',1050,0,'',0,'',0,'','1'),('1371811514_11051','Asturias','O','1198','','',1051,0,'',0,'',0,'','1'),('1371811514_11052','vila','AV','1198','','',1052,0,'',0,'',0,'','1'),('1371811514_11053','Badajoz','BA','1198','','',1053,0,'',0,'',0,'','1'),('1371811514_11054','Baleares','PM','1198','','',1054,0,'',0,'',0,'','1'),('1371811514_11055','Barcelona','B','1198','','',1055,0,'',0,'',0,'','1'),('1371811514_11056','Burgos','BU','1198','','',1056,0,'',0,'',0,'','1'),('1371811514_11057','Cceres','CC','1198','','',1057,0,'',0,'',0,'','1'),('1371811514_11058','Cdiz','CA','1198','','',1058,0,'',0,'',0,'','1'),('1371811514_11059','Cantabria','S','1198','','',1059,0,'',0,'',0,'','1'),('1371811514_11060','Castell','CS','1198','','',1060,0,'',0,'',0,'','1'),('1371811514_11061','Ciudad Real','CR','1198','','',1061,0,'',0,'',0,'','1'),('1371811514_11062','Cuenca','CU','1198','','',1062,0,'',0,'',0,'','1'),('1371811514_11063','Girona [Gerona]','GE','1198','','',1063,0,'',0,'',0,'','1'),('1371811514_11064','Granada','GR','1198','','',1064,0,'',0,'',0,'','1'),('1371811514_11065','Guadalajara','GU','1198','','',1065,0,'',0,'',0,'','1'),('1371811514_11066','Guipzcoa','SS','1198','','',1066,0,'',0,'',0,'','1'),('1371811514_11067','Huelva','H','1198','','',1067,0,'',0,'',0,'','1'),('1371811514_11068','Huesca','HU','1198','','',1068,0,'',0,'',0,'','1'),('1371811514_11069','Ja','J','1198','','',1069,0,'',0,'',0,'','1'),('1371811514_11070','La Coru','C','1198','','',1070,0,'',0,'',0,'','1'),('1371811514_11071','La Rioja','LO','1198','','',1071,0,'',0,'',0,'','1'),('1371811514_11072','Las Palmas','GC','1198','','',1072,0,'',0,'',0,'','1'),('1371811514_11073','Le','LE','1198','','',1073,0,'',0,'',0,'','1'),('1371811514_11074','Lleida [Lrida]','L','1198','','',1074,0,'',0,'',0,'','1'),('1371811514_11075','Lugo','LU','1198','','',1075,0,'',0,'',0,'','1'),('1371811514_11076','Madrid','M','1198','','',1076,0,'',0,'',0,'','1'),('1371811514_11077','Mlaga','MA','1198','','',1077,0,'',0,'',0,'','1'),('1371811514_11078','Murcia','MU','1198','','',1078,0,'',0,'',0,'','1'),('1371811514_11079','Navarra','NA','1198','','',1079,0,'',0,'',0,'','1'),('1371811514_11080','Ourense','OR','1198','','',1080,0,'',0,'',0,'','1'),('1371811514_11081','Palencia','P','1198','','',1081,0,'',0,'',0,'','1'),('1371811514_11082','Pontevedra','PO','1198','','',1082,0,'',0,'',0,'','1'),('1371811514_11083','Salamanca','SA','1198','','',1083,0,'',0,'',0,'','1'),('1371811514_11084','Santa Cruz de Tenerife','TF','1198','','',1084,0,'',0,'',0,'','1'),('1371811514_11085','Segovia','SG','1198','','',1085,0,'',0,'',0,'','1'),('1371811514_11086','Sevilla','SE','1198','','',1086,0,'',0,'',0,'','1'),('1371811514_11087','Soria','SO','1198','','',1087,0,'',0,'',0,'','1'),('1371811514_11088','Tarragona','T','1198','','',1088,0,'',0,'',0,'','1'),('1371811514_11089','Teruel','TE','1198','','',1089,0,'',0,'',0,'','1'),('1371811514_11090','Valencia','V','1198','','',1090,0,'',0,'',0,'','1'),('1371811514_11091','Valladolid','VA','1198','','',1091,0,'',0,'',0,'','1'),('1371811514_11092','Vizcaya','BI','1198','','',1092,0,'',0,'',0,'','1'),('1371811514_11093','Zamora','ZA','1198','','',1093,0,'',0,'',0,'','1'),('1371811514_11094','Zaragoza','Z','1198','','',1094,0,'',0,'',0,'','1'),('1371811514_11095','Ceuta','CE','1198','','',1095,0,'',0,'',0,'','1'),('1371811514_11096','Melilla','ML','1198','','',1096,0,'',0,'',0,'','1'),('1371811514_11097','Addis Ababa','AA','1070','','',1097,0,'',0,'',0,'','1'),('1371811514_11098','Dire Dawa','DD','1070','','',1098,0,'',0,'',0,'','1'),('1371811514_11099','Afar','AF','1070','','',1099,0,'',0,'',0,'','1'),('1371811514_11100','Amara','AM','1070','','',1100,0,'',0,'',0,'','1'),('1371811514_11101','Benshangul-Gumaz','BE','1070','','',1101,0,'',0,'',0,'','1'),('1371811514_11102','Gambela Peoples','GA','1070','','',1102,0,'',0,'',0,'','1'),('1371811514_11103','Harari People','HA','1070','','',1103,0,'',0,'',0,'','1'),('1371811514_11104','Oromia','OR','1070','','',1104,0,'',0,'',0,'','1'),('1371811514_11105','Somali','SO','1070','','',1105,0,'',0,'',0,'','1'),('1371811514_11106','Southern Nations, Nationalities and Peoples','SN','1070','','',1106,0,'',0,'',0,'','1'),('1371811514_11107','Tigrai','TI','1070','','',1107,0,'',0,'',0,'','1'),('1371811514_11108','Eastern','E','1074','','',1108,0,'',0,'',0,'','1'),('1371811514_11109','Northern','N','1074','','',1109,0,'',0,'',0,'','1'),('1371811514_11110','Western','W','1074','','',1110,0,'',0,'',0,'','1'),('1371811514_11111','Rotuma','R','1074','','',1111,0,'',0,'',0,'','1'),('1371811514_11112','Chuuk','TRK','1141','','',1112,0,'',0,'',0,'','1'),('1371811514_11113','Kosrae','KSA','1141','','',1113,0,'',0,'',0,'','1'),('1371811514_11114','Pohnpei','PNI','1141','','',1114,0,'',0,'',0,'','1'),('1371811514_11115','Yap','YAP','1141','','',1115,0,'',0,'',0,'','1'),('1371811514_11116','Ain','01','1076','','',1116,0,'',0,'',0,'','1'),('1371811514_11117','Aisne','02','1076','','',1117,0,'',0,'',0,'','1'),('1371811514_11118','Allier','03','1076','','',1118,0,'',0,'',0,'','1'),('1371811514_11119','Alpes-de-Haute-Provence','04','1076','','',1119,0,'',0,'',0,'','1'),('1371811514_11120','Alpes-Maritimes','06','1076','','',1120,0,'',0,'',0,'','1'),('1371811514_11121','Ardche','07','1076','','',1121,0,'',0,'',0,'','1'),('1371811514_11122','Ardennes','08','1076','','',1122,0,'',0,'',0,'','1'),('1371811514_11123','Arige','09','1076','','',1123,0,'',0,'',0,'','1'),('1371811514_11124','Aube','10','1076','','',1124,0,'',0,'',0,'','1'),('1371811514_11125','Aude','11','1076','','',1125,0,'',0,'',0,'','1'),('1371811514_11126','Aveyron','12','1076','','',1126,0,'',0,'',0,'','1'),('1371811514_11127','Bas-Rhin','67','1076','','',1127,0,'',0,'',0,'','1'),('1371811514_11128','Bouches-du-Rh','13','1076','','',1128,0,'',0,'',0,'','1'),('1371811514_11129','Calvados','14','1076','','',1129,0,'',0,'',0,'','1'),('1371811514_11130','Cantal','15','1076','','',1130,0,'',0,'',0,'','1'),('1371811514_11131','Charente','16','1076','','',1131,0,'',0,'',0,'','1'),('1371811514_11132','Charente-Maritime','17','1076','','',1132,0,'',0,'',0,'','1'),('1371811514_11133','Cher','18','1076','','',1133,0,'',0,'',0,'','1'),('1371811514_11134','Corrze','19','1076','','',1134,0,'',0,'',0,'','1'),('1371811514_11135','Corse-du-Sud','20A','1076','','',1135,0,'',0,'',0,'','1'),('1371811514_11136','Cte-d Or','21','1076','','',1136,0,'',0,'',0,'','1'),('1371811514_11137','Ctes-d Armor','22','1076','','',1137,0,'',0,'',0,'','1'),('1371811514_11138','Creuse','23','1076','','',1138,0,'',0,'',0,'','1'),('1371811514_11139','Deux-Svres','79','1076','','',1139,0,'',0,'',0,'','1'),('1371811514_11140','Dordogne','24','1076','','',1140,0,'',0,'',0,'','1'),('1371811514_11141','Doubs','25','1076','','',1141,0,'',0,'',0,'','1'),('1371811514_11142','Dr','26','1076','','',1142,0,'',0,'',0,'','1'),('1371811514_11143','Essonne','91','1076','','',1143,0,'',0,'',0,'','1'),('1371811514_11144','Eure','27','1076','','',1144,0,'',0,'',0,'','1'),('1371811514_11145','Eure-et-Loir','28','1076','','',1145,0,'',0,'',0,'','1'),('1371811514_11146','Finistre','29','1076','','',1146,0,'',0,'',0,'','1'),('1371811514_11147','Gard','30','1076','','',1147,0,'',0,'',0,'','1'),('1371811514_11148','Gers','32','1076','','',1148,0,'',0,'',0,'','1'),('1371811514_11149','Gironde','33','1076','','',1149,0,'',0,'',0,'','1'),('1371811514_11150','Haut-Rhin','68','1076','','',1150,0,'',0,'',0,'','1'),('1371811514_11151','Haute-Corse','20B','1076','','',1151,0,'',0,'',0,'','1'),('1371811514_11152','Haute-Garonne','31','1076','','',1152,0,'',0,'',0,'','1'),('1371811514_11153','Haute-Loire','43','1076','','',1153,0,'',0,'',0,'','1'),('1371811514_11154','Haute-Sa','70','1076','','',1154,0,'',0,'',0,'','1'),('1371811514_11155','Haute-Savoie','74','1076','','',1155,0,'',0,'',0,'','1'),('1371811514_11156','Haute-Vienne','87','1076','','',1156,0,'',0,'',0,'','1'),('1371811514_11157','Hautes-Alpes','05','1076','','',1157,0,'',0,'',0,'','1'),('1371811514_11158','Hautes-Pyrnes','65','1076','','',1158,0,'',0,'',0,'','1'),('1371811514_11159','Hauts-de-Seine','92','1076','','',1159,0,'',0,'',0,'','1'),('1371811514_11160','Hrault','34','1076','','',1160,0,'',0,'',0,'','1'),('1371811514_11161','Indre','36','1076','','',1161,0,'',0,'',0,'','1'),('1371811514_11162','Ille-et-Vilaine','35','1076','','',1162,0,'',0,'',0,'','1'),('1371811514_11163','Indre-et-Loire','37','1076','','',1163,0,'',0,'',0,'','1'),('1371811514_11164','Isre','38','1076','','',1164,0,'',0,'',0,'','1'),('1371811514_11165','Landes','40','1076','','',1165,0,'',0,'',0,'','1'),('1371811514_11166','Loir-et-Cher','41','1076','','',1166,0,'',0,'',0,'','1'),('1371811514_11167','Loire','42','1076','','',1167,0,'',0,'',0,'','1'),('1371811514_11168','Loire-Atlantique','44','1076','','',1168,0,'',0,'',0,'','1'),('1371811514_11169','Loiret','45','1076','','',1169,0,'',0,'',0,'','1'),('1371811514_11170','Lot','46','1076','','',1170,0,'',0,'',0,'','1'),('1371811514_11171','Lot-et-Garonne','47','1076','','',1171,0,'',0,'',0,'','1'),('1371811514_11172','Lozre','48','1076','','',1172,0,'',0,'',0,'','1'),('1371811514_11173','Maine-et-Loire','49','1076','','',1173,0,'',0,'',0,'','1'),('1371811514_11174','Manche','50','1076','','',1174,0,'',0,'',0,'','1'),('1371811514_11175','Marne','51','1076','','',1175,0,'',0,'',0,'','1'),('1371811514_11176','Mayenne','53','1076','','',1176,0,'',0,'',0,'','1'),('1371811514_11177','Meurthe-et-Moselle','54','1076','','',1177,0,'',0,'',0,'','1'),('1371811514_11178','Meuse','55','1076','','',1178,0,'',0,'',0,'','1'),('1371811514_11179','Morbihan','56','1076','','',1179,0,'',0,'',0,'','1'),('1371811514_11180','Moselle','57','1076','','',1180,0,'',0,'',0,'','1'),('1371811514_11181','Nivre','58','1076','','',1181,0,'',0,'',0,'','1'),('1371811514_11182','Nord','59','1076','','',1182,0,'',0,'',0,'','1'),('1371811514_11183','Oise','60','1076','','',1183,0,'',0,'',0,'','1'),('1371811514_11184','Orne','61','1076','','',1184,0,'',0,'',0,'','1'),('1371811514_11185','Paris','75','1076','','',1185,0,'',0,'',0,'','1'),('1371811514_11186','Pas-de-Calais','62','1076','','',1186,0,'',0,'',0,'','1'),('1371811514_11187','Puy-de-D','63','1076','','',1187,0,'',0,'',0,'','1'),('1371811514_11188','Pyrnes-Atlantiques','64','1076','','',1188,0,'',0,'',0,'','1'),('1371811514_11189','Pyrnes-Orientales','66','1076','','',1189,0,'',0,'',0,'','1'),('1371811514_11190','Rh','69','1076','','',1190,0,'',0,'',0,'','1'),('1371811514_11191','Sane-et-Loire','71','1076','','',1191,0,'',0,'',0,'','1'),('1371811514_11192','Sarthe','72','1076','','',1192,0,'',0,'',0,'','1'),('1371811514_11193','Savoie','73','1076','','',1193,0,'',0,'',0,'','1'),('1371811514_11194','Seine-et-Marne','77','1076','','',1194,0,'',0,'',0,'','1'),('1371811514_11195','Seine-Maritime','76','1076','','',1195,0,'',0,'',0,'','1'),('1371811514_11196','Seine-Saint-Denis','93','1076','','',1196,0,'',0,'',0,'','1'),('1371811514_11197','Somme','80','1076','','',1197,0,'',0,'',0,'','1'),('1371811514_11198','Tarn','81','1076','','',1198,0,'',0,'',0,'','1'),('1371811514_11199','Tarn-et-Garonne','82','1076','','',1199,0,'',0,'',0,'','1'),('1371811514_11200','Val d Oise','95','1076','','',1200,0,'',0,'',0,'','1'),('1371811514_11201','Territoire de Belfort','90','1076','','',1201,0,'',0,'',0,'','1'),('1371811514_11202','Val-de-Marne','94','1076','','',1202,0,'',0,'',0,'','1'),('1371811514_11203','Var','83','1076','','',1203,0,'',0,'',0,'','1'),('1371811514_11204','Vaucluse','84','1076','','',1204,0,'',0,'',0,'','1'),('1371811514_11205','Vend','85','1076','','',1205,0,'',0,'',0,'','1'),('1371811514_11206','Vienne','86','1076','','',1206,0,'',0,'',0,'','1'),('1371811514_11207','Vosges','88','1076','','',1207,0,'',0,'',0,'','1'),('1371811514_11208','Yonne','89','1076','','',1208,0,'',0,'',0,'','1'),('1371811514_11209','Yvelines','78','1076','','',1209,0,'',0,'',0,'','1'),('1371811514_11210','Aberdeen City','ABE','1226','','',1210,0,'',0,'',0,'','1'),('1371811514_11211','Aberdeenshire','ABD','1226','','',1211,0,'',0,'',0,'','1'),('1371811514_11212','Angus','ANS','1226','','',1212,0,'',0,'',0,'','1'),('1371811514_11213','Co Antrim','ANT','1226','','',1213,0,'',0,'',0,'','1'),('1371811514_11214','Argyll and Bute','AGB','1226','','',1214,0,'',0,'',0,'','1'),('1371811514_11215','Co Armagh','ARM','1226','','',1215,0,'',0,'',0,'','1'),('1371811514_11216','Bedfordshire','BDF','1226','','',1216,0,'',0,'',0,'','1'),('1371811514_11217','Gwent','BGW','1226','','',1217,0,'',0,'',0,'','1'),('1371811514_11218','Bristol, City of','BST','1226','','',1218,0,'',0,'',0,'','1'),('1371811514_11219','Buckinghamshire','BKM','1226','','',1219,0,'',0,'',0,'','1'),('1371811514_11220','Cambridgeshire','CAM','1226','','',1220,0,'',0,'',0,'','1'),('1371811514_11221','Cheshire','CHS','1226','','',1221,0,'',0,'',0,'','1'),('1371811514_11222','Clackmannanshire','CLK','1226','','',1222,0,'',0,'',0,'','1'),('1371811514_11223','Cornwall','CON','1226','','',1223,0,'',0,'',0,'','1'),('1371811514_11224','Cumbria','CMA','1226','','',1224,0,'',0,'',0,'','1'),('1371811514_11225','Derbyshire','DBY','1226','','',1225,0,'',0,'',0,'','1'),('1371811514_11226','Co Londonderry','DRY','1226','','',1226,0,'',0,'',0,'','1'),('1371811514_11227','Devon','DEV','1226','','',1227,0,'',0,'',0,'','1'),('1371811514_11228','Dorset','DOR','1226','','',1228,0,'',0,'',0,'','1'),('1371811514_11229','Co Down','DOW','1226','','',1229,0,'',0,'',0,'','1'),('1371811514_11230','Dumfries and Galloway','DGY','1226','','',1230,0,'',0,'',0,'','1'),('1371811514_11231','Dundee City','DND','1226','','',1231,0,'',0,'',0,'','1'),('1371811514_11232','County Durham','DUR','1226','','',1232,0,'',0,'',0,'','1'),('1371811514_11233','East Ayrshire','EAY','1226','','',1233,0,'',0,'',0,'','1'),('1371811514_11234','East Dunbartonshire','EDU','1226','','',1234,0,'',0,'',0,'','1'),('1371811514_11235','East Lothian','ELN','1226','','',1235,0,'',0,'',0,'','1'),('1371811514_11236','East Renfrewshire','ERW','1226','','',1236,0,'',0,'',0,'','1'),('1371811514_11237','East Riding of Yorkshire','ERY','1226','','',1237,0,'',0,'',0,'','1'),('1371811514_11238','East Sussex','ESX','1226','','',1238,0,'',0,'',0,'','1'),('1371811514_11239','Edinburgh, City of','EDH','1226','','',1239,0,'',0,'',0,'','1'),('1371811514_11240','Na h-Eileanan Siar','ELS','1226','','',1240,0,'',0,'',0,'','1'),('1371811514_11241','Essex','ESS','1226','','',1241,0,'',0,'',0,'','1'),('1371811514_11242','Falkirk','FAL','1226','','',1242,0,'',0,'',0,'','1'),('1371811514_11243','Co Fermanagh','FER','1226','','',1243,0,'',0,'',0,'','1'),('1371811514_11244','Fife','FIF','1226','','',1244,0,'',0,'',0,'','1'),('1371811514_11245','Glasgow City','GLG','1226','','',1245,0,'',0,'',0,'','1'),('1371811514_11246','Gloucestershire','GLS','1226','','',1246,0,'',0,'',0,'','1'),('1371811514_11247','Gwynedd','GWN','1226','','',1247,0,'',0,'',0,'','1'),('1371811514_11248','Hampshire','HAM','1226','','',1248,0,'',0,'',0,'','1'),('1371811514_11249','Herefordshire','HEF','1226','','',1249,0,'',0,'',0,'','1'),('1371811514_11250','Hertfordshire','HRT','1226','','',1250,0,'',0,'',0,'','1'),('1371811514_11251','Highland','HED','1226','','',1251,0,'',0,'',0,'','1'),('1371811515_11252','Inverclyde','IVC','1226','','',1252,0,'',0,'',0,'','1'),('1371811515_11253','Isle of Wight','IOW','1226','','',1253,0,'',0,'',0,'','1'),('1371811515_11254','Kent','KEN','1226','','',1254,0,'',0,'',0,'','1'),('1371811515_11255','Lancashire','LAN','1226','','',1255,0,'',0,'',0,'','1'),('1371811515_11256','Leicestershire','LEC','1226','','',1256,0,'',0,'',0,'','1'),('1371811515_11257','Midlothian','MLN','1226','','',1257,0,'',0,'',0,'','1'),('1371811515_11258','Moray','MRY','1226','','',1258,0,'',0,'',0,'','1'),('1371811515_11259','Norfolk','NFK','1226','','',1259,0,'',0,'',0,'','1'),('1371811515_11260','North Ayrshire','NAY','1226','','',1260,0,'',0,'',0,'','1'),('1371811515_11261','North Lanarkshire','NLK','1226','','',1261,0,'',0,'',0,'','1'),('1371811515_11262','North Yorkshire','NYK','1226','','',1262,0,'',0,'',0,'','1'),('1371811515_11263','Northamptonshire','NTH','1226','','',1263,0,'',0,'',0,'','1'),('1371811515_11264','Northumberland','NBL','1226','','',1264,0,'',0,'',0,'','1'),('1371811515_11265','Nottinghamshire','NTT','1226','','',1265,0,'',0,'',0,'','1'),('1371811515_11266','Oldham','OLD','1226','','',1266,0,'',0,'',0,'','1'),('1371811515_11267','Omagh','OMH','1226','','',1267,0,'',0,'',0,'','1'),('1371811515_11268','Orkney Islands','ORR','1226','','',1268,0,'',0,'',0,'','1'),('1371811515_11269','Oxfordshire','OXF','1226','','',1269,0,'',0,'',0,'','1'),('1371811515_11270','Perth and Kinross','PKN','1226','','',1270,0,'',0,'',0,'','1'),('1371811515_11271','Powys','POW','1226','','',1271,0,'',0,'',0,'','1'),('1371811515_11272','Renfrewshire','RFW','1226','','',1272,0,'',0,'',0,'','1'),('1371811515_11273','Rutland','RUT','1226','','',1273,0,'',0,'',0,'','1'),('1371811515_11274','Scottish Borders','SCB','1226','','',1274,0,'',0,'',0,'','1'),('1371811515_11275','Shetland Islands','ZET','1226','','',1275,0,'',0,'',0,'','1'),('1371811515_11276','Shropshire','SHR','1226','','',1276,0,'',0,'',0,'','1'),('1371811515_11277','Somerset','SOM','1226','','',1277,0,'',0,'',0,'','1'),('1371811515_11278','South Ayrshire','SAY','1226','','',1278,0,'',0,'',0,'','1'),('1371811515_11279','South Gloucestershire','SGC','1226','','',1279,0,'',0,'',0,'','1'),('1371811515_11280','South Lanarkshire','SLK','1226','','',1280,0,'',0,'',0,'','1'),('1371811515_11281','Staffordshire','STS','1226','','',1281,0,'',0,'',0,'','1'),('1371811515_11282','Stirling','STG','1226','','',1282,0,'',0,'',0,'','1'),('1371811515_11283','Suffolk','SFK','1226','','',1283,0,'',0,'',0,'','1'),('1371811515_11284','Surrey','SRY','1226','','',1284,0,'',0,'',0,'','1'),('1371811515_11285','Mid Glamorgan','VGL','1226','','',1285,0,'',0,'',0,'','1'),('1371811515_11286','Warwickshire','WAR','1226','','',1286,0,'',0,'',0,'','1'),('1371811515_11287','West Dunbartonshire','WDU','1226','','',1287,0,'',0,'',0,'','1'),('1371811515_11288','West Lothian','WLN','1226','','',1288,0,'',0,'',0,'','1'),('1371811515_11289','West Sussex','WSX','1226','','',1289,0,'',0,'',0,'','1'),('1371811515_11290','Wiltshire','WIL','1226','','',1290,0,'',0,'',0,'','1'),('1371811515_11291','Worcestershire','WOR','1226','','',1291,0,'',0,'',0,'','1'),('1371811515_11292','Ashanti','AH','1083','','',1292,0,'',0,'',0,'','1'),('1371811515_11293','Brong-Ahafo','BA','1083','','',1293,0,'',0,'',0,'','1'),('1371811515_11294','Greater Accra','AA','1083','','',1294,0,'',0,'',0,'','1'),('1371811515_11295','Upper East','UE','1083','','',1295,0,'',0,'',0,'','1'),('1371811515_11296','Upper West','UW','1083','','',1296,0,'',0,'',0,'','1'),('1371811515_11297','Volta','TV','1083','','',1297,0,'',0,'',0,'','1'),('1371811515_11298','Banjul','B','1213','','',1298,0,'',0,'',0,'','1'),('1371811515_11299','Lower River','L','1213','','',1299,0,'',0,'',0,'','1'),('1371811515_11300','MacCarthy Island','M','1213','','',1300,0,'',0,'',0,'','1'),('1371811515_11301','North Bank','N','1213','','',1301,0,'',0,'',0,'','1'),('1371811515_11302','Upper River','U','1213','','',1302,0,'',0,'',0,'','1'),('1371811515_11303','Beyla','BE','1091','','',1303,0,'',0,'',0,'','1'),('1371811515_11304','Boffa','BF','1091','','',1304,0,'',0,'',0,'','1'),('1371811515_11305','Boke','BK','1091','','',1305,0,'',0,'',0,'','1'),('1371811515_11306','Coyah','CO','1091','','',1306,0,'',0,'',0,'','1'),('1371811515_11307','Dabola','DB','1091','','',1307,0,'',0,'',0,'','1'),('1371811515_11308','Dalaba','DL','1091','','',1308,0,'',0,'',0,'','1'),('1371811515_11309','Dinguiraye','DI','1091','','',1309,0,'',0,'',0,'','1'),('1371811515_11310','Dubreka','DU','1091','','',1310,0,'',0,'',0,'','1'),('1371811515_11311','Faranah','FA','1091','','',1311,0,'',0,'',0,'','1'),('1371811515_11312','Forecariah','FO','1091','','',1312,0,'',0,'',0,'','1'),('1371811515_11313','Fria','FR','1091','','',1313,0,'',0,'',0,'','1'),('1371811515_11314','Gaoual','GA','1091','','',1314,0,'',0,'',0,'','1'),('1371811515_11315','Guekedou','GU','1091','','',1315,0,'',0,'',0,'','1'),('1371811515_11316','Kankan','KA','1091','','',1316,0,'',0,'',0,'','1'),('1371811515_11317','Kerouane','KE','1091','','',1317,0,'',0,'',0,'','1'),('1371811515_11318','Kindia','KD','1091','','',1318,0,'',0,'',0,'','1'),('1371811515_11319','Kissidougou','KS','1091','','',1319,0,'',0,'',0,'','1'),('1371811515_11320','Koubia','KB','1091','','',1320,0,'',0,'',0,'','1'),('1371811515_11321','Koundara','KN','1091','','',1321,0,'',0,'',0,'','1'),('1371811515_11322','Kouroussa','KO','1091','','',1322,0,'',0,'',0,'','1'),('1371811515_11323','Labe','LA','1091','','',1323,0,'',0,'',0,'','1'),('1371811515_11324','Lelouma','LE','1091','','',1324,0,'',0,'',0,'','1'),('1371811515_11325','Lola','LO','1091','','',1325,0,'',0,'',0,'','1'),('1371811515_11326','Macenta','MC','1091','','',1326,0,'',0,'',0,'','1'),('1371811515_11327','Mali','ML','1091','','',1327,0,'',0,'',0,'','1'),('1371811515_11328','Mamou','MM','1091','','',1328,0,'',0,'',0,'','1'),('1371811515_11329','Mandiana','MD','1091','','',1329,0,'',0,'',0,'','1'),('1371811515_11330','Nzerekore','NZ','1091','','',1330,0,'',0,'',0,'','1'),('1371811515_11331','Pita','PI','1091','','',1331,0,'',0,'',0,'','1'),('1371811515_11332','Siguiri','SI','1091','','',1332,0,'',0,'',0,'','1'),('1371811515_11333','Telimele','TE','1091','','',1333,0,'',0,'',0,'','1'),('1371811515_11334','Tougue','TO','1091','','',1334,0,'',0,'',0,'','1'),('1371811515_11335','Yomou','YO','1091','','',1335,0,'',0,'',0,'','1'),('1371811515_11336','Region Continental','C','1067','','',1336,0,'',0,'',0,'','1'),('1371811515_11337','Region Insular','I','1067','','',1337,0,'',0,'',0,'','1'),('1371811515_11338','Annobon','AN','1067','','',1338,0,'',0,'',0,'','1'),('1371811515_11339','Bioko Norte','BN','1067','','',1339,0,'',0,'',0,'','1'),('1371811515_11340','Bioko Sur','BS','1067','','',1340,0,'',0,'',0,'','1'),('1371811515_11341','Centro Sur','CS','1067','','',1341,0,'',0,'',0,'','1'),('1371811515_11342','Kie-Ntem','KN','1067','','',1342,0,'',0,'',0,'','1'),('1371811515_11343','Litoral','LI','1067','','',1343,0,'',0,'',0,'','1'),('1371811515_11344','Wele-Nzas','WN','1067','','',1344,0,'',0,'',0,'','1'),('1371811515_11345','Acha','13','1085','','',1345,0,'',0,'',0,'','1'),('1371811515_11346','Aitolia-Akarnania','01','1085','','',1346,0,'',0,'',0,'','1'),('1371811515_11347','Argolis','11','1085','','',1347,0,'',0,'',0,'','1'),('1371811515_11348','Arkadia','12','1085','','',1348,0,'',0,'',0,'','1'),('1371811515_11349','Arta','31','1085','','',1349,0,'',0,'',0,'','1'),('1371811515_11350','Attiki','A1','1085','','',1350,0,'',0,'',0,'','1'),('1371811515_11351','Chalkidiki','64','1085','','',1351,0,'',0,'',0,'','1'),('1371811515_11352','Chania','94','1085','','',1352,0,'',0,'',0,'','1'),('1371811515_11353','Chios','85','1085','','',1353,0,'',0,'',0,'','1'),('1371811515_11354','Dodekanisos','81','1085','','',1354,0,'',0,'',0,'','1'),('1371811515_11355','Drama','52','1085','','',1355,0,'',0,'',0,'','1'),('1371811515_11356','Evros','71','1085','','',1356,0,'',0,'',0,'','1'),('1371811515_11357','Evrytania','05','1085','','',1357,0,'',0,'',0,'','1'),('1371811515_11358','Evvoia','04','1085','','',1358,0,'',0,'',0,'','1'),('1371811515_11359','Florina','63','1085','','',1359,0,'',0,'',0,'','1'),('1371811515_11360','Fokis','07','1085','','',1360,0,'',0,'',0,'','1'),('1371811515_11361','Fthiotis','06','1085','','',1361,0,'',0,'',0,'','1'),('1371811515_11362','Grevena','51','1085','','',1362,0,'',0,'',0,'','1'),('1371811515_11363','Ileia','14','1085','','',1363,0,'',0,'',0,'','1'),('1371811515_11364','Imathia','53','1085','','',1364,0,'',0,'',0,'','1'),('1371811515_11365','Ioannina','33','1085','','',1365,0,'',0,'',0,'','1'),('1371811515_11366','Irakleion','91','1085','','',1366,0,'',0,'',0,'','1'),('1371811515_11367','Karditsa','41','1085','','',1367,0,'',0,'',0,'','1'),('1371811515_11368','Kastoria','56','1085','','',1368,0,'',0,'',0,'','1'),('1371811515_11369','Kavalla','55','1085','','',1369,0,'',0,'',0,'','1'),('1371811515_11370','Kefallinia','23','1085','','',1370,0,'',0,'',0,'','1'),('1371811515_11371','Kerkyra','22','1085','','',1371,0,'',0,'',0,'','1'),('1371811515_11372','Kilkis','57','1085','','',1372,0,'',0,'',0,'','1'),('1371811515_11373','Korinthia','15','1085','','',1373,0,'',0,'',0,'','1'),('1371811515_11374','Kozani','58','1085','','',1374,0,'',0,'',0,'','1'),('1371811515_11375','Kyklades','82','1085','','',1375,0,'',0,'',0,'','1'),('1371811515_11376','Lakonia','16','1085','','',1376,0,'',0,'',0,'','1'),('1371811515_11377','Larisa','42','1085','','',1377,0,'',0,'',0,'','1'),('1371811515_11378','Lasithion','92','1085','','',1378,0,'',0,'',0,'','1'),('1371811515_11379','Lefkas','24','1085','','',1379,0,'',0,'',0,'','1'),('1371811515_11380','Lesvos','83','1085','','',1380,0,'',0,'',0,'','1'),('1371811515_11381','Magnisia','43','1085','','',1381,0,'',0,'',0,'','1'),('1371811515_11382','Messinia','17','1085','','',1382,0,'',0,'',0,'','1'),('1371811515_11383','Pella','59','1085','','',1383,0,'',0,'',0,'','1'),('1371811515_11384','Preveza','34','1085','','',1384,0,'',0,'',0,'','1'),('1371811515_11385','Rethymnon','93','1085','','',1385,0,'',0,'',0,'','1'),('1371811515_11386','Rodopi','73','1085','','',1386,0,'',0,'',0,'','1'),('1371811515_11387','Samos','84','1085','','',1387,0,'',0,'',0,'','1'),('1371811515_11388','Serrai','62','1085','','',1388,0,'',0,'',0,'','1'),('1371811515_11389','Thesprotia','32','1085','','',1389,0,'',0,'',0,'','1'),('1371811515_11390','Thessaloniki','54','1085','','',1390,0,'',0,'',0,'','1'),('1371811515_11391','Trikala','44','1085','','',1391,0,'',0,'',0,'','1'),('1371811515_11392','Voiotia','03','1085','','',1392,0,'',0,'',0,'','1'),('1371811515_11393','Xanthi','72','1085','','',1393,0,'',0,'',0,'','1'),('1371811515_11394','Zakynthos','21','1085','','',1394,0,'',0,'',0,'','1'),('1371811515_11395','Agio Oros','69','1085','','',1395,0,'',0,'',0,'','1'),('1371811515_11396','Alta Verapez','AV','1090','','',1396,0,'',0,'',0,'','1'),('1371811515_11397','Baja Verapez','BV','1090','','',1397,0,'',0,'',0,'','1'),('1371811515_11398','Chimaltenango','CM','1090','','',1398,0,'',0,'',0,'','1'),('1371811515_11399','Chiquimula','CQ','1090','','',1399,0,'',0,'',0,'','1'),('1371811515_11400','El Progreso','PR','1090','','',1400,0,'',0,'',0,'','1'),('1371811515_11401','Escuintla','ES','1090','','',1401,0,'',0,'',0,'','1'),('1371811515_11402','Guatemala','GU','1090','','',1402,0,'',0,'',0,'','1'),('1371811515_11403','Huehuetenango','HU','1090','','',1403,0,'',0,'',0,'','1'),('1371811515_11404','Izabal','IZ','1090','','',1404,0,'',0,'',0,'','1'),('1371811515_11405','Jalapa','JA','1090','','',1405,0,'',0,'',0,'','1'),('1371811515_11406','Jutiapa','JU','1090','','',1406,0,'',0,'',0,'','1'),('1371811515_11407','Peten','PE','1090','','',1407,0,'',0,'',0,'','1'),('1371811515_11408','Quetzaltenango','QZ','1090','','',1408,0,'',0,'',0,'','1'),('1371811515_11409','Quiche','QC','1090','','',1409,0,'',0,'',0,'','1'),('1371811515_11410','Reta.thuleu','RE','1090','','',1410,0,'',0,'',0,'','1'),('1371811515_11411','Sacatepequez','SA','1090','','',1411,0,'',0,'',0,'','1'),('1371811515_11412','San Marcos','SM','1090','','',1412,0,'',0,'',0,'','1'),('1371811515_11413','Santa Rosa','SR','1090','','',1413,0,'',0,'',0,'','1'),('1371811515_11414','Solol6','SO','1090','','',1414,0,'',0,'',0,'','1'),('1371811515_11415','Suchitepequez','SU','1090','','',1415,0,'',0,'',0,'','1'),('1371811515_11416','Totonicapan','TO','1090','','',1416,0,'',0,'',0,'','1'),('1371811515_11417','Zacapa','ZA','1090','','',1417,0,'',0,'',0,'','1'),('1371811515_11418','Bissau','BS','1092','','',1418,0,'',0,'',0,'','1'),('1371811515_11419','Bafata','BA','1092','','',1419,0,'',0,'',0,'','1'),('1371811515_11420','Biombo','BM','1092','','',1420,0,'',0,'',0,'','1'),('1371811515_11421','Bolama','BL','1092','','',1421,0,'',0,'',0,'','1'),('1371811515_11422','Cacheu','CA','1092','','',1422,0,'',0,'',0,'','1'),('1371811515_11423','Gabu','GA','1092','','',1423,0,'',0,'',0,'','1'),('1371811515_11424','Oio','OI','1092','','',1424,0,'',0,'',0,'','1'),('1371811515_11425','Quloara','QU','1092','','',1425,0,'',0,'',0,'','1'),('1371811515_11426','Tombali S','TO','1092','','',1426,0,'',0,'',0,'','1'),('1371811515_11427','Barima-Waini','BA','1093','','',1427,0,'',0,'',0,'','1'),('1371811515_11428','Cuyuni-Mazaruni','CU','1093','','',1428,0,'',0,'',0,'','1'),('1371811515_11429','Demerara-Mahaica','DE','1093','','',1429,0,'',0,'',0,'','1'),('1371811515_11430','East Berbice-Corentyne','EB','1093','','',1430,0,'',0,'',0,'','1'),('1371811515_11431','Essequibo Islands-West Demerara','ES','1093','','',1431,0,'',0,'',0,'','1'),('1371811515_11432','Mahaica-Berbice','MA','1093','','',1432,0,'',0,'',0,'','1'),('1371811515_11433','Pomeroon-Supenaam','PM','1093','','',1433,0,'',0,'',0,'','1'),('1371811515_11434','Potaro-Siparuni','PT','1093','','',1434,0,'',0,'',0,'','1'),('1371811515_11435','Upper Demerara-Berbice','UD','1093','','',1435,0,'',0,'',0,'','1'),('1371811515_11436','Upper Takutu-Upper Essequibo','UT','1093','','',1436,0,'',0,'',0,'','1'),('1371811515_11437','Atlantida','AT','1097','','',1437,0,'',0,'',0,'','1'),('1371811515_11438','Colon','CL','1097','','',1438,0,'',0,'',0,'','1'),('1371811515_11439','Comayagua','CM','1097','','',1439,0,'',0,'',0,'','1'),('1371811515_11440','Copan','CP','1097','','',1440,0,'',0,'',0,'','1'),('1371811515_11441','Cortes','CR','1097','','',1441,0,'',0,'',0,'','1'),('1371811515_11442','Choluteca','CH','1097','','',1442,0,'',0,'',0,'','1'),('1371811515_11443','El Paraiso','EP','1097','','',1443,0,'',0,'',0,'','1'),('1371811515_11444','Francisco Morazan','FM','1097','','',1444,0,'',0,'',0,'','1'),('1371811515_11445','Gracias a Dios','GD','1097','','',1445,0,'',0,'',0,'','1'),('1371811515_11446','Intibuca','IN','1097','','',1446,0,'',0,'',0,'','1'),('1371811515_11447','Islas de la Bahia','IB','1097','','',1447,0,'',0,'',0,'','1'),('1371811515_11448','Lempira','LE','1097','','',1448,0,'',0,'',0,'','1'),('1371811515_11449','Ocotepeque','OC','1097','','',1449,0,'',0,'',0,'','1'),('1371811515_11450','Olancho','OL','1097','','',1450,0,'',0,'',0,'','1'),('1371811515_11451','Santa Barbara','SB','1097','','',1451,0,'',0,'',0,'','1'),('1371811515_11452','Valle','VA','1097','','',1452,0,'',0,'',0,'','1'),('1371811515_11453','Yoro','YO','1097','','',1453,0,'',0,'',0,'','1'),('1371811515_11454','Bjelovarsko-bilogorska zupanija','07','1055','','',1454,0,'',0,'',0,'','1'),('1371811515_11455','Brodsko-posavska zupanija','12','1055','','',1455,0,'',0,'',0,'','1'),('1371811515_11456','Dubrovacko-neretvanska zupanija','19','1055','','',1456,0,'',0,'',0,'','1'),('1371811515_11457','Istarska zupanija','18','1055','','',1457,0,'',0,'',0,'','1'),('1371811515_11458','Karlovacka zupanija','04','1055','','',1458,0,'',0,'',0,'','1'),('1371811515_11459','Koprivnickco-krizevacka zupanija','06','1055','','',1459,0,'',0,'',0,'','1'),('1371811515_11460','Krapinako-zagorska zupanija','02','1055','','',1460,0,'',0,'',0,'','1'),('1371811515_11461','Licko-senjska zupanija','09','1055','','',1461,0,'',0,'',0,'','1'),('1371811515_11462','Medimurska zupanija','20','1055','','',1462,0,'',0,'',0,'','1'),('1371811515_11463','Osjecko-baranjska zupanija','14','1055','','',1463,0,'',0,'',0,'','1'),('1371811515_11464','Pozesko-slavonska zupanija','11','1055','','',1464,0,'',0,'',0,'','1'),('1371811515_11465','Primorsko-goranska zupanija','08','1055','','',1465,0,'',0,'',0,'','1'),('1371811515_11466','Sisacko-moelavacka Iupanija','03','1055','','',1466,0,'',0,'',0,'','1'),('1371811515_11467','Splitako-dalmatinska zupanija','17','1055','','',1467,0,'',0,'',0,'','1'),('1371811515_11468','Sibenako-kninska zupanija','15','1055','','',1468,0,'',0,'',0,'','1'),('1371811515_11469','Varaidinska zupanija','05','1055','','',1469,0,'',0,'',0,'','1'),('1371811515_11470','VirovitiEko-podravska zupanija','10','1055','','',1470,0,'',0,'',0,'','1'),('1371811515_11471','VuRovarako-srijemska zupanija','16','1055','','',1471,0,'',0,'',0,'','1'),('1371811515_11472','Zadaraka','13','1055','','',1472,0,'',0,'',0,'','1'),('1371811515_11473','Zagrebacka zupanija','01','1055','','',1473,0,'',0,'',0,'','1'),('1371811515_11474','Grande-Anse','GA','1094','','',1474,0,'',0,'',0,'','1'),('1371811515_11475','Nord-Est','NE','1094','','',1475,0,'',0,'',0,'','1'),('1371811515_11476','Nord-Ouest','NO','1094','','',1476,0,'',0,'',0,'','1'),('1371811515_11477','Ouest','OU','1094','','',1477,0,'',0,'',0,'','1'),('1371811515_11478','Sud','SD','1094','','',1478,0,'',0,'',0,'','1'),('1371811515_11479','Sud-Est','SE','1094','','',1479,0,'',0,'',0,'','1'),('1371811515_11480','Budapest','BU','1099','','',1480,0,'',0,'',0,'','1'),('1371811515_11481','Bcs-Kiskun','BK','1099','','',1481,0,'',0,'',0,'','1'),('1371811515_11482','Baranya','BA','1099','','',1482,0,'',0,'',0,'','1'),('1371811515_11483','Bk','BE','1099','','',1483,0,'',0,'',0,'','1'),('1371811515_11484','Borsod-Abaj-Zempl','BZ','1099','','',1484,0,'',0,'',0,'','1'),('1371811515_11485','Csongr','CS','1099','','',1485,0,'',0,'',0,'','1'),('1371811515_11486','Fej','FE','1099','','',1486,0,'',0,'',0,'','1'),('1371811515_11487','Gy?r-Moson-Sopron','GS','1099','','',1487,0,'',0,'',0,'','1'),('1371811515_11488','Hajdu-Bihar','HB','1099','','',1488,0,'',0,'',0,'','1'),('1371811515_11489','Heves','HE','1099','','',1489,0,'',0,'',0,'','1'),('1371811515_11490','Jsz-Nagykun-Szolnok','JN','1099','','',1490,0,'',0,'',0,'','1'),('1371811515_11491','Komrom-Esztergom','KE','1099','','',1491,0,'',0,'',0,'','1'),('1371811515_11492','Nogr','NO','1099','','',1492,0,'',0,'',0,'','1'),('1371811515_11493','Pest','PE','1099','','',1493,0,'',0,'',0,'','1'),('1371811515_11494','Somogy','SO','1099','','',1494,0,'',0,'',0,'','1'),('1371811515_11495','Szabolcs-Szatmr-Bereg','SZ','1099','','',1495,0,'',0,'',0,'','1'),('1371811515_11496','Tolna','TO','1099','','',1496,0,'',0,'',0,'','1'),('1371811515_11497','Vas','VA','1099','','',1497,0,'',0,'',0,'','1'),('1371811515_11498','Veszpr','VE','1099','','',1498,0,'',0,'',0,'','1'),('1371811515_11499','Zala','ZA','1099','','',1499,0,'',0,'',0,'','1'),('1371811515_11500','Bkscsaba','BC','1099','','',1500,0,'',0,'',0,'','1'),('1371811515_11501','Debrecen','DE','1099','','',1501,0,'',0,'',0,'','1'),('1371811515_11502','Dunajvros','DU','1099','','',1502,0,'',0,'',0,'','1'),('1371811515_11503','Eger','EG','1099','','',1503,0,'',0,'',0,'','1'),('1371811515_11504','Gy?r','GY','1099','','',1504,0,'',0,'',0,'','1'),('1371811515_11505','Hdmez?vsrhely','HV','1099','','',1505,0,'',0,'',0,'','1'),('1371811515_11506','Kaposv','KV','1099','','',1506,0,'',0,'',0,'','1'),('1371811515_11507','Kecskem','KM','1099','','',1507,0,'',0,'',0,'','1'),('1371811515_11508','Miskolc','MI','1099','','',1508,0,'',0,'',0,'','1'),('1371811515_11509','Nagykanizsa','NK','1099','','',1509,0,'',0,'',0,'','1'),('1371811515_11510','Nyiregyhza','NY','1099','','',1510,0,'',0,'',0,'','1'),('1371811515_11511','Pcs','PS','1099','','',1511,0,'',0,'',0,'','1'),('1371811515_11512','Salgtarj','ST','1099','','',1512,0,'',0,'',0,'','1'),('1371811515_11513','Sopron','SN','1099','','',1513,0,'',0,'',0,'','1'),('1371811515_11514','Szeged','SD','1099','','',1514,0,'',0,'',0,'','1'),('1371811515_11515','Szkesfehrv','SF','1099','','',1515,0,'',0,'',0,'','1'),('1371811515_11516','Szekszrd','SS','1099','','',1516,0,'',0,'',0,'','1'),('1371811515_11517','Szolnok','SK','1099','','',1517,0,'',0,'',0,'','1'),('1371811515_11518','Szombathely','SH','1099','','',1518,0,'',0,'',0,'','1'),('1371811515_11519','Tatabnya','TB','1099','','',1519,0,'',0,'',0,'','1'),('1371811515_11520','Zalaegerszeg','ZE','1099','','',1520,0,'',0,'',0,'','1'),('1371811515_11521','Bali','BA','1102','','',1521,0,'',0,'',0,'','1'),('1371811515_11522','Bangka Belitung','BB','1102','','',1522,0,'',0,'',0,'','1'),('1371811515_11523','Banten','BT','1102','','',1523,0,'',0,'',0,'','1'),('1371811515_11524','Bengkulu','BE','1102','','',1524,0,'',0,'',0,'','1'),('1371811515_11525','Gorontalo','GO','1102','','',1525,0,'',0,'',0,'','1'),('1371811515_11526','Irian Jaya','IJ','1102','','',1526,0,'',0,'',0,'','1'),('1371811515_11527','Jambi','JA','1102','','',1527,0,'',0,'',0,'','1'),('1371811515_11528','Jawa Barat','JB','1102','','',1528,0,'',0,'',0,'','1'),('1371811515_11529','Jawa Tengah','JT','1102','','',1529,0,'',0,'',0,'','1'),('1371811515_11530','Jawa Timur','JI','1102','','',1530,0,'',0,'',0,'','1'),('1371811515_11531','Kalimantan Barat','KB','1102','','',1531,0,'',0,'',0,'','1'),('1371811515_11532','Kalimantan Timur','KT','1102','','',1532,0,'',0,'',0,'','1'),('1371811515_11533','Kalimantan Selatan','KS','1102','','',1533,0,'',0,'',0,'','1'),('1371811515_11534','Kepulauan Riau','KR','1102','','',1534,0,'',0,'',0,'','1'),('1371811515_11535','Lampung','LA','1102','','',1535,0,'',0,'',0,'','1'),('1371811515_11536','Maluku','MA','1102','','',1536,0,'',0,'',0,'','1'),('1371811515_11537','Maluku Utara','MU','1102','','',1537,0,'',0,'',0,'','1'),('1371811515_11538','Nusa Tenggara Barat','NB','1102','','',1538,0,'',0,'',0,'','1'),('1371811515_11539','Nusa Tenggara Timur','NT','1102','','',1539,0,'',0,'',0,'','1'),('1371811515_11540','Papua','PA','1102','','',1540,0,'',0,'',0,'','1'),('1371811515_11541','Riau','RI','1102','','',1541,0,'',0,'',0,'','1'),('1371811515_11542','Sulawesi Selatan','SN','1102','','',1542,0,'',0,'',0,'','1'),('1371811515_11543','Sulawesi Tengah','ST','1102','','',1543,0,'',0,'',0,'','1'),('1371811515_11544','Sulawesi Tenggara','SG','1102','','',1544,0,'',0,'',0,'','1'),('1371811515_11545','Sulawesi Utara','SA','1102','','',1545,0,'',0,'',0,'','1'),('1371811515_11546','Sumatra Barat','SB','1102','','',1546,0,'',0,'',0,'','1'),('1371811515_11547','Sumatra Selatan','SS','1102','','',1547,0,'',0,'',0,'','1'),('1371811515_11548','Sumatera Utara','SU','1102','','',1548,0,'',0,'',0,'','1'),('1371811515_11549','Jakarta Raya','JK','1102','','',1549,0,'',0,'',0,'','1'),('1371811515_11550','Aceh','AC','1102','','',1550,0,'',0,'',0,'','1'),('1371811515_11551','Yogyakarta','YO','1102','','',1551,0,'',0,'',0,'','1'),('1371811515_11552','Cork','C','1105','','',1552,0,'',0,'',0,'','1'),('1371811515_11553','Clare','CE','1105','','',1553,0,'',0,'',0,'','1'),('1371811515_11554','Cavan','CN','1105','','',1554,0,'',0,'',0,'','1'),('1371811515_11555','Carlow','CW','1105','','',1555,0,'',0,'',0,'','1'),('1371811515_11556','Dublin','D','1105','','',1556,0,'',0,'',0,'','1'),('1371811515_11557','Donegal','DL','1105','','',1557,0,'',0,'',0,'','1'),('1371811515_11558','Galway','G','1105','','',1558,0,'',0,'',0,'','1'),('1371811515_11559','Kildare','KE','1105','','',1559,0,'',0,'',0,'','1'),('1371811515_11560','Kilkenny','KK','1105','','',1560,0,'',0,'',0,'','1'),('1371811515_11561','Kerry','KY','1105','','',1561,0,'',0,'',0,'','1'),('1371811515_11562','Longford','LD','1105','','',1562,0,'',0,'',0,'','1'),('1371811515_11563','Louth','LH','1105','','',1563,0,'',0,'',0,'','1'),('1371811515_11564','Limerick','LK','1105','','',1564,0,'',0,'',0,'','1'),('1371811515_11565','Leitrim','LM','1105','','',1565,0,'',0,'',0,'','1'),('1371811515_11566','Laois','LS','1105','','',1566,0,'',0,'',0,'','1'),('1371811515_11567','Meath','MH','1105','','',1567,0,'',0,'',0,'','1'),('1371811515_11568','Monaghan','MN','1105','','',1568,0,'',0,'',0,'','1'),('1371811515_11569','Mayo','MO','1105','','',1569,0,'',0,'',0,'','1'),('1371811515_11570','Offaly','OY','1105','','',1570,0,'',0,'',0,'','1'),('1371811515_11571','Roscommon','RN','1105','','',1571,0,'',0,'',0,'','1'),('1371811515_11572','Sligo','SO','1105','','',1572,0,'',0,'',0,'','1'),('1371811515_11573','Tipperary','TA','1105','','',1573,0,'',0,'',0,'','1'),('1371811515_11574','Waterford','WD','1105','','',1574,0,'',0,'',0,'','1'),('1371811515_11575','Westmeath','WH','1105','','',1575,0,'',0,'',0,'','1'),('1371811515_11576','Wicklow','WW','1105','','',1576,0,'',0,'',0,'','1'),('1371811515_11577','Wexford','WX','1105','','',1577,0,'',0,'',0,'','1'),('1371811515_11578','HaDarom','D','1106','','',1578,0,'',0,'',0,'','1'),('1371811515_11579','HaMerkaz','M','1106','','',1579,0,'',0,'',0,'','1'),('1371811515_11580','HaZafon','Z','1106','','',1580,0,'',0,'',0,'','1'),('1371811515_11581','Haifa','HA','1106','','',1581,0,'',0,'',0,'','1'),('1371811515_11582','Tel-Aviv','TA','1106','','',1582,0,'',0,'',0,'','1'),('1371811515_11583','Jerusalem','JM','1106','','',1583,0,'',0,'',0,'','1'),('1371811515_11584','Al Anbar','AN','1104','','',1584,0,'',0,'',0,'','1'),('1371811515_11585','Al Ba,rah','BA','1104','','',1585,0,'',0,'',0,'','1'),('1371811515_11586','Al Muthanna','MU','1104','','',1586,0,'',0,'',0,'','1'),('1371811515_11587','Al Qadisiyah','QA','1104','','',1587,0,'',0,'',0,'','1'),('1371811515_11588','An Najef','NA','1104','','',1588,0,'',0,'',0,'','1'),('1371811515_11589','Arbil','AR','1104','','',1589,0,'',0,'',0,'','1'),('1371811515_11590','As Sulaymaniyah','SW','1104','','',1590,0,'',0,'',0,'','1'),('1371811515_11591','At Ta mim','TS','1104','','',1591,0,'',0,'',0,'','1'),('1371811515_11592','Babil','BB','1104','','',1592,0,'',0,'',0,'','1'),('1371811515_11593','Baghdad','BG','1104','','',1593,0,'',0,'',0,'','1'),('1371811515_11594','Dahuk','DA','1104','','',1594,0,'',0,'',0,'','1'),('1371811515_11595','Dhi Qar','DQ','1104','','',1595,0,'',0,'',0,'','1'),('1371811515_11596','Diyala','DI','1104','','',1596,0,'',0,'',0,'','1'),('1371811515_11597','Karbala ','KA','1104','','',1597,0,'',0,'',0,'','1'),('1371811515_11598','Maysan','MA','1104','','',1598,0,'',0,'',0,'','1'),('1371811515_11599','Ninawa','NI','1104','','',1599,0,'',0,'',0,'','1'),('1371811515_11600','Salah ad Din','SD','1104','','',1600,0,'',0,'',0,'','1'),('1371811515_11601','Wasit','WA','1104','','',1601,0,'',0,'',0,'','1'),('1371811515_11602','Ardabil','03','1103','','',1602,0,'',0,'',0,'','1'),('1371811515_11603','Azarbayjan-e Gharbi','02','1103','','',1603,0,'',0,'',0,'','1'),('1371811515_11604','Azarbayjan-e Sharqi','01','1103','','',1604,0,'',0,'',0,'','1'),('1371811515_11605','Bushehr','06','1103','','',1605,0,'',0,'',0,'','1'),('1371811515_11606','Chahar Mahall va Bakhtiari','08','1103','','',1606,0,'',0,'',0,'','1'),('1371811515_11607','Esfahan','04','1103','','',1607,0,'',0,'',0,'','1'),('1371811515_11608','Fars','14','1103','','',1608,0,'',0,'',0,'','1'),('1371811515_11609','Gilan','19','1103','','',1609,0,'',0,'',0,'','1'),('1371811515_11610','Golestan','27','1103','','',1610,0,'',0,'',0,'','1'),('1371811515_11611','Hamadan','24','1103','','',1611,0,'',0,'',0,'','1'),('1371811515_11612','Hormozgan','23','1103','','',1612,0,'',0,'',0,'','1'),('1371811515_11613','Iiam','05','1103','','',1613,0,'',0,'',0,'','1'),('1371811515_11614','Kerman','15','1103','','',1614,0,'',0,'',0,'','1'),('1371811515_11615','Kermanshah','17','1103','','',1615,0,'',0,'',0,'','1'),('1371811515_11616','Khorasan','09','1103','','',1616,0,'',0,'',0,'','1'),('1371811515_11617','Khuzestan','10','1103','','',1617,0,'',0,'',0,'','1'),('1371811515_11618','Kohjiluyeh va Buyer Ahmad','18','1103','','',1618,0,'',0,'',0,'','1'),('1371811515_11619','Kordestan','16','1103','','',1619,0,'',0,'',0,'','1'),('1371811515_11620','Lorestan','20','1103','','',1620,0,'',0,'',0,'','1'),('1371811515_11621','Markazi','22','1103','','',1621,0,'',0,'',0,'','1'),('1371811515_11622','Mazandaran','21','1103','','',1622,0,'',0,'',0,'','1'),('1371811515_11623','Qazvin','28','1103','','',1623,0,'',0,'',0,'','1'),('1371811515_11624','Qom','26','1103','','',1624,0,'',0,'',0,'','1'),('1371811515_11625','Semnan','12','1103','','',1625,0,'',0,'',0,'','1'),('1371811515_11626','Sistan va Baluchestan','13','1103','','',1626,0,'',0,'',0,'','1'),('1371811515_11627','Tehran','07','1103','','',1627,0,'',0,'',0,'','1'),('1371811515_11628','Yazd','25','1103','','',1628,0,'',0,'',0,'','1'),('1371811515_11629','Zanjan','11','1103','','',1629,0,'',0,'',0,'','1'),('1371811515_11630','Austurland','7','1100','','',1630,0,'',0,'',0,'','1'),('1371811515_11631','Hofuoborgarsvaeoi utan Reykjavikur','1','1100','','',1631,0,'',0,'',0,'','1'),('1371811515_11632','Norourland eystra','6','1100','','',1632,0,'',0,'',0,'','1'),('1371811515_11633','Norourland vestra','5','1100','','',1633,0,'',0,'',0,'','1'),('1371811515_11634','Reykjavik','0','1100','','',1634,0,'',0,'',0,'','1'),('1371811515_11635','Suourland','8','1100','','',1635,0,'',0,'',0,'','1'),('1371811515_11636','Suournes','2','1100','','',1636,0,'',0,'',0,'','1'),('1371811515_11637','Vestfirolr','4','1100','','',1637,0,'',0,'',0,'','1'),('1371811515_11638','Vesturland','3','1100','','',1638,0,'',0,'',0,'','1'),('1371811515_11639','Agrigento','AG','1107','','',1639,0,'',0,'',0,'','1'),('1371811515_11640','Alessandria','AL','1107','','',1640,0,'',0,'',0,'','1'),('1371811515_11641','Ancona','AN','1107','','',1641,0,'',0,'',0,'','1'),('1371811515_11642','Aosta','AO','1107','','',1642,0,'',0,'',0,'','1'),('1371811515_11643','Arezzo','AR','1107','','',1643,0,'',0,'',0,'','1'),('1371811515_11644','Ascoli Piceno','AP','1107','','',1644,0,'',0,'',0,'','1'),('1371811515_11645','Asti','AT','1107','','',1645,0,'',0,'',0,'','1'),('1371811515_11646','Avellino','AV','1107','','',1646,0,'',0,'',0,'','1'),('1371811515_11647','Bari','BA','1107','','',1647,0,'',0,'',0,'','1'),('1371811515_11648','Belluno','BL','1107','','',1648,0,'',0,'',0,'','1'),('1371811515_11649','Benevento','BN','1107','','',1649,0,'',0,'',0,'','1'),('1371811515_11650','Bergamo','BG','1107','','',1650,0,'',0,'',0,'','1'),('1371811515_11651','Biella','BI','1107','','',1651,0,'',0,'',0,'','1'),('1371811515_11652','Bologna','BO','1107','','',1652,0,'',0,'',0,'','1'),('1371811515_11653','Bolzano','BZ','1107','','',1653,0,'',0,'',0,'','1'),('1371811515_11654','Brescia','BS','1107','','',1654,0,'',0,'',0,'','1'),('1371811515_11655','Brindisi','BR','1107','','',1655,0,'',0,'',0,'','1'),('1371811515_11656','Cagliari','CA','1107','','',1656,0,'',0,'',0,'','1'),('1371811515_11657','Caltanissetta','CL','1107','','',1657,0,'',0,'',0,'','1'),('1371811515_11658','Campobasso','CB','1107','','',1658,0,'',0,'',0,'','1'),('1371811515_11659','Caserta','CE','1107','','',1659,0,'',0,'',0,'','1'),('1371811516_11660','Catania','CT','1107','','',1660,0,'',0,'',0,'','1'),('1371811516_11661','Catanzaro','CZ','1107','','',1661,0,'',0,'',0,'','1'),('1371811516_11662','Chieti','CH','1107','','',1662,0,'',0,'',0,'','1'),('1371811516_11663','Como','CO','1107','','',1663,0,'',0,'',0,'','1'),('1371811516_11664','Cosenza','CS','1107','','',1664,0,'',0,'',0,'','1'),('1371811516_11665','Cremona','CR','1107','','',1665,0,'',0,'',0,'','1'),('1371811516_11666','Crotone','KR','1107','','',1666,0,'',0,'',0,'','1'),('1371811516_11667','Cuneo','CN','1107','','',1667,0,'',0,'',0,'','1'),('1371811516_11668','Enna','EN','1107','','',1668,0,'',0,'',0,'','1'),('1371811516_11669','Ferrara','FE','1107','','',1669,0,'',0,'',0,'','1'),('1371811516_11670','Firenze','FI','1107','','',1670,0,'',0,'',0,'','1'),('1371811516_11671','Foggia','FG','1107','','',1671,0,'',0,'',0,'','1'),('1371811516_11672','Forl-Cesena','FC','1107','','',1672,0,'',0,'',0,'','1'),('1371811516_11673','Frosinone','FR','1107','','',1673,0,'',0,'',0,'','1'),('1371811516_11674','Genova','GE','1107','','',1674,0,'',0,'',0,'','1'),('1371811516_11675','Gorizia','GO','1107','','',1675,0,'',0,'',0,'','1'),('1371811516_11676','Grosseto','GR','1107','','',1676,0,'',0,'',0,'','1'),('1371811516_11677','Imperia','IM','1107','','',1677,0,'',0,'',0,'','1'),('1371811516_11678','Isernia','IS','1107','','',1678,0,'',0,'',0,'','1'),('1371811516_11679','L Aquila','AQ','1107','','',1679,0,'',0,'',0,'','1'),('1371811516_11680','La Spezia','SP','1107','','',1680,0,'',0,'',0,'','1'),('1371811516_11681','Latina','LT','1107','','',1681,0,'',0,'',0,'','1'),('1371811516_11682','Lecce','LE','1107','','',1682,0,'',0,'',0,'','1'),('1371811516_11683','Lecco','LC','1107','','',1683,0,'',0,'',0,'','1'),('1371811516_11684','Livorno','LI','1107','','',1684,0,'',0,'',0,'','1'),('1371811516_11685','Lodi','LO','1107','','',1685,0,'',0,'',0,'','1'),('1371811516_11686','Lucca','LU','1107','','',1686,0,'',0,'',0,'','1'),('1371811516_11687','Macerata','MC','1107','','',1687,0,'',0,'',0,'','1'),('1371811516_11688','Mantova','MN','1107','','',1688,0,'',0,'',0,'','1'),('1371811516_11689','Massa-Carrara','MS','1107','','',1689,0,'',0,'',0,'','1'),('1371811516_11690','Matera','MT','1107','','',1690,0,'',0,'',0,'','1'),('1371811516_11691','Messina','ME','1107','','',1691,0,'',0,'',0,'','1'),('1371811516_11692','Milano','MI','1107','','',1692,0,'',0,'',0,'','1'),('1371811516_11693','Modena','MO','1107','','',1693,0,'',0,'',0,'','1'),('1371811516_11694','Napoli','NA','1107','','',1694,0,'',0,'',0,'','1'),('1371811516_11695','Novara','NO','1107','','',1695,0,'',0,'',0,'','1'),('1371811516_11696','Nuoro','NU','1107','','',1696,0,'',0,'',0,'','1'),('1371811516_11697','Oristano','OR','1107','','',1697,0,'',0,'',0,'','1'),('1371811516_11698','Padova','PD','1107','','',1698,0,'',0,'',0,'','1'),('1371811516_11699','Palermo','PA','1107','','',1699,0,'',0,'',0,'','1'),('1371811516_11700','Parma','PR','1107','','',1700,0,'',0,'',0,'','1'),('1371811516_11701','Pavia','PV','1107','','',1701,0,'',0,'',0,'','1'),('1371811516_11702','Perugia','PG','1107','','',1702,0,'',0,'',0,'','1'),('1371811516_11703','Pesaro e Urbino','PU','1107','','',1703,0,'',0,'',0,'','1'),('1371811516_11704','Pescara','PE','1107','','',1704,0,'',0,'',0,'','1'),('1371811516_11705','Piacenza','PC','1107','','',1705,0,'',0,'',0,'','1'),('1371811516_11706','Pisa','PI','1107','','',1706,0,'',0,'',0,'','1'),('1371811516_11707','Pistoia','PT','1107','','',1707,0,'',0,'',0,'','1'),('1371811516_11708','Pordenone','PN','1107','','',1708,0,'',0,'',0,'','1'),('1371811516_11709','Potenza','PZ','1107','','',1709,0,'',0,'',0,'','1'),('1371811516_11710','Prato','PO','1107','','',1710,0,'',0,'',0,'','1'),('1371811516_11711','Ragusa','RG','1107','','',1711,0,'',0,'',0,'','1'),('1371811516_11712','Ravenna','RA','1107','','',1712,0,'',0,'',0,'','1'),('1371811516_11713','Reggio Calabria','RC','1107','','',1713,0,'',0,'',0,'','1'),('1371811516_11714','Reggio Emilia','RE','1107','','',1714,0,'',0,'',0,'','1'),('1371811516_11715','Rieti','RI','1107','','',1715,0,'',0,'',0,'','1'),('1371811516_11716','Rimini','RN','1107','','',1716,0,'',0,'',0,'','1'),('1371811516_11717','Roma','RM','1107','','',1717,0,'',0,'',0,'','1'),('1371811516_11718','Rovigo','RO','1107','','',1718,0,'',0,'',0,'','1'),('1371811516_11719','Salerno','SA','1107','','',1719,0,'',0,'',0,'','1'),('1371811516_11720','Sassari','SS','1107','','',1720,0,'',0,'',0,'','1'),('1371811516_11721','Savona','SV','1107','','',1721,0,'',0,'',0,'','1'),('1371811516_11722','Siena','SI','1107','','',1722,0,'',0,'',0,'','1'),('1371811516_11723','Siracusa','SR','1107','','',1723,0,'',0,'',0,'','1'),('1371811516_11724','Sondrio','SO','1107','','',1724,0,'',0,'',0,'','1'),('1371811516_11725','Taranto','TA','1107','','',1725,0,'',0,'',0,'','1'),('1371811516_11726','Teramo','TE','1107','','',1726,0,'',0,'',0,'','1'),('1371811516_11727','Terni','TR','1107','','',1727,0,'',0,'',0,'','1'),('1371811516_11728','Torino','TO','1107','','',1728,0,'',0,'',0,'','1'),('1371811516_11729','Trapani','TP','1107','','',1729,0,'',0,'',0,'','1'),('1371811516_11730','Trento','TN','1107','','',1730,0,'',0,'',0,'','1'),('1371811516_11731','Treviso','TV','1107','','',1731,0,'',0,'',0,'','1'),('1371811516_11732','Trieste','TS','1107','','',1732,0,'',0,'',0,'','1'),('1371811516_11733','Udine','UD','1107','','',1733,0,'',0,'',0,'','1'),('1371811516_11734','Varese','VA','1107','','',1734,0,'',0,'',0,'','1'),('1371811516_11735','Venezia','VE','1107','','',1735,0,'',0,'',0,'','1'),('1371811516_11736','Verbano-Cusio-Ossola','VB','1107','','',1736,0,'',0,'',0,'','1'),('1371811516_11737','Vercelli','VC','1107','','',1737,0,'',0,'',0,'','1'),('1371811516_11738','Verona','VR','1107','','',1738,0,'',0,'',0,'','1'),('1371811516_11739','Vibo Valentia','VV','1107','','',1739,0,'',0,'',0,'','1'),('1371811516_11740','Vicenza','VI','1107','','',1740,0,'',0,'',0,'','1'),('1371811516_11741','Viterbo','VT','1107','','',1741,0,'',0,'',0,'','1'),('1371811516_11742','Aichi','23','1109','','',1742,0,'',0,'',0,'','1'),('1371811516_11743','Akita','05','1109','','',1743,0,'',0,'',0,'','1'),('1371811516_11744','Aomori','02','1109','','',1744,0,'',0,'',0,'','1'),('1371811516_11745','Chiba','12','1109','','',1745,0,'',0,'',0,'','1'),('1371811516_11746','Ehime','38','1109','','',1746,0,'',0,'',0,'','1'),('1371811516_11747','Fukui','18','1109','','',1747,0,'',0,'',0,'','1'),('1371811516_11748','Fukuoka','40','1109','','',1748,0,'',0,'',0,'','1'),('1371811516_11749','Fukusima','07','1109','','',1749,0,'',0,'',0,'','1'),('1371811516_11750','Gifu','21','1109','','',1750,0,'',0,'',0,'','1'),('1371811516_11751','Gunma','10','1109','','',1751,0,'',0,'',0,'','1'),('1371811516_11752','Hiroshima','34','1109','','',1752,0,'',0,'',0,'','1'),('1371811516_11753','Hokkaido','01','1109','','',1753,0,'',0,'',0,'','1'),('1371811516_11754','Hyogo','28','1109','','',1754,0,'',0,'',0,'','1'),('1371811516_11755','Ibaraki','08','1109','','',1755,0,'',0,'',0,'','1'),('1371811516_11756','Ishikawa','17','1109','','',1756,0,'',0,'',0,'','1'),('1371811516_11757','Iwate','03','1109','','',1757,0,'',0,'',0,'','1'),('1371811516_11758','Kagawa','37','1109','','',1758,0,'',0,'',0,'','1'),('1371811516_11759','Kagoshima','46','1109','','',1759,0,'',0,'',0,'','1'),('1371811516_11760','Kanagawa','14','1109','','',1760,0,'',0,'',0,'','1'),('1371811516_11761','Kochi','39','1109','','',1761,0,'',0,'',0,'','1'),('1371811516_11762','Kumamoto','43','1109','','',1762,0,'',0,'',0,'','1'),('1371811516_11763','Kyoto','26','1109','','',1763,0,'',0,'',0,'','1'),('1371811516_11764','Mie','24','1109','','',1764,0,'',0,'',0,'','1'),('1371811516_11765','Miyagi','04','1109','','',1765,0,'',0,'',0,'','1'),('1371811516_11766','Miyazaki','45','1109','','',1766,0,'',0,'',0,'','1'),('1371811516_11767','Nagano','20','1109','','',1767,0,'',0,'',0,'','1'),('1371811516_11768','Nagasaki','42','1109','','',1768,0,'',0,'',0,'','1'),('1371811516_11769','Nara','29','1109','','',1769,0,'',0,'',0,'','1'),('1371811516_11770','Niigata','15','1109','','',1770,0,'',0,'',0,'','1'),('1371811516_11771','Oita','44','1109','','',1771,0,'',0,'',0,'','1'),('1371811516_11772','Okayama','33','1109','','',1772,0,'',0,'',0,'','1'),('1371811516_11773','Okinawa','47','1109','','',1773,0,'',0,'',0,'','1'),('1371811516_11774','Osaka','27','1109','','',1774,0,'',0,'',0,'','1'),('1371811516_11775','Saga','41','1109','','',1775,0,'',0,'',0,'','1'),('1371811516_11776','Saitama','11','1109','','',1776,0,'',0,'',0,'','1'),('1371811516_11777','Shiga','25','1109','','',1777,0,'',0,'',0,'','1'),('1371811516_11778','Shimane','32','1109','','',1778,0,'',0,'',0,'','1'),('1371811516_11779','Shizuoka','22','1109','','',1779,0,'',0,'',0,'','1'),('1371811516_11780','Tochigi','09','1109','','',1780,0,'',0,'',0,'','1'),('1371811516_11781','Tokushima','36','1109','','',1781,0,'',0,'',0,'','1'),('1371811516_11782','Tokyo','13','1109','','',1782,0,'',0,'',0,'','1'),('1371811516_11783','Tottori','31','1109','','',1783,0,'',0,'',0,'','1'),('1371811516_11784','Toyama','16','1109','','',1784,0,'',0,'',0,'','1'),('1371811516_11785','Wakayama','30','1109','','',1785,0,'',0,'',0,'','1'),('1371811516_11786','Yamagata','06','1109','','',1786,0,'',0,'',0,'','1'),('1371811516_11787','Yamaguchi','35','1109','','',1787,0,'',0,'',0,'','1'),('1371811516_11788','Yamanashi','19','1109','','',1788,0,'',0,'',0,'','1'),('1371811516_11789','Clarendon','CN','1108','','',1789,0,'',0,'',0,'','1'),('1371811516_11790','Hanover','HR','1108','','',1790,0,'',0,'',0,'','1'),('1371811516_11791','Kingston','KN','1108','','',1791,0,'',0,'',0,'','1'),('1371811516_11792','Portland','PD','1108','','',1792,0,'',0,'',0,'','1'),('1371811516_11793','Saint Andrew','AW','1108','','',1793,0,'',0,'',0,'','1'),('1371811516_11794','Saint Ann','AN','1108','','',1794,0,'',0,'',0,'','1'),('1371811516_11795','Saint Catherine','CE','1108','','',1795,0,'',0,'',0,'','1'),('1371811516_11796','Saint Elizabeth','EH','1108','','',1796,0,'',0,'',0,'','1'),('1371811516_11797','Saint James','JS','1108','','',1797,0,'',0,'',0,'','1'),('1371811516_11798','Saint Mary','MY','1108','','',1798,0,'',0,'',0,'','1'),('1371811516_11799','Saint Thomas','TS','1108','','',1799,0,'',0,'',0,'','1'),('1371811516_11800','Trelawny','TY','1108','','',1800,0,'',0,'',0,'','1'),('1371811516_11801','Westmoreland','WD','1108','','',1801,0,'',0,'',0,'','1'),('1371811516_11802','Ajln','AJ','1110','','',1802,0,'',0,'',0,'','1'),('1371811516_11803','Al  Aqaba','AQ','1110','','',1803,0,'',0,'',0,'','1'),('1371811516_11804','Al Balqa ','BA','1110','','',1804,0,'',0,'',0,'','1'),('1371811516_11805','Al Karak','KA','1110','','',1805,0,'',0,'',0,'','1'),('1371811516_11806','Al Mafraq','MA','1110','','',1806,0,'',0,'',0,'','1'),('1371811516_11807','Amman','AM','1110','','',1807,0,'',0,'',0,'','1'),('1371811516_11808','At Tafilah','AT','1110','','',1808,0,'',0,'',0,'','1'),('1371811516_11809','Az Zarga','AZ','1110','','',1809,0,'',0,'',0,'','1'),('1371811516_11810','Irbid','JR','1110','','',1810,0,'',0,'',0,'','1'),('1371811516_11811','Jarash','JA','1110','','',1811,0,'',0,'',0,'','1'),('1371811516_11812','Ma an','MN','1110','','',1812,0,'',0,'',0,'','1'),('1371811516_11813','Madaba','MD','1110','','',1813,0,'',0,'',0,'','1'),('1371811516_11814','Nairobi Municipality','110','1112','','',1814,0,'',0,'',0,'','1'),('1371811516_11815','Coast','300','1112','','',1815,0,'',0,'',0,'','1'),('1371811516_11816','North-Eastern Kaskazini Mashariki','500','1112','','',1816,0,'',0,'',0,'','1'),('1371811516_11817','Rift Valley','700','1112','','',1817,0,'',0,'',0,'','1'),('1371811516_11818','Western Magharibi','900','1112','','',1818,0,'',0,'',0,'','1'),('1371811516_11819','Bishkek','GB','1117','','',1819,0,'',0,'',0,'','1'),('1371811516_11820','Batken','B','1117','','',1820,0,'',0,'',0,'','1'),('1371811516_11821','Chu','C','1117','','',1821,0,'',0,'',0,'','1'),('1371811516_11822','Jalal-Abad','J','1117','','',1822,0,'',0,'',0,'','1'),('1371811516_11823','Naryn','N','1117','','',1823,0,'',0,'',0,'','1'),('1371811516_11824','Osh','O','1117','','',1824,0,'',0,'',0,'','1'),('1371811516_11825','Talas','T','1117','','',1825,0,'',0,'',0,'','1'),('1371811516_11826','Ysyk-Kol','Y','1117','','',1826,0,'',0,'',0,'','1'),('1371811516_11827','Krong Kaeb','23','1037','','',1827,0,'',0,'',0,'','1'),('1371811516_11828','Krong Pailin','24','1037','','',1828,0,'',0,'',0,'','1'),('1371811516_11829','Xrong Preah Sihanouk','18','1037','','',1829,0,'',0,'',0,'','1'),('1371811516_11830','Phnom Penh','12','1037','','',1830,0,'',0,'',0,'','1'),('1371811516_11831','Baat Dambang','2','1037','','',1831,0,'',0,'',0,'','1'),('1371811516_11832','Banteay Mean Chey','1','1037','','',1832,0,'',0,'',0,'','1'),('1371811516_11833','Rampong Chaam','3','1037','','',1833,0,'',0,'',0,'','1'),('1371811516_11834','Kampong Chhnang','4','1037','','',1834,0,'',0,'',0,'','1'),('1371811516_11835','Kampong Spueu','5','1037','','',1835,0,'',0,'',0,'','1'),('1371811516_11836','Kampong Thum','6','1037','','',1836,0,'',0,'',0,'','1'),('1371811516_11837','Kampot','7','1037','','',1837,0,'',0,'',0,'','1'),('1371811516_11838','Kandaal','8','1037','','',1838,0,'',0,'',0,'','1'),('1371811516_11839','Kach Kong','9','1037','','',1839,0,'',0,'',0,'','1'),('1371811516_11840','Krachoh','10','1037','','',1840,0,'',0,'',0,'','1'),('1371811516_11841','Mondol Kiri','11','1037','','',1841,0,'',0,'',0,'','1'),('1371811516_11842','Otdar Mean Chey','22','1037','','',1842,0,'',0,'',0,'','1'),('1371811516_11843','Pousaat','15','1037','','',1843,0,'',0,'',0,'','1'),('1371811516_11844','Preah Vihear','13','1037','','',1844,0,'',0,'',0,'','1'),('1371811516_11845','Prey Veaeng','14','1037','','',1845,0,'',0,'',0,'','1'),('1371811516_11846','Rotanak Kiri','16','1037','','',1846,0,'',0,'',0,'','1'),('1371811516_11847','Siem Reab','17','1037','','',1847,0,'',0,'',0,'','1'),('1371811516_11848','Stueng Traeng','19','1037','','',1848,0,'',0,'',0,'','1'),('1371811516_11849','Svaay Rieng','20','1037','','',1849,0,'',0,'',0,'','1'),('1371811516_11850','Taakaev','21','1037','','',1850,0,'',0,'',0,'','1'),('1371811516_11851','Gilbert Islands','G','1113','','',1851,0,'',0,'',0,'','1'),('1371811516_11852','Line Islands','L','1113','','',1852,0,'',0,'',0,'','1'),('1371811516_11853','Phoenix Islands','P','1113','','',1853,0,'',0,'',0,'','1'),('1371811516_11854','Anjouan Ndzouani','A','1049','','',1854,0,'',0,'',0,'','1'),('1371811516_11855','Grande Comore Ngazidja','G','1049','','',1855,0,'',0,'',0,'','1'),('1371811516_11856','Moheli Moili','M','1049','','',1856,0,'',0,'',0,'','1'),('1371811516_11857','Kaesong-si','KAE','1114','','',1857,0,'',0,'',0,'','1'),('1371811516_11858','Nampo-si','NAM','1114','','',1858,0,'',0,'',0,'','1'),('1371811516_11859','Pyongyang-ai','PYO','1114','','',1859,0,'',0,'',0,'','1'),('1371811516_11860','Chagang-do','CHA','1114','','',1860,0,'',0,'',0,'','1'),('1371811516_11861','Hamgyongbuk-do','HAB','1114','','',1861,0,'',0,'',0,'','1'),('1371811516_11862','Hamgyongnam-do','HAN','1114','','',1862,0,'',0,'',0,'','1'),('1371811516_11863','Hwanghaebuk-do','HWB','1114','','',1863,0,'',0,'',0,'','1'),('1371811516_11864','Hwanghaenam-do','HWN','1114','','',1864,0,'',0,'',0,'','1'),('1371811516_11865','Kangwon-do','KAN','1114','','',1865,0,'',0,'',0,'','1'),('1371811516_11866','Pyonganbuk-do','PYB','1114','','',1866,0,'',0,'',0,'','1'),('1371811516_11867','Pyongannam-do','PYN','1114','','',1867,0,'',0,'',0,'','1'),('1371811516_11868','Yanggang-do','YAN','1114','','',1868,0,'',0,'',0,'','1'),('1371811516_11869','Najin Sonbong-si','NAJ','1114','','',1869,0,'',0,'',0,'','1'),('1371811516_11870','Seoul Teugbyeolsi','11','1115','','',1870,0,'',0,'',0,'','1'),('1371811516_11871','Busan Gwang yeogsi','26','1115','','',1871,0,'',0,'',0,'','1'),('1371811516_11872','Daegu Gwang yeogsi','27','1115','','',1872,0,'',0,'',0,'','1'),('1371811516_11873','Daejeon Gwang yeogsi','30','1115','','',1873,0,'',0,'',0,'','1'),('1371811516_11874','Gwangju Gwang yeogsi','29','1115','','',1874,0,'',0,'',0,'','1'),('1371811516_11875','Incheon Gwang yeogsi','28','1115','','',1875,0,'',0,'',0,'','1'),('1371811516_11876','Ulsan Gwang yeogsi','31','1115','','',1876,0,'',0,'',0,'','1'),('1371811516_11877','Chungcheongbugdo','43','1115','','',1877,0,'',0,'',0,'','1'),('1371811516_11878','Chungcheongnamdo','44','1115','','',1878,0,'',0,'',0,'','1'),('1371811516_11879','Gang weondo','42','1115','','',1879,0,'',0,'',0,'','1'),('1371811516_11880','Gyeonggido','41','1115','','',1880,0,'',0,'',0,'','1'),('1371811516_11881','Gyeongsangbugdo','47','1115','','',1881,0,'',0,'',0,'','1'),('1371811516_11882','Gyeongsangnamdo','48','1115','','',1882,0,'',0,'',0,'','1'),('1371811516_11883','Jejudo','49','1115','','',1883,0,'',0,'',0,'','1'),('1371811516_11884','Jeonrabugdo','45','1115','','',1884,0,'',0,'',0,'','1'),('1371811516_11885','Jeonranamdo','46','1115','','',1885,0,'',0,'',0,'','1'),('1371811516_11886','Al Ahmadi','AH','1116','','',1886,0,'',0,'',0,'','1'),('1371811516_11887','Al Farwanlyah','FA','1116','','',1887,0,'',0,'',0,'','1'),('1371811516_11888','Al Jahrah','JA','1116','','',1888,0,'',0,'',0,'','1'),('1371811516_11889','Al Kuwayt','KU','1116','','',1889,0,'',0,'',0,'','1'),('1371811516_11890','Hawalli','HA','1116','','',1890,0,'',0,'',0,'','1'),('1371811516_11891','Almaty','ALA','1111','','',1891,0,'',0,'',0,'','1'),('1371811516_11892','Astana','AST','1111','','',1892,0,'',0,'',0,'','1'),('1371811516_11893','Almaty oblysy','ALM','1111','','',1893,0,'',0,'',0,'','1'),('1371811516_11894','Aqmola oblysy','AKM','1111','','',1894,0,'',0,'',0,'','1'),('1371811516_11895','Aqtobe oblysy','AKT','1111','','',1895,0,'',0,'',0,'','1'),('1371811516_11896','Atyrau oblyfiy','ATY','1111','','',1896,0,'',0,'',0,'','1'),('1371811516_11897','Batys Quzaqstan oblysy','ZAP','1111','','',1897,0,'',0,'',0,'','1'),('1371811516_11898','Mangghystau oblysy','MAN','1111','','',1898,0,'',0,'',0,'','1'),('1371811516_11899','Ongtustik Quzaqstan oblysy','YUZ','1111','','',1899,0,'',0,'',0,'','1'),('1371811516_11900','Pavlodar oblysy','PAV','1111','','',1900,0,'',0,'',0,'','1'),('1371811516_11901','Qaraghandy oblysy','KAR','1111','','',1901,0,'',0,'',0,'','1'),('1371811516_11902','Qostanay oblysy','KUS','1111','','',1902,0,'',0,'',0,'','1'),('1371811516_11903','Qyzylorda oblysy','KZY','1111','','',1903,0,'',0,'',0,'','1'),('1371811516_11904','Shyghys Quzaqstan oblysy','VOS','1111','','',1904,0,'',0,'',0,'','1'),('1371811516_11905','Soltustik Quzaqstan oblysy','SEV','1111','','',1905,0,'',0,'',0,'','1'),('1371811516_11906','Zhambyl oblysy Zhambylskaya oblast ','ZHA','1111','','',1906,0,'',0,'',0,'','1'),('1371811516_11907','Vientiane','VT','1118','','',1907,0,'',0,'',0,'','1'),('1371811516_11908','Attapu','AT','1118','','',1908,0,'',0,'',0,'','1'),('1371811516_11909','Bokeo','BK','1118','','',1909,0,'',0,'',0,'','1'),('1371811516_11910','Bolikhamxai','BL','1118','','',1910,0,'',0,'',0,'','1'),('1371811516_11911','Champasak','CH','1118','','',1911,0,'',0,'',0,'','1'),('1371811516_11912','Houaphan','HO','1118','','',1912,0,'',0,'',0,'','1'),('1371811516_11913','Khammouan','KH','1118','','',1913,0,'',0,'',0,'','1'),('1371811516_11914','Louang Namtha','LM','1118','','',1914,0,'',0,'',0,'','1'),('1371811516_11915','Louangphabang','LP','1118','','',1915,0,'',0,'',0,'','1'),('1371811516_11916','Oudomxai','OU','1118','','',1916,0,'',0,'',0,'','1'),('1371811516_11917','Phongsali','PH','1118','','',1917,0,'',0,'',0,'','1'),('1371811516_11918','Salavan','SL','1118','','',1918,0,'',0,'',0,'','1'),('1371811516_11919','Savannakhet','SV','1118','','',1919,0,'',0,'',0,'','1'),('1371811516_11920','Xaignabouli','XA','1118','','',1920,0,'',0,'',0,'','1'),('1371811516_11921','Xiasomboun','XN','1118','','',1921,0,'',0,'',0,'','1'),('1371811516_11922','Xekong','XE','1118','','',1922,0,'',0,'',0,'','1'),('1371811516_11923','Xiangkhoang','XI','1118','','',1923,0,'',0,'',0,'','1'),('1371811516_11924','Beirout','BA','1120','','',1924,0,'',0,'',0,'','1'),('1371811516_11925','El Begsa','BI','1120','','',1925,0,'',0,'',0,'','1'),('1371811516_11926','Jabal Loubnane','JL','1120','','',1926,0,'',0,'',0,'','1'),('1371811516_11927','Loubnane ech Chemali','AS','1120','','',1927,0,'',0,'',0,'','1'),('1371811516_11928','Loubnane ej Jnoubi','JA','1120','','',1928,0,'',0,'',0,'','1'),('1371811516_11929','Nabatiye','NA','1120','','',1929,0,'',0,'',0,'','1'),('1371811516_11930','Ampara','52','1199','','',1930,0,'',0,'',0,'','1'),('1371811516_11931','Anuradhapura','71','1199','','',1931,0,'',0,'',0,'','1'),('1371811516_11932','Badulla','81','1199','','',1932,0,'',0,'',0,'','1'),('1371811516_11933','Batticaloa','51','1199','','',1933,0,'',0,'',0,'','1'),('1371811516_11934','Colombo','11','1199','','',1934,0,'',0,'',0,'','1'),('1371811516_11935','Galle','31','1199','','',1935,0,'',0,'',0,'','1'),('1371811516_11936','Gampaha','12','1199','','',1936,0,'',0,'',0,'','1'),('1371811516_11937','Hambantota','33','1199','','',1937,0,'',0,'',0,'','1'),('1371811516_11938','Jaffna','41','1199','','',1938,0,'',0,'',0,'','1'),('1371811516_11939','Kalutara','13','1199','','',1939,0,'',0,'',0,'','1'),('1371811516_11940','Kandy','21','1199','','',1940,0,'',0,'',0,'','1'),('1371811516_11941','Kegalla','92','1199','','',1941,0,'',0,'',0,'','1'),('1371811516_11942','Kilinochchi','42','1199','','',1942,0,'',0,'',0,'','1'),('1371811516_11943','Kurunegala','61','1199','','',1943,0,'',0,'',0,'','1'),('1371811516_11944','Mannar','43','1199','','',1944,0,'',0,'',0,'','1'),('1371811516_11945','Matale','22','1199','','',1945,0,'',0,'',0,'','1'),('1371811516_11946','Matara','32','1199','','',1946,0,'',0,'',0,'','1'),('1371811516_11947','Monaragala','82','1199','','',1947,0,'',0,'',0,'','1'),('1371811516_11948','Mullaittivu','45','1199','','',1948,0,'',0,'',0,'','1'),('1371811516_11949','Nuwara Eliya','23','1199','','',1949,0,'',0,'',0,'','1'),('1371811516_11950','Polonnaruwa','72','1199','','',1950,0,'',0,'',0,'','1'),('1371811516_11951','Puttalum','62','1199','','',1951,0,'',0,'',0,'','1'),('1371811516_11952','Ratnapura','91','1199','','',1952,0,'',0,'',0,'','1'),('1371811516_11953','Trincomalee','53','1199','','',1953,0,'',0,'',0,'','1'),('1371811516_11954','VavunLya','44','1199','','',1954,0,'',0,'',0,'','1'),('1371811516_11955','Bomi','BM','1122','','',1955,0,'',0,'',0,'','1'),('1371811516_11956','Bong','BG','1122','','',1956,0,'',0,'',0,'','1'),('1371811517_11957','Grand Basaa','GB','1122','','',1957,0,'',0,'',0,'','1'),('1371811517_11958','Grand Cape Mount','CM','1122','','',1958,0,'',0,'',0,'','1'),('1371811517_11959','Grand Gedeh','GG','1122','','',1959,0,'',0,'',0,'','1'),('1371811517_11960','Grand Kru','GK','1122','','',1960,0,'',0,'',0,'','1'),('1371811517_11961','Lofa','LO','1122','','',1961,0,'',0,'',0,'','1'),('1371811517_11962','Margibi','MG','1122','','',1962,0,'',0,'',0,'','1'),('1371811517_11963','Maryland','MY','1122','','',1963,0,'',0,'',0,'','1'),('1371811517_11964','Montserrado','MO','1122','','',1964,0,'',0,'',0,'','1'),('1371811517_11965','Nimba','NI','1122','','',1965,0,'',0,'',0,'','1'),('1371811517_11966','Rivercess','RI','1122','','',1966,0,'',0,'',0,'','1'),('1371811517_11967','Sinoe','SI','1122','','',1967,0,'',0,'',0,'','1'),('1371811517_11968','Berea','D','1121','','',1968,0,'',0,'',0,'','1'),('1371811517_11969','Butha-Buthe','B','1121','','',1969,0,'',0,'',0,'','1'),('1371811517_11970','Leribe','C','1121','','',1970,0,'',0,'',0,'','1'),('1371811517_11971','Mafeteng','E','1121','','',1971,0,'',0,'',0,'','1'),('1371811517_11972','Maseru','A','1121','','',1972,0,'',0,'',0,'','1'),('1371811517_11973','Mohale s Hoek','F','1121','','',1973,0,'',0,'',0,'','1'),('1371811517_11974','Mokhotlong','J','1121','','',1974,0,'',0,'',0,'','1'),('1371811517_11975','Qacha s Nek','H','1121','','',1975,0,'',0,'',0,'','1'),('1371811517_11976','Quthing','G','1121','','',1976,0,'',0,'',0,'','1'),('1371811517_11977','Thaba-Tseka','K','1121','','',1977,0,'',0,'',0,'','1'),('1371811517_11978','Alytaus Apskritis','AL','1125','','',1978,0,'',0,'',0,'','1'),('1371811517_11979','Kauno Apskritis','KU','1125','','',1979,0,'',0,'',0,'','1'),('1371811517_11980','Klaipedos Apskritis','KL','1125','','',1980,0,'',0,'',0,'','1'),('1371811517_11981','Marijampoles Apskritis','MR','1125','','',1981,0,'',0,'',0,'','1'),('1371811517_11982','Panevezio Apskritis','PN','1125','','',1982,0,'',0,'',0,'','1'),('1371811517_11983','Sisuliu Apskritis','SA','1125','','',1983,0,'',0,'',0,'','1'),('1371811517_11984','Taurages Apskritis','TA','1125','','',1984,0,'',0,'',0,'','1'),('1371811517_11985','Telsiu Apskritis','TE','1125','','',1985,0,'',0,'',0,'','1'),('1371811517_11986','Utenos Apskritis','UT','1125','','',1986,0,'',0,'',0,'','1'),('1371811517_11987','Vilniaus Apskritis','VL','1125','','',1987,0,'',0,'',0,'','1'),('1371811517_11988','Diekirch','D','1126','','',1988,0,'',0,'',0,'','1'),('1371811517_11989','GreveNmacher','G','1126','','',1989,0,'',0,'',0,'','1'),('1371811517_11990','Aizkraukles Apripkis','AI','1119','','',1990,0,'',0,'',0,'','1'),('1371811517_11991','Alkanes Apripkis','AL','1119','','',1991,0,'',0,'',0,'','1'),('1371811517_11992','Balvu Apripkis','BL','1119','','',1992,0,'',0,'',0,'','1'),('1371811517_11993','Bauskas Apripkis','BU','1119','','',1993,0,'',0,'',0,'','1'),('1371811517_11994','Cesu Aprikis','CE','1119','','',1994,0,'',0,'',0,'','1'),('1371811517_11995','Daugavpile Apripkis','DA','1119','','',1995,0,'',0,'',0,'','1'),('1371811517_11996','Dobeles Apripkis','DO','1119','','',1996,0,'',0,'',0,'','1'),('1371811517_11997','Gulbenes Aprlpkis','GU','1119','','',1997,0,'',0,'',0,'','1'),('1371811517_11998','Jelgavas Apripkis','JL','1119','','',1998,0,'',0,'',0,'','1'),('1371811517_11999','Jekabpils Apripkis','JK','1119','','',1999,0,'',0,'',0,'','1'),('1371811517_12000','Kraslavas Apripkis','KR','1119','','',2000,0,'',0,'',0,'','1'),('1371811517_12001','Kuldlgas Apripkis','KU','1119','','',2001,0,'',0,'',0,'','1'),('1371811517_12002','Limbazu Apripkis','LM','1119','','',2002,0,'',0,'',0,'','1'),('1371811517_12003','Liepajas Apripkis','LE','1119','','',2003,0,'',0,'',0,'','1'),('1371811517_12004','Ludzas Apripkis','LU','1119','','',2004,0,'',0,'',0,'','1'),('1371811517_12005','Madonas Apripkis','MA','1119','','',2005,0,'',0,'',0,'','1'),('1371811517_12006','Ogres Apripkis','OG','1119','','',2006,0,'',0,'',0,'','1'),('1371811517_12007','Preilu Apripkis','PR','1119','','',2007,0,'',0,'',0,'','1'),('1371811517_12008','Rezaknes Apripkis','RE','1119','','',2008,0,'',0,'',0,'','1'),('1371811517_12009','Rigas Apripkis','RI','1119','','',2009,0,'',0,'',0,'','1'),('1371811517_12010','Saldus Apripkis','SA','1119','','',2010,0,'',0,'',0,'','1'),('1371811517_12011','Talsu Apripkis','TA','1119','','',2011,0,'',0,'',0,'','1'),('1371811517_12012','Tukuma Apriplcis','TU','1119','','',2012,0,'',0,'',0,'','1'),('1371811517_12013','Valkas Apripkis','VK','1119','','',2013,0,'',0,'',0,'','1'),('1371811517_12014','Valmieras Apripkis','VM','1119','','',2014,0,'',0,'',0,'','1'),('1371811517_12015','Ventspils Apripkis','VE','1119','','',2015,0,'',0,'',0,'','1'),('1371811517_12016','Daugavpils','DGV','1119','','',2016,0,'',0,'',0,'','1'),('1371811517_12017','Jelgava','JEL','1119','','',2017,0,'',0,'',0,'','1'),('1371811517_12018','Jurmala','JUR','1119','','',2018,0,'',0,'',0,'','1'),('1371811517_12019','Liepaja','LPX','1119','','',2019,0,'',0,'',0,'','1'),('1371811517_12020','Rezekne','REZ','1119','','',2020,0,'',0,'',0,'','1'),('1371811517_12021','Riga','RIX','1119','','',2021,0,'',0,'',0,'','1'),('1371811517_12022','Ventspils','VEN','1119','','',2022,0,'',0,'',0,'','1'),('1371811517_12023','Ajd?biy?','AJ','1123','','',2023,0,'',0,'',0,'','1'),('1371811517_12024','Al Bu?n?n','BU','1123','','',2024,0,'',0,'',0,'','1'),('1371811517_12025','Al Hiz?m al Akhdar','HZ','1123','','',2025,0,'',0,'',0,'','1'),('1371811517_12026','Al Jabal al Akhdar','JA','1123','','',2026,0,'',0,'',0,'','1'),('1371811517_12027','Al Jif?rah','JI','1123','','',2027,0,'',0,'',0,'','1'),('1371811517_12028','Al Jufrah','JU','1123','','',2028,0,'',0,'',0,'','1'),('1371811517_12029','Al Kufrah','KF','1123','','',2029,0,'',0,'',0,'','1'),('1371811517_12030','Al Marj','MJ','1123','','',2030,0,'',0,'',0,'','1'),('1371811517_12031','Al Marqab','MB','1123','','',2031,0,'',0,'',0,'','1'),('1371811517_12032','Al Qa?r?n','QT','1123','','',2032,0,'',0,'',0,'','1'),('1371811517_12033','Al Qubbah','QB','1123','','',2033,0,'',0,'',0,'','1'),('1371811517_12034','Al W?hah','WA','1123','','',2034,0,'',0,'',0,'','1'),('1371811517_12035','An Nuqa? al Khams','NQ','1123','','',2035,0,'',0,'',0,'','1'),('1371811517_12036','Ash Sh??i ','SH','1123','','',2036,0,'',0,'',0,'','1'),('1371811517_12037','Az Z?wiyah','ZA','1123','','',2037,0,'',0,'',0,'','1'),('1371811517_12038','Bangh?z?','BA','1123','','',2038,0,'',0,'',0,'','1'),('1371811517_12039','Ban? Wal?d','BW','1123','','',2039,0,'',0,'',0,'','1'),('1371811517_12040','Darnah','DR','1123','','',2040,0,'',0,'',0,'','1'),('1371811517_12041','Ghad?mis','GD','1123','','',2041,0,'',0,'',0,'','1'),('1371811517_12042','Ghary?n','GR','1123','','',2042,0,'',0,'',0,'','1'),('1371811517_12043','Gh?t','GT','1123','','',2043,0,'',0,'',0,'','1'),('1371811517_12044','Jaghb?b','JB','1123','','',2044,0,'',0,'',0,'','1'),('1371811517_12045','Mi?r?tah','MI','1123','','',2045,0,'',0,'',0,'','1'),('1371811517_12046','Mizdah','MZ','1123','','',2046,0,'',0,'',0,'','1'),('1371811517_12047','Murzuq','MQ','1123','','',2047,0,'',0,'',0,'','1'),('1371811517_12048','N?l?t','NL','1123','','',2048,0,'',0,'',0,'','1'),('1371811517_12049','Sabh?','SB','1123','','',2049,0,'',0,'',0,'','1'),('1371811517_12050','?abr?tah ?urm?n','SS','1123','','',2050,0,'',0,'',0,'','1'),('1371811517_12051','Surt','SR','1123','','',2051,0,'',0,'',0,'','1'),('1371811517_12052','T?j?r?  wa an Naw?h? al Arb?h','TN','1123','','',2052,0,'',0,'',0,'','1'),('1371811517_12053','?ar?bulus','TB','1123','','',2053,0,'',0,'',0,'','1'),('1371811517_12054','Tarh?nah-Masall?tah','TM','1123','','',2054,0,'',0,'',0,'','1'),('1371811517_12055','W?d? al hay?t','WD','1123','','',2055,0,'',0,'',0,'','1'),('1371811517_12056','Yafran-J?d?','YJ','1123','','',2056,0,'',0,'',0,'','1'),('1371811517_12057','Agadir','AGD','1146','','',2057,0,'',0,'',0,'','1'),('1371811517_12058','At Baha','BAH','1146','','',2058,0,'',0,'',0,'','1'),('1371811517_12059','At Melloul','MEL','1146','','',2059,0,'',0,'',0,'','1'),('1371811517_12060','Al Haouz','HAO','1146','','',2060,0,'',0,'',0,'','1'),('1371811517_12061','Al Hocema','HOC','1146','','',2061,0,'',0,'',0,'','1'),('1371811517_12062','Assa-Zag','ASZ','1146','','',2062,0,'',0,'',0,'','1'),('1371811517_12063','Azilal','AZI','1146','','',2063,0,'',0,'',0,'','1'),('1371811517_12064','Beni Mellal','BEM','1146','','',2064,0,'',0,'',0,'','1'),('1371811517_12065','Ben Sllmane','BES','1146','','',2065,0,'',0,'',0,'','1'),('1371811517_12066','Berkane','BER','1146','','',2066,0,'',0,'',0,'','1'),('1371811517_12067','Boujdour','BOD','1146','','',2067,0,'',0,'',0,'','1'),('1371811517_12068','Boulemane','BOM','1146','','',2068,0,'',0,'',0,'','1'),('1371811517_12069','Casablanca  [Dar el Beda]','CAS','1146','','',2069,0,'',0,'',0,'','1'),('1371811517_12070','Chefchaouene','CHE','1146','','',2070,0,'',0,'',0,'','1'),('1371811517_12071','Chichaoua','CHI','1146','','',2071,0,'',0,'',0,'','1'),('1371811517_12072','El Hajeb','HAJ','1146','','',2072,0,'',0,'',0,'','1'),('1371811517_12073','El Jadida','JDI','1146','','',2073,0,'',0,'',0,'','1'),('1371811517_12074','Errachidia','ERR','1146','','',2074,0,'',0,'',0,'','1'),('1371811517_12075','Essaouira','ESI','1146','','',2075,0,'',0,'',0,'','1'),('1371811517_12076','Es Smara','ESM','1146','','',2076,0,'',0,'',0,'','1'),('1371811517_12077','F','FES','1146','','',2077,0,'',0,'',0,'','1'),('1371811517_12078','Figuig','FIG','1146','','',2078,0,'',0,'',0,'','1'),('1371811517_12079','Guelmim','GUE','1146','','',2079,0,'',0,'',0,'','1'),('1371811517_12080','Ifrane','IFR','1146','','',2080,0,'',0,'',0,'','1'),('1371811517_12081','Jerada','JRA','1146','','',2081,0,'',0,'',0,'','1'),('1371811517_12082','Kelaat Sraghna','KES','1146','','',2082,0,'',0,'',0,'','1'),('1371811517_12083','Knitra','KEN','1146','','',2083,0,'',0,'',0,'','1'),('1371811517_12084','Khemisaet','KHE','1146','','',2084,0,'',0,'',0,'','1'),('1371811517_12085','Khenifra','KHN','1146','','',2085,0,'',0,'',0,'','1'),('1371811517_12086','Khouribga','KHO','1146','','',2086,0,'',0,'',0,'','1'),('1371811517_12087','Layoune (EH)','LAA','1146','','',2087,0,'',0,'',0,'','1'),('1371811517_12088','Larache','LAP','1146','','',2088,0,'',0,'',0,'','1'),('1371811517_12089','Marrakech','MAR','1146','','',2089,0,'',0,'',0,'','1'),('1371811517_12090','Mekns','MEK','1146','','',2090,0,'',0,'',0,'','1'),('1371811517_12091','Nador','NAD','1146','','',2091,0,'',0,'',0,'','1'),('1371811517_12092','Ouarzazate','OUA','1146','','',2092,0,'',0,'',0,'','1'),('1371811517_12093','Oued ed Dahab (EH)','OUD','1146','','',2093,0,'',0,'',0,'','1'),('1371811517_12094','Oujda','OUJ','1146','','',2094,0,'',0,'',0,'','1'),('1371811517_12095','Rabat-Sal','RBA','1146','','',2095,0,'',0,'',0,'','1'),('1371811517_12096','Safi','SAF','1146','','',2096,0,'',0,'',0,'','1'),('1371811517_12097','Sefrou','SEF','1146','','',2097,0,'',0,'',0,'','1'),('1371811517_12098','Settat','SET','1146','','',2098,0,'',0,'',0,'','1'),('1371811517_12099','Sidl Kacem','SIK','1146','','',2099,0,'',0,'',0,'','1'),('1371811517_12100','Tanger','TNG','1146','','',2100,0,'',0,'',0,'','1'),('1371811517_12101','Tan-Tan','TNT','1146','','',2101,0,'',0,'',0,'','1'),('1371811517_12102','Taounate','TAO','1146','','',2102,0,'',0,'',0,'','1'),('1371811517_12103','Taroudannt','TAR','1146','','',2103,0,'',0,'',0,'','1'),('1371811517_12104','Tata','TAT','1146','','',2104,0,'',0,'',0,'','1'),('1371811517_12105','Taza','TAZ','1146','','',2105,0,'',0,'',0,'','1'),('1371811517_12106','Ttouan','TET','1146','','',2106,0,'',0,'',0,'','1'),('1371811517_12107','Tiznit','TIZ','1146','','',2107,0,'',0,'',0,'','1'),('1371811517_12108','Gagauzia, Unitate Teritoriala Autonoma','GA','1142','','',2108,0,'',0,'',0,'','1'),('1371811517_12109','Chisinau','CU','1142','','',2109,0,'',0,'',0,'','1'),('1371811517_12110','Stinga Nistrului, unitatea teritoriala din','SN','1142','','',2110,0,'',0,'',0,'','1'),('1371811517_12111','Balti','BA','1142','','',2111,0,'',0,'',0,'','1'),('1371811517_12112','Cahul','CA','1142','','',2112,0,'',0,'',0,'','1'),('1371811517_12113','Edinet','ED','1142','','',2113,0,'',0,'',0,'','1'),('1371811517_12114','Lapusna','LA','1142','','',2114,0,'',0,'',0,'','1'),('1371811517_12115','Orhei','OR','1142','','',2115,0,'',0,'',0,'','1'),('1371811517_12116','Soroca','SO','1142','','',2116,0,'',0,'',0,'','1'),('1371811517_12117','Taraclia','TA','1142','','',2117,0,'',0,'',0,'','1'),('1371811517_12118','Tighina [Bender]','TI','1142','','',2118,0,'',0,'',0,'','1'),('1371811517_12119','Ungheni','UN','1142','','',2119,0,'',0,'',0,'','1'),('1371811517_12120','Antananarivo','T','1129','','',2120,0,'',0,'',0,'','1'),('1371811517_12121','Antsiranana','D','1129','','',2121,0,'',0,'',0,'','1'),('1371811517_12122','Fianarantsoa','F','1129','','',2122,0,'',0,'',0,'','1'),('1371811517_12123','Mahajanga','M','1129','','',2123,0,'',0,'',0,'','1'),('1371811517_12124','Toamasina','A','1129','','',2124,0,'',0,'',0,'','1'),('1371811517_12125','Toliara','U','1129','','',2125,0,'',0,'',0,'','1'),('1371811517_12126','Ailinglapalap','ALL','1135','','',2126,0,'',0,'',0,'','1'),('1371811517_12127','Ailuk','ALK','1135','','',2127,0,'',0,'',0,'','1'),('1371811517_12128','Arno','ARN','1135','','',2128,0,'',0,'',0,'','1'),('1371811517_12129','Aur','AUR','1135','','',2129,0,'',0,'',0,'','1'),('1371811517_12130','Ebon','EBO','1135','','',2130,0,'',0,'',0,'','1'),('1371811517_12131','Eniwetok','ENI','1135','','',2131,0,'',0,'',0,'','1'),('1371811517_12132','Jaluit','JAL','1135','','',2132,0,'',0,'',0,'','1'),('1371811517_12133','Kili','KIL','1135','','',2133,0,'',0,'',0,'','1'),('1371811517_12134','Kwajalein','KWA','1135','','',2134,0,'',0,'',0,'','1'),('1371811517_12135','Lae','LAE','1135','','',2135,0,'',0,'',0,'','1'),('1371811517_12136','Lib','LIB','1135','','',2136,0,'',0,'',0,'','1'),('1371811517_12137','Likiep','LIK','1135','','',2137,0,'',0,'',0,'','1'),('1371811517_12138','Majuro','MAJ','1135','','',2138,0,'',0,'',0,'','1'),('1371811517_12139','Maloelap','MAL','1135','','',2139,0,'',0,'',0,'','1'),('1371811517_12140','Mejit','MEJ','1135','','',2140,0,'',0,'',0,'','1'),('1371811517_12141','Mili','MIL','1135','','',2141,0,'',0,'',0,'','1'),('1371811517_12142','Namorik','NMK','1135','','',2142,0,'',0,'',0,'','1'),('1371811517_12143','Namu','NMU','1135','','',2143,0,'',0,'',0,'','1'),('1371811517_12144','Rongelap','RON','1135','','',2144,0,'',0,'',0,'','1'),('1371811517_12145','Ujae','UJA','1135','','',2145,0,'',0,'',0,'','1'),('1371811517_12146','Ujelang','UJL','1135','','',2146,0,'',0,'',0,'','1'),('1371811517_12147','Utirik','UTI','1135','','',2147,0,'',0,'',0,'','1'),('1371811517_12148','Wotho','WTN','1135','','',2148,0,'',0,'',0,'','1'),('1371811517_12149','Wotje','WTJ','1135','','',2149,0,'',0,'',0,'','1'),('1371811517_12150','Bamako','BK0','1133','','',2150,0,'',0,'',0,'','1'),('1371811517_12151','Gao','7','1133','','',2151,0,'',0,'',0,'','1'),('1371811517_12152','Kayes','1','1133','','',2152,0,'',0,'',0,'','1'),('1371811517_12153','Kidal','8','1133','','',2153,0,'',0,'',0,'','1'),('1371811517_12154','Xoulikoro','2','1133','','',2154,0,'',0,'',0,'','1'),('1371811517_12155','Mopti','5','1133','','',2155,0,'',0,'',0,'','1'),('1371811517_12156','S69ou','4','1133','','',2156,0,'',0,'',0,'','1'),('1371811517_12157','Sikasso','3','1133','','',2157,0,'',0,'',0,'','1'),('1371811517_12158','Tombouctou','6','1133','','',2158,0,'',0,'',0,'','1'),('1371811517_12159','Ayeyarwady','07','1035','','',2159,0,'',0,'',0,'','1'),('1371811517_12160','Bago','02','1035','','',2160,0,'',0,'',0,'','1'),('1371811517_12161','Magway','03','1035','','',2161,0,'',0,'',0,'','1'),('1371811517_12162','Mandalay','04','1035','','',2162,0,'',0,'',0,'','1'),('1371811517_12163','Sagaing','01','1035','','',2163,0,'',0,'',0,'','1'),('1371811517_12164','Tanintharyi','05','1035','','',2164,0,'',0,'',0,'','1'),('1371811517_12165','Yangon','06','1035','','',2165,0,'',0,'',0,'','1'),('1371811517_12166','Chin','14','1035','','',2166,0,'',0,'',0,'','1'),('1371811517_12167','Kachin','11','1035','','',2167,0,'',0,'',0,'','1'),('1371811517_12168','Kayah','12','1035','','',2168,0,'',0,'',0,'','1'),('1371811517_12169','Kayin','13','1035','','',2169,0,'',0,'',0,'','1'),('1371811517_12170','Mon','15','1035','','',2170,0,'',0,'',0,'','1'),('1371811517_12171','Rakhine','16','1035','','',2171,0,'',0,'',0,'','1'),('1371811517_12172','Shan','17','1035','','',2172,0,'',0,'',0,'','1'),('1371811517_12173','Ulaanbaatar','1','1144','','',2173,0,'',0,'',0,'','1'),('1371811517_12174','Arhangay','073','1144','','',2174,0,'',0,'',0,'','1'),('1371811517_12175','Bayanhongor','069','1144','','',2175,0,'',0,'',0,'','1'),('1371811517_12176','Bayan-Olgiy','071','1144','','',2176,0,'',0,'',0,'','1'),('1371811517_12177','Bulgan','067','1144','','',2177,0,'',0,'',0,'','1'),('1371811517_12178','Darhan uul','037','1144','','',2178,0,'',0,'',0,'','1'),('1371811517_12179','Dornod','061','1144','','',2179,0,'',0,'',0,'','1'),('1371811517_12180','Dornogov,','063','1144','','',2180,0,'',0,'',0,'','1'),('1371811517_12181','DundgovL','059','1144','','',2181,0,'',0,'',0,'','1'),('1371811517_12182','Dzavhan','057','1144','','',2182,0,'',0,'',0,'','1'),('1371811517_12183','Govi-Altay','065','1144','','',2183,0,'',0,'',0,'','1'),('1371811517_12184','Govi-Smber','064','1144','','',2184,0,'',0,'',0,'','1'),('1371811517_12185','Hentiy','039','1144','','',2185,0,'',0,'',0,'','1'),('1371811517_12186','Hovd','043','1144','','',2186,0,'',0,'',0,'','1'),('1371811517_12187','Hovsgol','041','1144','','',2187,0,'',0,'',0,'','1'),('1371811517_12188','Omnogovi','053','1144','','',2188,0,'',0,'',0,'','1'),('1371811517_12189','Orhon','035','1144','','',2189,0,'',0,'',0,'','1'),('1371811517_12190','Ovorhangay','055','1144','','',2190,0,'',0,'',0,'','1'),('1371811517_12191','Selenge','049','1144','','',2191,0,'',0,'',0,'','1'),('1371811517_12192','Shbaatar','051','1144','','',2192,0,'',0,'',0,'','1'),('1371811517_12193','Tov','047','1144','','',2193,0,'',0,'',0,'','1'),('1371811517_12194','Uvs','046','1144','','',2194,0,'',0,'',0,'','1'),('1371811517_12195','Nouakchott','NKC','1137','','',2195,0,'',0,'',0,'','1'),('1371811517_12196','Assaba','03','1137','','',2196,0,'',0,'',0,'','1'),('1371811517_12197','Brakna','05','1137','','',2197,0,'',0,'',0,'','1'),('1371811517_12198','Dakhlet Nouadhibou','08','1137','','',2198,0,'',0,'',0,'','1'),('1371811517_12199','Gorgol','04','1137','','',2199,0,'',0,'',0,'','1'),('1371811517_12200','Guidimaka','10','1137','','',2200,0,'',0,'',0,'','1'),('1371811517_12201','Hodh ech Chargui','01','1137','','',2201,0,'',0,'',0,'','1'),('1371811517_12202','Hodh el Charbi','02','1137','','',2202,0,'',0,'',0,'','1'),('1371811517_12203','Inchiri','12','1137','','',2203,0,'',0,'',0,'','1'),('1371811517_12204','Tagant','09','1137','','',2204,0,'',0,'',0,'','1'),('1371811517_12205','Tiris Zemmour','11','1137','','',2205,0,'',0,'',0,'','1'),('1371811517_12206','Trarza','06','1137','','',2206,0,'',0,'',0,'','1'),('1371811517_12207','Beau Bassin-Rose Hill','BR','1138','','',2207,0,'',0,'',0,'','1'),('1371811517_12208','Curepipe','CU','1138','','',2208,0,'',0,'',0,'','1'),('1371811517_12209','Port Louis','PU','1138','','',2209,0,'',0,'',0,'','1'),('1371811517_12210','Quatre Bornes','QB','1138','','',2210,0,'',0,'',0,'','1'),('1371811517_12211','Vacosa-Phoenix','VP','1138','','',2211,0,'',0,'',0,'','1'),('1371811517_12212','Black River','BL','1138','','',2212,0,'',0,'',0,'','1'),('1371811517_12213','Flacq','FL','1138','','',2213,0,'',0,'',0,'','1'),('1371811517_12214','Grand Port','GP','1138','','',2214,0,'',0,'',0,'','1'),('1371811517_12215','Moka','MO','1138','','',2215,0,'',0,'',0,'','1'),('1371811517_12216','Pamplemousses','PA','1138','','',2216,0,'',0,'',0,'','1'),('1371811517_12217','Plaines Wilhems','PW','1138','','',2217,0,'',0,'',0,'','1'),('1371811517_12218','Riviere du Rempart','RP','1138','','',2218,0,'',0,'',0,'','1'),('1371811517_12219','Savanne','SA','1138','','',2219,0,'',0,'',0,'','1'),('1371811517_12220','Agalega Islands','AG','1138','','',2220,0,'',0,'',0,'','1'),('1371811517_12221','Cargados Carajos Shoals','CC','1138','','',2221,0,'',0,'',0,'','1'),('1371811517_12222','Rodrigues Island','RO','1138','','',2222,0,'',0,'',0,'','1'),('1371811517_12223','Male','MLE','1132','','',2223,0,'',0,'',0,'','1'),('1371811517_12224','Alif','02','1132','','',2224,0,'',0,'',0,'','1'),('1371811517_12225','Baa','20','1132','','',2225,0,'',0,'',0,'','1'),('1371811517_12226','Dhaalu','17','1132','','',2226,0,'',0,'',0,'','1'),('1371811517_12227','Faafu','14','1132','','',2227,0,'',0,'',0,'','1'),('1371811517_12228','Gaaf Alif','27','1132','','',2228,0,'',0,'',0,'','1'),('1371811517_12229','Gaefu Dhaalu','28','1132','','',2229,0,'',0,'',0,'','1'),('1371811517_12230','Gnaviyani','29','1132','','',2230,0,'',0,'',0,'','1'),('1371811517_12231','Haa Alif','07','1132','','',2231,0,'',0,'',0,'','1'),('1371811517_12232','Haa Dhaalu','23','1132','','',2232,0,'',0,'',0,'','1'),('1371811517_12233','Kaafu','26','1132','','',2233,0,'',0,'',0,'','1'),('1371811517_12234','Laamu','05','1132','','',2234,0,'',0,'',0,'','1'),('1371811517_12235','Lhaviyani','03','1132','','',2235,0,'',0,'',0,'','1'),('1371811517_12236','Meemu','12','1132','','',2236,0,'',0,'',0,'','1'),('1371811517_12237','Noonu','25','1132','','',2237,0,'',0,'',0,'','1'),('1371811517_12238','Raa','13','1132','','',2238,0,'',0,'',0,'','1'),('1371811517_12239','Seenu','01','1132','','',2239,0,'',0,'',0,'','1'),('1371811517_12240','Shaviyani','24','1132','','',2240,0,'',0,'',0,'','1'),('1371811517_12241','Thaa','08','1132','','',2241,0,'',0,'',0,'','1'),('1371811517_12242','Vaavu','04','1132','','',2242,0,'',0,'',0,'','1'),('1371811517_12243','Balaka','BA','1130','','',2243,0,'',0,'',0,'','1'),('1371811517_12244','Blantyre','BL','1130','','',2244,0,'',0,'',0,'','1'),('1371811517_12245','Chikwawa','CK','1130','','',2245,0,'',0,'',0,'','1'),('1371811517_12246','Chiradzulu','CR','1130','','',2246,0,'',0,'',0,'','1'),('1371811517_12247','Chitipa','CT','1130','','',2247,0,'',0,'',0,'','1'),('1371811517_12248','Dedza','DE','1130','','',2248,0,'',0,'',0,'','1'),('1371811517_12249','Dowa','DO','1130','','',2249,0,'',0,'',0,'','1'),('1371811517_12250','Karonga','KR','1130','','',2250,0,'',0,'',0,'','1'),('1371811517_12251','Kasungu','KS','1130','','',2251,0,'',0,'',0,'','1'),('1371811517_12252','Likoma Island','LK','1130','','',2252,0,'',0,'',0,'','1'),('1371811517_12253','Lilongwe','LI','1130','','',2253,0,'',0,'',0,'','1'),('1371811517_12254','Machinga','MH','1130','','',2254,0,'',0,'',0,'','1'),('1371811517_12255','Mangochi','MG','1130','','',2255,0,'',0,'',0,'','1'),('1371811517_12256','Mchinji','MC','1130','','',2256,0,'',0,'',0,'','1'),('1371811517_12257','Mulanje','MU','1130','','',2257,0,'',0,'',0,'','1'),('1371811517_12258','Mwanza','MW','1130','','',2258,0,'',0,'',0,'','1'),('1371811517_12259','Mzimba','MZ','1130','','',2259,0,'',0,'',0,'','1'),('1371811517_12260','Nkhata Bay','NB','1130','','',2260,0,'',0,'',0,'','1'),('1371811517_12261','Nkhotakota','NK','1130','','',2261,0,'',0,'',0,'','1'),('1371811517_12262','Nsanje','NS','1130','','',2262,0,'',0,'',0,'','1'),('1371811517_12263','Ntcheu','NU','1130','','',2263,0,'',0,'',0,'','1'),('1371811517_12264','Ntchisi','NI','1130','','',2264,0,'',0,'',0,'','1'),('1371811517_12265','Phalomba','PH','1130','','',2265,0,'',0,'',0,'','1'),('1371811517_12266','Rumphi','RU','1130','','',2266,0,'',0,'',0,'','1'),('1371811517_12267','Salima','SA','1130','','',2267,0,'',0,'',0,'','1'),('1371811517_12268','Thyolo','TH','1130','','',2268,0,'',0,'',0,'','1'),('1371811517_12269','Zomba','ZO','1130','','',2269,0,'',0,'',0,'','1'),('1371811517_12270','Aguascalientes','AGU','1140','','',2270,0,'',0,'',0,'','1'),('1371811517_12271','Baja California','BCN','1140','','',2271,0,'',0,'',0,'','1'),('1371811517_12272','Baja California Sur','BCS','1140','','',2272,0,'',0,'',0,'','1'),('1371811517_12273','Campeche','CAM','1140','','',2273,0,'',0,'',0,'','1'),('1371811517_12274','Coahuila','COA','1140','','',2274,0,'',0,'',0,'','1'),('1371811517_12275','Colima','COL','1140','','',2275,0,'',0,'',0,'','1'),('1371811517_12276','Chiapas','CHP','1140','','',2276,0,'',0,'',0,'','1'),('1371811517_12277','Chihuahua','CHH','1140','','',2277,0,'',0,'',0,'','1'),('1371811517_12278','Durango','DUR','1140','','',2278,0,'',0,'',0,'','1'),('1371811517_12279','Guanajuato','GUA','1140','','',2279,0,'',0,'',0,'','1'),('1371811517_12280','Guerrero','GRO','1140','','',2280,0,'',0,'',0,'','1'),('1371811517_12281','Hidalgo','HID','1140','','',2281,0,'',0,'',0,'','1'),('1371811517_12282','Jalisco','JAL','1140','','',2282,0,'',0,'',0,'','1'),('1371811517_12283','Mexico','MEX','1140','','',2283,0,'',0,'',0,'','1'),('1371811517_12284','Michoacin','MIC','1140','','',2284,0,'',0,'',0,'','1'),('1371811517_12285','Morelos','MOR','1140','','',2285,0,'',0,'',0,'','1'),('1371811517_12286','Nayarit','NAY','1140','','',2286,0,'',0,'',0,'','1'),('1371811517_12287','Nuevo Leon','NLE','1140','','',2287,0,'',0,'',0,'','1'),('1371811517_12288','Oaxaca','OAX','1140','','',2288,0,'',0,'',0,'','1'),('1371811517_12289','Puebla','PUE','1140','','',2289,0,'',0,'',0,'','1'),('1371811517_12290','Queretaro','QUE','1140','','',2290,0,'',0,'',0,'','1'),('1371811517_12291','Quintana Roo','ROO','1140','','',2291,0,'',0,'',0,'','1'),('1371811517_12292','San Luis Potosi','SLP','1140','','',2292,0,'',0,'',0,'','1'),('1371811517_12293','Sinaloa','SIN','1140','','',2293,0,'',0,'',0,'','1'),('1371811517_12294','Sonora','SON','1140','','',2294,0,'',0,'',0,'','1'),('1371811517_12295','Tabasco','TAB','1140','','',2295,0,'',0,'',0,'','1'),('1371811517_12296','Tamaulipas','TAM','1140','','',2296,0,'',0,'',0,'','1'),('1371811517_12297','Tlaxcala','TLA','1140','','',2297,0,'',0,'',0,'','1'),('1371811517_12298','Veracruz','VER','1140','','',2298,0,'',0,'',0,'','1'),('1371811517_12299','Yucatan','YUC','1140','','',2299,0,'',0,'',0,'','1'),('1371811517_12300','Zacatecas','ZAC','1140','','',2300,0,'',0,'',0,'','1'),('1371811517_12301','Wilayah Persekutuan Kuala Lumpur','14','1131','','',2301,0,'',0,'',0,'','1'),('1371811517_12302','Wilayah Persekutuan Labuan','15','1131','','',2302,0,'',0,'',0,'','1'),('1371811517_12303','Wilayah Persekutuan Putrajaya','16','1131','','',2303,0,'',0,'',0,'','1'),('1371811517_12304','Johor','01','1131','','',2304,0,'',0,'',0,'','1'),('1371811517_12305','Kedah','02','1131','','',2305,0,'',0,'',0,'','1'),('1371811517_12306','Kelantan','03','1131','','',2306,0,'',0,'',0,'','1'),('1371811517_12307','Melaka','04','1131','','',2307,0,'',0,'',0,'','1'),('1371811517_12308','Negeri Sembilan','05','1131','','',2308,0,'',0,'',0,'','1'),('1371811517_12309','Pahang','06','1131','','',2309,0,'',0,'',0,'','1'),('1371811517_12310','Perak','08','1131','','',2310,0,'',0,'',0,'','1'),('1371811517_12311','Perlis','09','1131','','',2311,0,'',0,'',0,'','1'),('1371811517_12312','Pulau Pinang','07','1131','','',2312,0,'',0,'',0,'','1'),('1371811517_12313','Sabah','12','1131','','',2313,0,'',0,'',0,'','1'),('1371811517_12314','Sarawak','13','1131','','',2314,0,'',0,'',0,'','1'),('1371811517_12315','Selangor','10','1131','','',2315,0,'',0,'',0,'','1'),('1371811517_12316','Terengganu','11','1131','','',2316,0,'',0,'',0,'','1'),('1371811517_12317','Maputo','MPM','1147','','',2317,0,'',0,'',0,'','1'),('1371811517_12318','Cabo Delgado','P','1147','','',2318,0,'',0,'',0,'','1'),('1371811517_12319','Gaza','G','1147','','',2319,0,'',0,'',0,'','1'),('1371811517_12320','Inhambane','I','1147','','',2320,0,'',0,'',0,'','1'),('1371811517_12321','Manica','B','1147','','',2321,0,'',0,'',0,'','1'),('1371811517_12322','Numpula','N','1147','','',2322,0,'',0,'',0,'','1'),('1371811517_12323','Niaaea','A','1147','','',2323,0,'',0,'',0,'','1'),('1371811517_12324','Sofala','S','1147','','',2324,0,'',0,'',0,'','1'),('1371811517_12325','Tete','T','1147','','',2325,0,'',0,'',0,'','1'),('1371811517_12326','Zambezia','Q','1147','','',2326,0,'',0,'',0,'','1'),('1371811517_12327','Caprivi','CA','1148','','',2327,0,'',0,'',0,'','1'),('1371811517_12328','Erongo','ER','1148','','',2328,0,'',0,'',0,'','1'),('1371811517_12329','Hardap','HA','1148','','',2329,0,'',0,'',0,'','1'),('1371811517_12330','Karas','KA','1148','','',2330,0,'',0,'',0,'','1'),('1371811518_12331','Khomae','KH','1148','','',2331,0,'',0,'',0,'','1'),('1371811518_12332','Kunene','KU','1148','','',2332,0,'',0,'',0,'','1'),('1371811518_12333','Ohangwena','OW','1148','','',2333,0,'',0,'',0,'','1'),('1371811518_12334','Okavango','OK','1148','','',2334,0,'',0,'',0,'','1'),('1371811518_12335','Omaheke','OH','1148','','',2335,0,'',0,'',0,'','1'),('1371811518_12336','Omusati','OS','1148','','',2336,0,'',0,'',0,'','1'),('1371811518_12337','Oshana','ON','1148','','',2337,0,'',0,'',0,'','1'),('1371811518_12338','Oshikoto','OT','1148','','',2338,0,'',0,'',0,'','1'),('1371811518_12339','Otjozondjupa','OD','1148','','',2339,0,'',0,'',0,'','1'),('1371811518_12340','Niamey','8','1156','','',2340,0,'',0,'',0,'','1'),('1371811518_12341','Agadez','1','1156','','',2341,0,'',0,'',0,'','1'),('1371811518_12342','Diffa','2','1156','','',2342,0,'',0,'',0,'','1'),('1371811518_12343','Dosso','3','1156','','',2343,0,'',0,'',0,'','1'),('1371811518_12344','Maradi','4','1156','','',2344,0,'',0,'',0,'','1'),('1371811518_12345','Tahoua','S','1156','','',2345,0,'',0,'',0,'','1'),('1371811518_12346','Tillaberi','6','1156','','',2346,0,'',0,'',0,'','1'),('1371811518_12347','Zinder','7','1156','','',2347,0,'',0,'',0,'','1'),('1371811518_12348','Federal Capital Territory','FC','1157','E','',2348,0,'',0,'35991362173',1412293874,'::1','1'),('1371811518_12349','Abia','AB','1157','B','',2349,0,'',0,'',0,'','1'),('1371811518_12350','Adamawa','AD','1157','D','',2350,0,'',0,'',0,'','1'),('1371811518_12351','Akwa Ibom','AK','1157','B','',2351,0,'',0,'',0,'','1'),('1371811518_12352','Anambra','AN','1157','B','',2352,0,'',0,'',0,'','1'),('1371811518_12353','Bauchi','BA','1157','D','',2353,0,'',0,'',0,'','1'),('1371811518_12354','Bayelsa','BY','1157','B','',2354,0,'',0,'',0,'','1'),('1371811518_12355','Benue','BE','1157','E','',2355,0,'',0,'',0,'','1'),('1371811518_12356','Borno','BO','1157','D','',2356,0,'',0,'',0,'','1'),('1371811518_12357','Cross River','CR','1157','B','',2357,0,'',0,'',0,'','1'),('1371811518_12358','Delta','DE','1157','B','',2358,0,'',0,'',0,'','1'),('1371811518_12359','Ebonyi','EB','1157','B','',2359,0,'',0,'',0,'','1'),('1371811518_12360','Edo','ED','1157','A','',2360,0,'',0,'',0,'','1'),('1371811518_12361','Ekiti','EK','1157','A','',2361,0,'',0,'',0,'','1'),('1371811518_12362','Enugu','EN','1157','B','',2362,0,'',0,'',0,'','1'),('1371811518_12363','Gombe','GO','1157','D','',2363,0,'',0,'',0,'','1'),('1371811518_12364','Imo','IM','1157','B','',2364,0,'',0,'',0,'','1'),('1371811518_12365','Jigawa','JI','1157','C','',2365,0,'',0,'',0,'','1'),('1371811518_12366','Kaduna','KD','1157','E','',2366,0,'',0,'',0,'','1'),('1371811518_12367','Kano','KN','1157','C','',2367,0,'',0,'',0,'','1'),('1371811518_12368','Katsina','KT','1157','C','',2368,0,'',0,'',0,'','1'),('1371811518_12369','Kebbi','KE','1157','C','',2369,0,'',0,'',0,'','1'),('1371811518_12370','Kogi','KO','1157','E','',2370,0,'',0,'',0,'','1'),('1371811518_12371','Kwara','KW','1157','A','',2371,0,'',0,'',0,'','1'),('1371811518_12372','Lagos','LA','1157','A','',2372,0,'',0,'',0,'','1'),('1371811518_12373','Nassarawa','NA','1157','E','',2373,0,'',0,'',0,'','1'),('1371811518_12374','Niger','NI','1157','E','',2374,0,'',0,'',0,'','1'),('1371811518_12375','Ogun','OG','1157','A','',2375,0,'',0,'',0,'','1'),('1371811518_12376','Ondo','ON','1157','A','',2376,0,'',0,'',0,'','1'),('1371811518_12377','Osun','OS','1157','A','',2377,0,'',0,'',0,'','1'),('1371811518_12378','Oyo','OY','1157','A','',2378,0,'',0,'',0,'','1'),('1371811518_12379','Rivers','RI','1157','B','',2379,0,'',0,'',0,'','1'),('1371811518_12380','Sokoto','SO','1157','C','',2380,0,'',0,'',0,'','1'),('1371811518_12381','Taraba','TA','1157','D','',2381,0,'',0,'',0,'','1'),('1371811518_12382','Yobe','YO','1157','D','',2382,0,'',0,'',0,'','1'),('1371811518_12383','Zamfara','ZA','1157','C','',2383,0,'',0,'',0,'','1'),('1371811518_12384','Boaco','BO','1155','','',2384,0,'',0,'',0,'','1'),('1371811518_12385','Carazo','CA','1155','','',2385,0,'',0,'',0,'','1'),('1371811518_12386','Chinandega','CI','1155','','',2386,0,'',0,'',0,'','1'),('1371811518_12387','Chontales','CO','1155','','',2387,0,'',0,'',0,'','1'),('1371811518_12388','Esteli','ES','1155','','',2388,0,'',0,'',0,'','1'),('1371811518_12389','Jinotega','JI','1155','','',2389,0,'',0,'',0,'','1'),('1371811518_12390','Leon','LE','1155','','',2390,0,'',0,'',0,'','1'),('1371811518_12391','Madriz','MD','1155','','',2391,0,'',0,'',0,'','1'),('1371811518_12392','Managua','MN','1155','','',2392,0,'',0,'',0,'','1'),('1371811518_12393','Masaya','MS','1155','','',2393,0,'',0,'',0,'','1'),('1371811518_12394','Matagalpa','MT','1155','','',2394,0,'',0,'',0,'','1'),('1371811518_12395','Nueva Segovia','NS','1155','','',2395,0,'',0,'',0,'','1'),('1371811518_12396','Rio San Juan','SJ','1155','','',2396,0,'',0,'',0,'','1'),('1371811518_12397','Rivas','RI','1155','','',2397,0,'',0,'',0,'','1'),('1371811518_12398','Atlantico Norte','AN','1155','','',2398,0,'',0,'',0,'','1'),('1371811518_12399','Atlantico Sur','AS','1155','','',2399,0,'',0,'',0,'','1'),('1371811518_12400','Drente','DR','1152','','',2400,0,'',0,'',0,'','1'),('1371811518_12401','Flevoland','FL','1152','','',2401,0,'',0,'',0,'','1'),('1371811518_12402','Friesland','FR','1152','','',2402,0,'',0,'',0,'','1'),('1371811518_12403','Gelderland','GL','1152','','',2403,0,'',0,'',0,'','1'),('1371811518_12404','Groningen','GR','1152','','',2404,0,'',0,'',0,'','1'),('1371811518_12405','Noord-Brabant','NB','1152','','',2405,0,'',0,'',0,'','1'),('1371811518_12406','Noord-Holland','NH','1152','','',2406,0,'',0,'',0,'','1'),('1371811518_12407','Overijssel','OV','1152','','',2407,0,'',0,'',0,'','1'),('1371811518_12408','Utrecht','UT','1152','','',2408,0,'',0,'',0,'','1'),('1371811518_12409','Zuid-Holland','ZH','1152','','',2409,0,'',0,'',0,'','1'),('1371811518_12410','Zeeland','ZL','1152','','',2410,0,'',0,'',0,'','1'),('1371811518_12411','Akershus','02','1161','','',2411,0,'',0,'',0,'','1'),('1371811518_12412','Aust-Agder','09','1161','','',2412,0,'',0,'',0,'','1'),('1371811518_12413','Buskerud','06','1161','','',2413,0,'',0,'',0,'','1'),('1371811518_12414','Finumark','20','1161','','',2414,0,'',0,'',0,'','1'),('1371811518_12415','Hedmark','04','1161','','',2415,0,'',0,'',0,'','1'),('1371811518_12416','Hordaland','12','1161','','',2416,0,'',0,'',0,'','1'),('1371811518_12417','Mire og Romsdal','15','1161','','',2417,0,'',0,'',0,'','1'),('1371811518_12418','Nordland','18','1161','','',2418,0,'',0,'',0,'','1'),('1371811518_12419','Nord-Trindelag','17','1161','','',2419,0,'',0,'',0,'','1'),('1371811518_12420','Oppland','05','1161','','',2420,0,'',0,'',0,'','1'),('1371811518_12421','Oslo','03','1161','','',2421,0,'',0,'',0,'','1'),('1371811518_12422','Rogaland','11','1161','','',2422,0,'',0,'',0,'','1'),('1371811518_12423','Sogn og Fjordane','14','1161','','',2423,0,'',0,'',0,'','1'),('1371811518_12424','Sir-Trindelag','16','1161','','',2424,0,'',0,'',0,'','1'),('1371811518_12425','Telemark','06','1161','','',2425,0,'',0,'',0,'','1'),('1371811518_12426','Troms','19','1161','','',2426,0,'',0,'',0,'','1'),('1371811518_12427','Vest-Agder','10','1161','','',2427,0,'',0,'',0,'','1'),('1371811518_12428','Vestfold','07','1161','','',2428,0,'',0,'',0,'','1'),('1371811518_12429','Ostfold','01','1161','','',2429,0,'',0,'',0,'','1'),('1371811518_12430','Jan Mayen','22','1161','','',2430,0,'',0,'',0,'','1'),('1371811518_12431','Svalbard','21','1161','','',2431,0,'',0,'',0,'','1'),('1371811518_12432','Auckland','AUK','1154','','',2432,0,'',0,'',0,'','1'),('1371811518_12433','Bay of Plenty','BOP','1154','','',2433,0,'',0,'',0,'','1'),('1371811518_12434','Canterbury','CAN','1154','','',2434,0,'',0,'',0,'','1'),('1371811518_12435','Gisborne','GIS','1154','','',2435,0,'',0,'',0,'','1'),('1371811518_12436','Hawkes Bay','HKB','1154','','',2436,0,'',0,'',0,'','1'),('1371811518_12437','Manawatu-Wanganui','MWT','1154','','',2437,0,'',0,'',0,'','1'),('1371811518_12438','Marlborough','MBH','1154','','',2438,0,'',0,'',0,'','1'),('1371811518_12439','Nelson','NSN','1154','','',2439,0,'',0,'',0,'','1'),('1371811518_12440','Northland','NTL','1154','','',2440,0,'',0,'',0,'','1'),('1371811518_12441','Otago','OTA','1154','','',2441,0,'',0,'',0,'','1'),('1371811518_12442','Southland','STL','1154','','',2442,0,'',0,'',0,'','1'),('1371811518_12443','Taranaki','TKI','1154','','',2443,0,'',0,'',0,'','1'),('1371811518_12444','Tasman','TAS','1154','','',2444,0,'',0,'',0,'','1'),('1371811518_12445','waikato','WKO','1154','','',2445,0,'',0,'',0,'','1'),('1371811518_12446','Wellington','WGN','1154','','',2446,0,'',0,'',0,'','1'),('1371811518_12447','West Coast','WTC','1154','','',2447,0,'',0,'',0,'','1'),('1371811518_12448','Ad Dakhillyah','DA','1162','','',2448,0,'',0,'',0,'','1'),('1371811518_12449','Al Batinah','BA','1162','','',2449,0,'',0,'',0,'','1'),('1371811518_12450','Al Janblyah','JA','1162','','',2450,0,'',0,'',0,'','1'),('1371811518_12451','Al Wusta','WU','1162','','',2451,0,'',0,'',0,'','1'),('1371811518_12452','Ash Sharqlyah','SH','1162','','',2452,0,'',0,'',0,'','1'),('1371811518_12453','Az Zahirah','ZA','1162','','',2453,0,'',0,'',0,'','1'),('1371811518_12454','Masqat','MA','1162','','',2454,0,'',0,'',0,'','1'),('1371811518_12455','Musandam','MU','1162','','',2455,0,'',0,'',0,'','1'),('1371811518_12456','Bocas del Toro','1','1166','','',2456,0,'',0,'',0,'','1'),('1371811518_12457','Cocle','2','1166','','',2457,0,'',0,'',0,'','1'),('1371811518_12458','Chiriqui','4','1166','','',2458,0,'',0,'',0,'','1'),('1371811518_12459','Darien','5','1166','','',2459,0,'',0,'',0,'','1'),('1371811518_12460','Herrera','6','1166','','',2460,0,'',0,'',0,'','1'),('1371811518_12461','Loa Santoa','7','1166','','',2461,0,'',0,'',0,'','1'),('1371811518_12462','Panama','8','1166','','',2462,0,'',0,'',0,'','1'),('1371811518_12463','Veraguas','9','1166','','',2463,0,'',0,'',0,'','1'),('1371811518_12464','Comarca de San Blas','Q','1166','','',2464,0,'',0,'',0,'','1'),('1371811518_12465','El Callao','CAL','1169','','',2465,0,'',0,'',0,'','1'),('1371811518_12466','Ancash','ANC','1169','','',2466,0,'',0,'',0,'','1'),('1371811518_12467','Apurimac','APU','1169','','',2467,0,'',0,'',0,'','1'),('1371811518_12468','Arequipa','ARE','1169','','',2468,0,'',0,'',0,'','1'),('1371811518_12469','Ayacucho','AYA','1169','','',2469,0,'',0,'',0,'','1'),('1371811518_12470','Cajamarca','CAJ','1169','','',2470,0,'',0,'',0,'','1'),('1371811518_12471','Cuzco','CUS','1169','','',2471,0,'',0,'',0,'','1'),('1371811518_12472','Huancavelica','HUV','1169','','',2472,0,'',0,'',0,'','1'),('1371811518_12473','Huanuco','HUC','1169','','',2473,0,'',0,'',0,'','1'),('1371811518_12474','Ica','ICA','1169','','',2474,0,'',0,'',0,'','1'),('1371811518_12475','Junin','JUN','1169','','',2475,0,'',0,'',0,'','1'),('1371811518_12476','La Libertad','LAL','1169','','',2476,0,'',0,'',0,'','1'),('1371811518_12477','Lambayeque','LAM','1169','','',2477,0,'',0,'',0,'','1'),('1371811518_12478','Lima','LIM','1169','','',2478,0,'',0,'',0,'','1'),('1371811518_12479','Loreto','LOR','1169','','',2479,0,'',0,'',0,'','1'),('1371811518_12480','Madre de Dios','MDD','1169','','',2480,0,'',0,'',0,'','1'),('1371811518_12481','Moquegua','MOQ','1169','','',2481,0,'',0,'',0,'','1'),('1371811518_12482','Pasco','PAS','1169','','',2482,0,'',0,'',0,'','1'),('1371811518_12483','Piura','PIU','1169','','',2483,0,'',0,'',0,'','1'),('1371811518_12484','Puno','PUN','1169','','',2484,0,'',0,'',0,'','1'),('1371811518_12485','San Martin','SAM','1169','','',2485,0,'',0,'',0,'','1'),('1371811518_12486','Tacna','TAC','1169','','',2486,0,'',0,'',0,'','1'),('1371811518_12487','Tumbes','TUM','1169','','',2487,0,'',0,'',0,'','1'),('1371811518_12488','Ucayali','UCA','1169','','',2488,0,'',0,'',0,'','1'),('1371811518_12489','National Capital District (Port Moresby)','NCD','1167','','',2489,0,'',0,'',0,'','1'),('1371811518_12490','Chimbu','CPK','1167','','',2490,0,'',0,'',0,'','1'),('1371811518_12491','Eastern Highlands','EHG','1167','','',2491,0,'',0,'',0,'','1'),('1371811518_12492','East New Britain','EBR','1167','','',2492,0,'',0,'',0,'','1'),('1371811518_12493','East Sepik','ESW','1167','','',2493,0,'',0,'',0,'','1'),('1371811518_12494','Enga','EPW','1167','','',2494,0,'',0,'',0,'','1'),('1371811518_12495','Gulf','GPK','1167','','',2495,0,'',0,'',0,'','1'),('1371811518_12496','Madang','MPM','1167','','',2496,0,'',0,'',0,'','1'),('1371811518_12497','Manus','MRL','1167','','',2497,0,'',0,'',0,'','1'),('1371811518_12498','Milne Bay','MBA','1167','','',2498,0,'',0,'',0,'','1'),('1371811518_12499','Morobe','MPL','1167','','',2499,0,'',0,'',0,'','1'),('1371811518_12500','New Ireland','NIK','1167','','',2500,0,'',0,'',0,'','1'),('1371811518_12501','North Solomons','NSA','1167','','',2501,0,'',0,'',0,'','1'),('1371811518_12502','Santaun','SAN','1167','','',2502,0,'',0,'',0,'','1'),('1371811518_12503','Southern Highlands','SHM','1167','','',2503,0,'',0,'',0,'','1'),('1371811518_12504','Western Highlands','WHM','1167','','',2504,0,'',0,'',0,'','1'),('1371811518_12505','West New Britain','WBK','1167','','',2505,0,'',0,'',0,'','1'),('1371811518_12506','Abra','ABR','1170','','',2506,0,'',0,'',0,'','1'),('1371811518_12507','Agusan del Norte','AGN','1170','','',2507,0,'',0,'',0,'','1'),('1371811518_12508','Agusan del Sur','AGS','1170','','',2508,0,'',0,'',0,'','1'),('1371811518_12509','Aklan','AKL','1170','','',2509,0,'',0,'',0,'','1'),('1371811518_12510','Albay','ALB','1170','','',2510,0,'',0,'',0,'','1'),('1371811518_12511','Antique','ANT','1170','','',2511,0,'',0,'',0,'','1'),('1371811518_12512','Apayao','APA','1170','','',2512,0,'',0,'',0,'','1'),('1371811518_12513','Aurora','AUR','1170','','',2513,0,'',0,'',0,'','1'),('1371811518_12514','Basilan','BAS','1170','','',2514,0,'',0,'',0,'','1'),('1371811518_12515','Batasn','BAN','1170','','',2515,0,'',0,'',0,'','1'),('1371811518_12516','Batanes','BTN','1170','','',2516,0,'',0,'',0,'','1'),('1371811518_12517','Batangas','BTG','1170','','',2517,0,'',0,'',0,'','1'),('1371811518_12518','Benguet','BEN','1170','','',2518,0,'',0,'',0,'','1'),('1371811518_12519','Biliran','BIL','1170','','',2519,0,'',0,'',0,'','1'),('1371811518_12520','Bohol','BOH','1170','','',2520,0,'',0,'',0,'','1'),('1371811518_12521','Bukidnon','BUK','1170','','',2521,0,'',0,'',0,'','1'),('1371811518_12522','Bulacan','BUL','1170','','',2522,0,'',0,'',0,'','1'),('1371811518_12523','Cagayan','CAG','1170','','',2523,0,'',0,'',0,'','1'),('1371811518_12524','Camarines Norte','CAN','1170','','',2524,0,'',0,'',0,'','1'),('1371811518_12525','Camarines Sur','CAS','1170','','',2525,0,'',0,'',0,'','1'),('1371811518_12526','Camiguin','CAM','1170','','',2526,0,'',0,'',0,'','1'),('1371811518_12527','Capiz','CAP','1170','','',2527,0,'',0,'',0,'','1'),('1371811518_12528','Catanduanes','CAT','1170','','',2528,0,'',0,'',0,'','1'),('1371811518_12529','Cavite','CAV','1170','','',2529,0,'',0,'',0,'','1'),('1371811518_12530','Cebu','CEB','1170','','',2530,0,'',0,'',0,'','1'),('1371811518_12531','Compostela Valley','COM','1170','','',2531,0,'',0,'',0,'','1'),('1371811518_12532','Davao','DAV','1170','','',2532,0,'',0,'',0,'','1'),('1371811518_12533','Davao del Sur','DAS','1170','','',2533,0,'',0,'',0,'','1'),('1371811518_12534','Davao Oriental','DAO','1170','','',2534,0,'',0,'',0,'','1'),('1371811518_12535','Eastern Samar','EAS','1170','','',2535,0,'',0,'',0,'','1'),('1371811518_12536','Guimaras','GUI','1170','','',2536,0,'',0,'',0,'','1'),('1371811518_12537','Ifugao','IFU','1170','','',2537,0,'',0,'',0,'','1'),('1371811518_12538','Ilocos Norte','ILN','1170','','',2538,0,'',0,'',0,'','1'),('1371811518_12539','Ilocos Sur','ILS','1170','','',2539,0,'',0,'',0,'','1'),('1371811518_12540','Iloilo','ILI','1170','','',2540,0,'',0,'',0,'','1'),('1371811518_12541','Isabela','ISA','1170','','',2541,0,'',0,'',0,'','1'),('1371811518_12542','Kalinga-Apayso','KAL','1170','','',2542,0,'',0,'',0,'','1'),('1371811518_12543','Laguna','LAG','1170','','',2543,0,'',0,'',0,'','1'),('1371811518_12544','Lanao del Norte','LAN','1170','','',2544,0,'',0,'',0,'','1'),('1371811518_12545','Lanao del Sur','LAS','1170','','',2545,0,'',0,'',0,'','1'),('1371811518_12546','La Union','LUN','1170','','',2546,0,'',0,'',0,'','1'),('1371811518_12547','Leyte','LEY','1170','','',2547,0,'',0,'',0,'','1'),('1371811518_12548','Maguindanao','MAG','1170','','',2548,0,'',0,'',0,'','1'),('1371811518_12549','Marinduque','MAD','1170','','',2549,0,'',0,'',0,'','1'),('1371811518_12550','Masbate','MAS','1170','','',2550,0,'',0,'',0,'','1'),('1371811518_12551','Mindoro Occidental','MDC','1170','','',2551,0,'',0,'',0,'','1'),('1371811518_12552','Mindoro Oriental','MDR','1170','','',2552,0,'',0,'',0,'','1'),('1371811518_12553','Misamis Occidental','MSC','1170','','',2553,0,'',0,'',0,'','1'),('1371811518_12554','Misamis Oriental','MSR','1170','','',2554,0,'',0,'',0,'','1'),('1371811518_12555','Mountain Province','MOU','1170','','',2555,0,'',0,'',0,'','1'),('1371811518_12556','Negroe Occidental','NEC','1170','','',2556,0,'',0,'',0,'','1'),('1371811518_12557','Negros Oriental','NER','1170','','',2557,0,'',0,'',0,'','1'),('1371811518_12558','North Cotabato','NCO','1170','','',2558,0,'',0,'',0,'','1'),('1371811518_12559','Northern Samar','NSA','1170','','',2559,0,'',0,'',0,'','1'),('1371811518_12560','Nueva Ecija','NUE','1170','','',2560,0,'',0,'',0,'','1'),('1371811518_12561','Nueva Vizcaya','NUV','1170','','',2561,0,'',0,'',0,'','1'),('1371811518_12562','Palawan','PLW','1170','','',2562,0,'',0,'',0,'','1'),('1371811518_12563','Pampanga','PAM','1170','','',2563,0,'',0,'',0,'','1'),('1371811518_12564','Pangasinan','PAN','1170','','',2564,0,'',0,'',0,'','1'),('1371811518_12565','Quezon','QUE','1170','','',2565,0,'',0,'',0,'','1'),('1371811518_12566','Quirino','QUI','1170','','',2566,0,'',0,'',0,'','1'),('1371811518_12567','Rizal','RIZ','1170','','',2567,0,'',0,'',0,'','1'),('1371811518_12568','Romblon','ROM','1170','','',2568,0,'',0,'',0,'','1'),('1371811518_12569','Sarangani','SAR','1170','','',2569,0,'',0,'',0,'','1'),('1371811518_12570','Siquijor','SIG','1170','','',2570,0,'',0,'',0,'','1'),('1371811518_12571','Sorsogon','SOR','1170','','',2571,0,'',0,'',0,'','1'),('1371811518_12572','South Cotabato','SCO','1170','','',2572,0,'',0,'',0,'','1'),('1371811518_12573','Southern Leyte','SLE','1170','','',2573,0,'',0,'',0,'','1'),('1371811518_12574','Sultan Kudarat','SUK','1170','','',2574,0,'',0,'',0,'','1'),('1371811518_12575','Sulu','SLU','1170','','',2575,0,'',0,'',0,'','1'),('1371811518_12576','Surigao del Norte','SUN','1170','','',2576,0,'',0,'',0,'','1'),('1371811518_12577','Surigao del Sur','SUR','1170','','',2577,0,'',0,'',0,'','1'),('1371811518_12578','Tarlac','TAR','1170','','',2578,0,'',0,'',0,'','1'),('1371811518_12579','Tawi-Tawi','TAW','1170','','',2579,0,'',0,'',0,'','1'),('1371811518_12580','Western Samar','WSA','1170','','',2580,0,'',0,'',0,'','1'),('1371811518_12581','Zambales','ZMB','1170','','',2581,0,'',0,'',0,'','1'),('1371811518_12582','Zamboanga del Norte','ZAN','1170','','',2582,0,'',0,'',0,'','1'),('1371811518_12583','Zamboanga del Sur','ZAS','1170','','',2583,0,'',0,'',0,'','1'),('1371811518_12584','Zamboanga Sibiguey','ZSI','1170','','',2584,0,'',0,'',0,'','1'),('1371811518_12585','Islamabad','IS','1163','','',2585,0,'',0,'',0,'','1'),('1371811518_12586','Baluchistan (en)','BA','1163','','',2586,0,'',0,'',0,'','1'),('1371811518_12587','North-West Frontier','NW','1163','','',2587,0,'',0,'',0,'','1'),('1371811518_12588','Sind (en)','SD','1163','','',2588,0,'',0,'',0,'','1'),('1371811518_12589','Federally Administered Tribal Aresa','TA','1163','','',2589,0,'',0,'',0,'','1'),('1371811518_12590','Azad Rashmir','JK','1163','','',2590,0,'',0,'',0,'','1'),('1371811518_12591','Northern Areas','NA','1163','','',2591,0,'',0,'',0,'','1'),('1371811518_12592','Aveiro','01','1173','','',2592,0,'',0,'',0,'','1'),('1371811518_12593','Beja','02','1173','','',2593,0,'',0,'',0,'','1'),('1371811518_12594','Braga','03','1173','','',2594,0,'',0,'',0,'','1'),('1371811518_12595','Braganca','04','1173','','',2595,0,'',0,'',0,'','1'),('1371811518_12596','Castelo Branco','05','1173','','',2596,0,'',0,'',0,'','1'),('1371811518_12597','Colmbra','06','1173','','',2597,0,'',0,'',0,'','1'),('1371811518_12598','Ovora','07','1173','','',2598,0,'',0,'',0,'','1'),('1371811518_12599','Faro','08','1173','','',2599,0,'',0,'',0,'','1'),('1371811518_12600','Guarda','09','1173','','',2600,0,'',0,'',0,'','1'),('1371811518_12601','Leiria','10','1173','','',2601,0,'',0,'',0,'','1'),('1371811518_12602','Lisboa','11','1173','','',2602,0,'',0,'',0,'','1'),('1371811518_12603','Portalegre','12','1173','','',2603,0,'',0,'',0,'','1'),('1371811518_12604','Porto','13','1173','','',2604,0,'',0,'',0,'','1'),('1371811518_12605','Santarem','14','1173','','',2605,0,'',0,'',0,'','1'),('1371811518_12606','Setubal','15','1173','','',2606,0,'',0,'',0,'','1'),('1371811518_12607','Viana do Castelo','16','1173','','',2607,0,'',0,'',0,'','1'),('1371811518_12608','Vila Real','17','1173','','',2608,0,'',0,'',0,'','1'),('1371811518_12609','Viseu','18','1173','','',2609,0,'',0,'',0,'','1'),('1371811518_12610','Regiao Autonoma dos Acores','20','1173','','',2610,0,'',0,'',0,'','1'),('1371811518_12611','Regiao Autonoma da Madeira','30','1173','','',2611,0,'',0,'',0,'','1'),('1371811518_12612','Asuncion','ASU','1168','','',2612,0,'',0,'',0,'','1'),('1371811518_12613','Alto Paraguay','16','1168','','',2613,0,'',0,'',0,'','1'),('1371811518_12614','Alto Parana','10','1168','','',2614,0,'',0,'',0,'','1'),('1371811518_12615','Amambay','13','1168','','',2615,0,'',0,'',0,'','1'),('1371811518_12616','Boqueron','19','1168','','',2616,0,'',0,'',0,'','1'),('1371811518_12617','Caeguazu','5','1168','','',2617,0,'',0,'',0,'','1'),('1371811518_12618','Caazapl','6','1168','','',2618,0,'',0,'',0,'','1'),('1371811518_12619','Canindeyu','14','1168','','',2619,0,'',0,'',0,'','1'),('1371811518_12620','Concepcion','1','1168','','',2620,0,'',0,'',0,'','1'),('1371811518_12621','Cordillera','3','1168','','',2621,0,'',0,'',0,'','1'),('1371811518_12622','Guaira','4','1168','','',2622,0,'',0,'',0,'','1'),('1371811518_12623','Itapua','7','1168','','',2623,0,'',0,'',0,'','1'),('1371811518_12624','Miaiones','8','1168','','',2624,0,'',0,'',0,'','1'),('1371811518_12625','Neembucu','12','1168','','',2625,0,'',0,'',0,'','1'),('1371811518_12626','Paraguari','9','1168','','',2626,0,'',0,'',0,'','1'),('1371811518_12627','Presidente Hayes','15','1168','','',2627,0,'',0,'',0,'','1'),('1371811518_12628','San Pedro','2','1168','','',2628,0,'',0,'',0,'','1'),('1371811518_12629','Ad Dawhah','DA','1175','','',2629,0,'',0,'',0,'','1'),('1371811518_12630','Al Ghuwayriyah','GH','1175','','',2630,0,'',0,'',0,'','1'),('1371811518_12631','Al Jumayliyah','JU','1175','','',2631,0,'',0,'',0,'','1'),('1371811518_12632','Al Khawr','KH','1175','','',2632,0,'',0,'',0,'','1'),('1371811518_12633','Al Wakrah','WA','1175','','',2633,0,'',0,'',0,'','1'),('1371811518_12634','Ar Rayyan','RA','1175','','',2634,0,'',0,'',0,'','1'),('1371811518_12635','Jariyan al Batnah','JB','1175','','',2635,0,'',0,'',0,'','1'),('1371811518_12636','Madinat ash Shamal','MS','1175','','',2636,0,'',0,'',0,'','1'),('1371811518_12637','Umm Salal','US','1175','','',2637,0,'',0,'',0,'','1'),('1371811518_12638','Bucuresti','B','1176','','',2638,0,'',0,'',0,'','1'),('1371811518_12639','Alba','AB','1176','','',2639,0,'',0,'',0,'','1'),('1371811518_12640','Arad','AR','1176','','',2640,0,'',0,'',0,'','1'),('1371811518_12641','Arges','AG','1176','','',2641,0,'',0,'',0,'','1'),('1371811518_12642','Bacau','BC','1176','','',2642,0,'',0,'',0,'','1'),('1371811518_12643','Bihor','BH','1176','','',2643,0,'',0,'',0,'','1'),('1371811518_12644','Bistrita-Nasaud','BN','1176','','',2644,0,'',0,'',0,'','1'),('1371811518_12645','Boto ani','BT','1176','','',2645,0,'',0,'',0,'','1'),('1371811518_12646','Bra ov','BV','1176','','',2646,0,'',0,'',0,'','1'),('1371811518_12647','Braila','BR','1176','','',2647,0,'',0,'',0,'','1'),('1371811518_12648','Buzau','BZ','1176','','',2648,0,'',0,'',0,'','1'),('1371811518_12649','Caras-Severin','CS','1176','','',2649,0,'',0,'',0,'','1'),('1371811518_12650','Ca la ras i','CL','1176','','',2650,0,'',0,'',0,'','1'),('1371811518_12651','Cluj','CJ','1176','','',2651,0,'',0,'',0,'','1'),('1371811518_12652','Constant a','CT','1176','','',2652,0,'',0,'',0,'','1'),('1371811518_12653','Covasna','CV','1176','','',2653,0,'',0,'',0,'','1'),('1371811518_12654','Dambovit a','DB','1176','','',2654,0,'',0,'',0,'','1'),('1371811518_12655','Dolj','DJ','1176','','',2655,0,'',0,'',0,'','1'),('1371811518_12656','Galat i','GL','1176','','',2656,0,'',0,'',0,'','1'),('1371811518_12657','Giurgiu','GR','1176','','',2657,0,'',0,'',0,'','1'),('1371811518_12658','Gorj','GJ','1176','','',2658,0,'',0,'',0,'','1'),('1371811518_12659','Harghita','HR','1176','','',2659,0,'',0,'',0,'','1'),('1371811518_12660','Hunedoara','HD','1176','','',2660,0,'',0,'',0,'','1'),('1371811518_12661','Ialomit a','IL','1176','','',2661,0,'',0,'',0,'','1'),('1371811519_12662','Ias i','IS','1176','','',2662,0,'',0,'',0,'','1'),('1371811519_12663','Ilfov','IF','1176','','',2663,0,'',0,'',0,'','1'),('1371811519_12664','Maramures','MM','1176','','',2664,0,'',0,'',0,'','1'),('1371811519_12665','Mehedint i','MH','1176','','',2665,0,'',0,'',0,'','1'),('1371811519_12666','Mures','MS','1176','','',2666,0,'',0,'',0,'','1'),('1371811519_12667','Neamt','NT','1176','','',2667,0,'',0,'',0,'','1'),('1371811519_12668','Olt','OT','1176','','',2668,0,'',0,'',0,'','1'),('1371811519_12669','Prahova','PH','1176','','',2669,0,'',0,'',0,'','1'),('1371811519_12670','Satu Mare','SM','1176','','',2670,0,'',0,'',0,'','1'),('1371811519_12671','Sa laj','SJ','1176','','',2671,0,'',0,'',0,'','1'),('1371811519_12672','Sibiu','SB','1176','','',2672,0,'',0,'',0,'','1'),('1371811519_12673','Suceava','SV','1176','','',2673,0,'',0,'',0,'','1'),('1371811519_12674','Teleorman','TR','1176','','',2674,0,'',0,'',0,'','1'),('1371811519_12675','Timis','TM','1176','','',2675,0,'',0,'',0,'','1'),('1371811519_12676','Tulcea','TL','1176','','',2676,0,'',0,'',0,'','1'),('1371811519_12677','Vaslui','VS','1176','','',2677,0,'',0,'',0,'','1'),('1371811519_12678','Valcea','VL','1176','','',2678,0,'',0,'',0,'','1'),('1371811519_12679','Vrancea','VN','1176','','',2679,0,'',0,'',0,'','1'),('1371811519_12680','Adygeya, Respublika','AD','1177','','',2680,0,'',0,'',0,'','1'),('1371811519_12681','Altay, Respublika','AL','1177','','',2681,0,'',0,'',0,'','1'),('1371811519_12682','Bashkortostan, Respublika','BA','1177','','',2682,0,'',0,'',0,'','1'),('1371811519_12683','Buryatiya, Respublika','BU','1177','','',2683,0,'',0,'',0,'','1'),('1371811519_12684','Chechenskaya Respublika','CE','1177','','',2684,0,'',0,'',0,'','1'),('1371811519_12685','Chuvashskaya Respublika','CU','1177','','',2685,0,'',0,'',0,'','1'),('1371811519_12686','Dagestan, Respublika','DA','1177','','',2686,0,'',0,'',0,'','1'),('1371811519_12687','Ingushskaya Respublika','IN','1177','','',2687,0,'',0,'',0,'','1'),('1371811519_12688','Kabardino-Balkarskaya','KB','1177','','',2688,0,'',0,'',0,'','1'),('1371811519_12689','Kalmykiya, Respublika','KL','1177','','',2689,0,'',0,'',0,'','1'),('1371811519_12690','Karachayevo-Cherkesskaya Respublika','KC','1177','','',2690,0,'',0,'',0,'','1'),('1371811519_12691','Kareliya, Respublika','KR','1177','','',2691,0,'',0,'',0,'','1'),('1371811519_12692','Khakasiya, Respublika','KK','1177','','',2692,0,'',0,'',0,'','1'),('1371811519_12693','Komi, Respublika','KO','1177','','',2693,0,'',0,'',0,'','1'),('1371811519_12694','Mariy El, Respublika','ME','1177','','',2694,0,'',0,'',0,'','1'),('1371811519_12695','Mordoviya, Respublika','MO','1177','','',2695,0,'',0,'',0,'','1'),('1371811519_12696','Sakha, Respublika [Yakutiya]','SA','1177','','',2696,0,'',0,'',0,'','1'),('1371811519_12697','Severnaya Osetiya, Respublika','SE','1177','','',2697,0,'',0,'',0,'','1'),('1371811519_12698','Tatarstan, Respublika','TA','1177','','',2698,0,'',0,'',0,'','1'),('1371811519_12699','Tyva, Respublika [Tuva]','TY','1177','','',2699,0,'',0,'',0,'','1'),('1371811519_12700','Udmurtskaya Respublika','UD','1177','','',2700,0,'',0,'',0,'','1'),('1371811519_12701','Altayskiy kray','ALT','1177','','',2701,0,'',0,'',0,'','1'),('1371811519_12702','Khabarovskiy kray','KHA','1177','','',2702,0,'',0,'',0,'','1'),('1371811519_12703','Krasnodarskiy kray','KDA','1177','','',2703,0,'',0,'',0,'','1'),('1371811519_12704','Krasnoyarskiy kray','KYA','1177','','',2704,0,'',0,'',0,'','1'),('1371811519_12705','Primorskiy kray','PRI','1177','','',2705,0,'',0,'',0,'','1'),('1371811519_12706','Stavropol skiy kray','STA','1177','','',2706,0,'',0,'',0,'','1'),('1371811519_12707','Amurskaya oblast ','AMU','1177','','',2707,0,'',0,'',0,'','1'),('1371811519_12708','Arkhangel skaya oblast ','ARK','1177','','',2708,0,'',0,'',0,'','1'),('1371811519_12709','Astrakhanskaya oblast ','AST','1177','','',2709,0,'',0,'',0,'','1'),('1371811519_12710','Belgorodskaya oblast ','BEL','1177','','',2710,0,'',0,'',0,'','1'),('1371811519_12711','Bryanskaya oblast ','BRY','1177','','',2711,0,'',0,'',0,'','1'),('1371811519_12712','Chelyabinskaya oblast ','CHE','1177','','',2712,0,'',0,'',0,'','1'),('1371811519_12713','Chitinskaya oblast ','CHI','1177','','',2713,0,'',0,'',0,'','1'),('1371811519_12714','Irkutskaya oblast ','IRK','1177','','',2714,0,'',0,'',0,'','1'),('1371811519_12715','Ivanovskaya oblast ','IVA','1177','','',2715,0,'',0,'',0,'','1'),('1371811519_12716','Kaliningradskaya oblast ','KGD','1177','','',2716,0,'',0,'',0,'','1'),('1371811519_12717','Kaluzhskaya oblast ','KLU','1177','','',2717,0,'',0,'',0,'','1'),('1371811519_12718','Kamchatskaya oblast ','KAM','1177','','',2718,0,'',0,'',0,'','1'),('1371811519_12719','Kemerovskaya oblast ','KEM','1177','','',2719,0,'',0,'',0,'','1'),('1371811519_12720','Kirovskaya oblast ','KIR','1177','','',2720,0,'',0,'',0,'','1'),('1371811519_12721','Kostromskaya oblast ','KOS','1177','','',2721,0,'',0,'',0,'','1'),('1371811519_12722','Kurganskaya oblast ','KGN','1177','','',2722,0,'',0,'',0,'','1'),('1371811519_12723','Kurskaya oblast ','KRS','1177','','',2723,0,'',0,'',0,'','1'),('1371811519_12724','Leningradskaya oblast ','LEN','1177','','',2724,0,'',0,'',0,'','1'),('1371811519_12725','Lipetskaya oblast ','LIP','1177','','',2725,0,'',0,'',0,'','1'),('1371811519_12726','Magadanskaya oblast ','MAG','1177','','',2726,0,'',0,'',0,'','1'),('1371811519_12727','Moskovskaya oblast ','MOS','1177','','',2727,0,'',0,'',0,'','1'),('1371811519_12728','Murmanskaya oblast ','MUR','1177','','',2728,0,'',0,'',0,'','1'),('1371811519_12729','Nizhegorodskaya oblast ','NIZ','1177','','',2729,0,'',0,'',0,'','1'),('1371811519_12730','Novgorodskaya oblast ','NGR','1177','','',2730,0,'',0,'',0,'','1'),('1371811519_12731','Novosibirskaya oblast ','NVS','1177','','',2731,0,'',0,'',0,'','1'),('1371811519_12732','Omskaya oblast ','OMS','1177','','',2732,0,'',0,'',0,'','1'),('1371811519_12733','Orenburgskaya oblast ','ORE','1177','','',2733,0,'',0,'',0,'','1'),('1371811519_12734','Orlovskaya oblast ','ORL','1177','','',2734,0,'',0,'',0,'','1'),('1371811519_12735','Penzenskaya oblast ','PNZ','1177','','',2735,0,'',0,'',0,'','1'),('1371811519_12736','Permskaya oblast ','PER','1177','','',2736,0,'',0,'',0,'','1'),('1371811519_12737','Pskovskaya oblast ','PSK','1177','','',2737,0,'',0,'',0,'','1'),('1371811519_12738','Rostovskaya oblast ','ROS','1177','','',2738,0,'',0,'',0,'','1'),('1371811519_12739','Ryazanskaya oblast ','RYA','1177','','',2739,0,'',0,'',0,'','1'),('1371811519_12740','Sakhalinskaya oblast ','SAK','1177','','',2740,0,'',0,'',0,'','1'),('1371811519_12741','Samarskaya oblast ','SAM','1177','','',2741,0,'',0,'',0,'','1'),('1371811519_12742','Saratovskaya oblast ','SAR','1177','','',2742,0,'',0,'',0,'','1'),('1371811519_12743','Smolenskaya oblast ','SMO','1177','','',2743,0,'',0,'',0,'','1'),('1371811519_12744','Sverdlovskaya oblast ','SVE','1177','','',2744,0,'',0,'',0,'','1'),('1371811519_12745','Tambovskaya oblast ','TAM','1177','','',2745,0,'',0,'',0,'','1'),('1371811519_12746','Tomskaya oblast ','TOM','1177','','',2746,0,'',0,'',0,'','1'),('1371811519_12747','Tul skaya oblast ','TUL','1177','','',2747,0,'',0,'',0,'','1'),('1371811519_12748','Tverskaya oblast ','TVE','1177','','',2748,0,'',0,'',0,'','1'),('1371811519_12749','Tyumenskaya oblast ','TYU','1177','','',2749,0,'',0,'',0,'','1'),('1371811519_12750','Ul yanovskaya oblast ','ULY','1177','','',2750,0,'',0,'',0,'','1'),('1371811519_12751','Vladimirskaya oblast ','VLA','1177','','',2751,0,'',0,'',0,'','1'),('1371811519_12752','Volgogradskaya oblast ','VGG','1177','','',2752,0,'',0,'',0,'','1'),('1371811519_12753','Vologodskaya oblast ','VLG','1177','','',2753,0,'',0,'',0,'','1'),('1371811519_12754','Voronezhskaya oblast ','VOR','1177','','',2754,0,'',0,'',0,'','1'),('1371811519_12755','Yaroslavskaya oblast ','YAR','1177','','',2755,0,'',0,'',0,'','1'),('1371811519_12756','Moskva','MOW','1177','','',2756,0,'',0,'',0,'','1'),('1371811519_12757','Sankt-Peterburg','SPE','1177','','',2757,0,'',0,'',0,'','1'),('1371811519_12758','Yevreyskaya avtonomnaya oblast ','YEV','1177','','',2758,0,'',0,'',0,'','1'),('1371811519_12759','Aginskiy Buryatskiy avtonomnyy','AGB','1177','','',2759,0,'',0,'',0,'','1'),('1371811519_12760','Chukotskiy avtonomnyy okrug','CHU','1177','','',2760,0,'',0,'',0,'','1'),('1371811519_12761','Evenkiyskiy avtonomnyy okrug','EVE','1177','','',2761,0,'',0,'',0,'','1'),('1371811519_12762','Khanty-Mansiyskiy avtonomnyy okrug','KHM','1177','','',2762,0,'',0,'',0,'','1'),('1371811519_12763','Komi-Permyatskiy avtonomnyy okrug','KOP','1177','','',2763,0,'',0,'',0,'','1'),('1371811519_12764','Koryakskiy avtonomnyy okrug','KOR','1177','','',2764,0,'',0,'',0,'','1'),('1371811519_12765','Nenetskiy avtonomnyy okrug','NEN','1177','','',2765,0,'',0,'',0,'','1'),('1371811519_12766','Taymyrskiy (Dolgano-Nenetskiy)','TAY','1177','','',2766,0,'',0,'',0,'','1'),('1371811519_12767','Ust -Ordynskiy Buryatskiy','UOB','1177','','',2767,0,'',0,'',0,'','1'),('1371811519_12768','Yamalo-Nenetskiy avtonomnyy okrug','YAN','1177','','',2768,0,'',0,'',0,'','1'),('1371811519_12769','Butare','C','1178','','',2769,0,'',0,'',0,'','1'),('1371811519_12770','Byumba','I','1178','','',2770,0,'',0,'',0,'','1'),('1371811519_12771','Cyangugu','E','1178','','',2771,0,'',0,'',0,'','1'),('1371811519_12772','Gikongoro','D','1178','','',2772,0,'',0,'',0,'','1'),('1371811519_12773','Gisenyi','G','1178','','',2773,0,'',0,'',0,'','1'),('1371811519_12774','Gitarama','B','1178','','',2774,0,'',0,'',0,'','1'),('1371811519_12775','Kibungo','J','1178','','',2775,0,'',0,'',0,'','1'),('1371811519_12776','Kibuye','F','1178','','',2776,0,'',0,'',0,'','1'),('1371811519_12777','Kigali-Rural Kigali y  Icyaro','K','1178','','',2777,0,'',0,'',0,'','1'),('1371811519_12778','Kigali-Ville Kigali Ngari','L','1178','','',2778,0,'',0,'',0,'','1'),('1371811519_12779','Mutara','M','1178','','',2779,0,'',0,'',0,'','1'),('1371811519_12780','Ruhengeri','H','1178','','',2780,0,'',0,'',0,'','1'),('1371811519_12781','Al Batah','11','1187','','',2781,0,'',0,'',0,'','1'),('1371811519_12782','Al H,udd ash Shamallyah','08','1187','','',2782,0,'',0,'',0,'','1'),('1371811519_12783','Al Jawf','12','1187','','',2783,0,'',0,'',0,'','1'),('1371811519_12784','Al Madinah','03','1187','','',2784,0,'',0,'',0,'','1'),('1371811519_12785','Al Qasim','05','1187','','',2785,0,'',0,'',0,'','1'),('1371811519_12786','Ar Riyad','01','1187','','',2786,0,'',0,'',0,'','1'),('1371811519_12787','Asir','14','1187','','',2787,0,'',0,'',0,'','1'),('1371811519_12788','Ha il','06','1187','','',2788,0,'',0,'',0,'','1'),('1371811519_12789','Jlzan','09','1187','','',2789,0,'',0,'',0,'','1'),('1371811519_12790','Makkah','02','1187','','',2790,0,'',0,'',0,'','1'),('1371811519_12791','Najran','10','1187','','',2791,0,'',0,'',0,'','1'),('1371811519_12792','Tabuk','07','1187','','',2792,0,'',0,'',0,'','1'),('1371811519_12793','Capital Territory (Honiara)','CT','1194','','',2793,0,'',0,'',0,'','1'),('1371811519_12794','Guadalcanal','GU','1194','','',2794,0,'',0,'',0,'','1'),('1371811519_12795','Isabel','IS','1194','','',2795,0,'',0,'',0,'','1'),('1371811519_12796','Makira','MK','1194','','',2796,0,'',0,'',0,'','1'),('1371811519_12797','Malaita','ML','1194','','',2797,0,'',0,'',0,'','1'),('1371811519_12798','Temotu','TE','1194','','',2798,0,'',0,'',0,'','1'),('1371811519_12799','A ali an Nil','23','1200','','',2799,0,'',0,'',0,'','1'),('1371811519_12800','Al Bah al Ahmar','26','1200','','',2800,0,'',0,'',0,'','1'),('1371811519_12801','Al Buhayrat','18','1200','','',2801,0,'',0,'',0,'','1'),('1371811519_12802','Al Jazirah','07','1200','','',2802,0,'',0,'',0,'','1'),('1371811519_12803','Al Khartum','03','1200','','',2803,0,'',0,'',0,'','1'),('1371811519_12804','Al Qadarif','06','1200','','',2804,0,'',0,'',0,'','1'),('1371811519_12805','Al Wahdah','22','1200','','',2805,0,'',0,'',0,'','1'),('1371811519_12806','An Nil','04','1200','','',2806,0,'',0,'',0,'','1'),('1371811519_12807','An Nil al Abyaq','08','1200','','',2807,0,'',0,'',0,'','1'),('1371811519_12808','An Nil al Azraq','24','1200','','',2808,0,'',0,'',0,'','1'),('1371811519_12809','Ash Shamallyah','01','1200','','',2809,0,'',0,'',0,'','1'),('1371811519_12810','Bahr al Jabal','17','1200','','',2810,0,'',0,'',0,'','1'),('1371811519_12811','Gharb al Istiwa iyah','16','1200','','',2811,0,'',0,'',0,'','1'),('1371811519_12812','Gharb Ba~r al Ghazal','14','1200','','',2812,0,'',0,'',0,'','1'),('1371811519_12813','Gharb Darfur','12','1200','','',2813,0,'',0,'',0,'','1'),('1371811519_12814','Gharb Kurdufan','10','1200','','',2814,0,'',0,'',0,'','1'),('1371811519_12815','Janub Darfur','11','1200','','',2815,0,'',0,'',0,'','1'),('1371811519_12816','Janub Rurdufan','13','1200','','',2816,0,'',0,'',0,'','1'),('1371811519_12817','Jnqall','20','1200','','',2817,0,'',0,'',0,'','1'),('1371811519_12818','Kassala','05','1200','','',2818,0,'',0,'',0,'','1'),('1371811519_12819','Shamal Batr al Ghazal','15','1200','','',2819,0,'',0,'',0,'','1'),('1371811519_12820','Shamal Darfur','02','1200','','',2820,0,'',0,'',0,'','1'),('1371811519_12821','Shamal Kurdufan','09','1200','','',2821,0,'',0,'',0,'','1'),('1371811519_12822','Sharq al Istiwa iyah','19','1200','','',2822,0,'',0,'',0,'','1'),('1371811519_12823','Sinnar','25','1200','','',2823,0,'',0,'',0,'','1'),('1371811519_12824','Warab','21','1200','','',2824,0,'',0,'',0,'','1'),('1371811519_12825','Blekinge lan','K','1204','','',2825,0,'',0,'',0,'','1'),('1371811519_12826','Dalarnas lan','W','1204','','',2826,0,'',0,'',0,'','1'),('1371811519_12827','Gotlands lan','I','1204','','',2827,0,'',0,'',0,'','1'),('1371811519_12828','Gavleborge lan','X','1204','','',2828,0,'',0,'',0,'','1'),('1371811519_12829','Hallands lan','N','1204','','',2829,0,'',0,'',0,'','1'),('1371811519_12830','Jamtlande lan','Z','1204','','',2830,0,'',0,'',0,'','1'),('1371811519_12831','Jonkopings lan','F','1204','','',2831,0,'',0,'',0,'','1'),('1371811519_12832','Kalmar lan','H','1204','','',2832,0,'',0,'',0,'','1'),('1371811519_12833','Kronoberge lan','G','1204','','',2833,0,'',0,'',0,'','1'),('1371811519_12834','Norrbottena lan','BD','1204','','',2834,0,'',0,'',0,'','1'),('1371811519_12835','Skane lan','M','1204','','',2835,0,'',0,'',0,'','1'),('1371811519_12836','Stockholms lan','AB','1204','','',2836,0,'',0,'',0,'','1'),('1371811519_12837','Sodermanlands lan','D','1204','','',2837,0,'',0,'',0,'','1'),('1371811519_12838','Uppsala lan','C','1204','','',2838,0,'',0,'',0,'','1'),('1371811519_12839','Varmlanda lan','S','1204','','',2839,0,'',0,'',0,'','1'),('1371811519_12840','Vasterbottens lan','AC','1204','','',2840,0,'',0,'',0,'','1'),('1371811519_12841','Vasternorrlands lan','Y','1204','','',2841,0,'',0,'',0,'','1'),('1371811519_12842','Vastmanlanda lan','U','1204','','',2842,0,'',0,'',0,'','1'),('1371811519_12843','Vastra Gotalands lan','Q','1204','','',2843,0,'',0,'',0,'','1'),('1371811519_12844','Orebro lan','T','1204','','',2844,0,'',0,'',0,'','1'),('1371811519_12845','Ostergotlands lan','E','1204','','',2845,0,'',0,'',0,'','1'),('1371811519_12846','Saint Helena','SH','1180','','',2846,0,'',0,'',0,'','1'),('1371811519_12847','Ascension','AC','1180','','',2847,0,'',0,'',0,'','1'),('1371811519_12848','Tristan da Cunha','TA','1180','','',2848,0,'',0,'',0,'','1'),('1371811519_12849','Ajdovscina','001','1193','','',2849,0,'',0,'',0,'','1'),('1371811519_12850','Beltinci','002','1193','','',2850,0,'',0,'',0,'','1'),('1371811519_12851','Benedikt','148','1193','','',2851,0,'',0,'',0,'','1'),('1371811519_12852','Bistrica ob Sotli','149','1193','','',2852,0,'',0,'',0,'','1'),('1371811519_12853','Bled','003','1193','','',2853,0,'',0,'',0,'','1'),('1371811519_12854','Bloke','150','1193','','',2854,0,'',0,'',0,'','1'),('1371811519_12855','Bohinj','004','1193','','',2855,0,'',0,'',0,'','1'),('1371811519_12856','Borovnica','005','1193','','',2856,0,'',0,'',0,'','1'),('1371811519_12857','Bovec','006','1193','','',2857,0,'',0,'',0,'','1'),('1371811519_12858','Braslovce','151','1193','','',2858,0,'',0,'',0,'','1'),('1371811519_12859','Brda','007','1193','','',2859,0,'',0,'',0,'','1'),('1371811519_12860','Brezovica','008','1193','','',2860,0,'',0,'',0,'','1'),('1371811519_12861','Brezica','009','1193','','',2861,0,'',0,'',0,'','1'),('1371811519_12862','Cankova','152','1193','','',2862,0,'',0,'',0,'','1'),('1371811519_12863','Celje','011','1193','','',2863,0,'',0,'',0,'','1'),('1371811519_12864','Cerklje na Gorenjskem','012','1193','','',2864,0,'',0,'',0,'','1'),('1371811519_12865','Cerknica','013','1193','','',2865,0,'',0,'',0,'','1'),('1371811519_12866','Cerkno','014','1193','','',2866,0,'',0,'',0,'','1'),('1371811519_12867','Cerkvenjak','153','1193','','',2867,0,'',0,'',0,'','1'),('1371811519_12868','Crensovci','015','1193','','',2868,0,'',0,'',0,'','1'),('1371811519_12869','Crna na Koroskem','016','1193','','',2869,0,'',0,'',0,'','1'),('1371811519_12870','Crnomelj','017','1193','','',2870,0,'',0,'',0,'','1'),('1371811519_12871','Destrnik','018','1193','','',2871,0,'',0,'',0,'','1'),('1371811519_12872','Divaca','019','1193','','',2872,0,'',0,'',0,'','1'),('1371811519_12873','Dobje','154','1193','','',2873,0,'',0,'',0,'','1'),('1371811519_12874','Dobrepolje','020','1193','','',2874,0,'',0,'',0,'','1'),('1371811519_12875','Dobrna','155','1193','','',2875,0,'',0,'',0,'','1'),('1371811519_12876','Dobrova-Polhov Gradec','021','1193','','',2876,0,'',0,'',0,'','1'),('1371811519_12877','Dobrovnik','156','1193','','',2877,0,'',0,'',0,'','1'),('1371811519_12878','Dol pri Ljubljani','022','1193','','',2878,0,'',0,'',0,'','1'),('1371811519_12879','Dolenjske Toplice','157','1193','','',2879,0,'',0,'',0,'','1'),('1371811519_12880','Domzale','023','1193','','',2880,0,'',0,'',0,'','1'),('1371811519_12881','Dornava','024','1193','','',2881,0,'',0,'',0,'','1'),('1371811519_12882','Dravograd','025','1193','','',2882,0,'',0,'',0,'','1'),('1371811519_12883','Duplek','026','1193','','',2883,0,'',0,'',0,'','1'),('1371811519_12884','Gorenja vas-Poljane','027','1193','','',2884,0,'',0,'',0,'','1'),('1371811519_12885','Gorsnica','028','1193','','',2885,0,'',0,'',0,'','1'),('1371811519_12886','Gornja Radgona','029','1193','','',2886,0,'',0,'',0,'','1'),('1371811519_12887','Gornji Grad','030','1193','','',2887,0,'',0,'',0,'','1'),('1371811519_12888','Gornji Petrovci','031','1193','','',2888,0,'',0,'',0,'','1'),('1371811519_12889','Grad','158','1193','','',2889,0,'',0,'',0,'','1'),('1371811519_12890','Grosuplje','032','1193','','',2890,0,'',0,'',0,'','1'),('1371811519_12891','Hajdina','159','1193','','',2891,0,'',0,'',0,'','1'),('1371811519_12892','Hoce-Slivnica','160','1193','','',2892,0,'',0,'',0,'','1'),('1371811519_12893','Hodos','161','1193','','',2893,0,'',0,'',0,'','1'),('1371811519_12894','Jorjul','162','1193','','',2894,0,'',0,'',0,'','1'),('1371811519_12895','Hrastnik','034','1193','','',2895,0,'',0,'',0,'','1'),('1371811519_12896','Hrpelje-Kozina','035','1193','','',2896,0,'',0,'',0,'','1'),('1371811519_12897','Idrija','036','1193','','',2897,0,'',0,'',0,'','1'),('1371811519_12898','Ig','037','1193','','',2898,0,'',0,'',0,'','1'),('1371811519_12899','IIrska Bistrica','038','1193','','',2899,0,'',0,'',0,'','1'),('1371811519_12900','Ivancna Gorica','039','1193','','',2900,0,'',0,'',0,'','1'),('1371811519_12901','Izola','040','1193','','',2901,0,'',0,'',0,'','1'),('1371811519_12902','Jesenice','041','1193','','',2902,0,'',0,'',0,'','1'),('1371811519_12903','Jezersko','163','1193','','',2903,0,'',0,'',0,'','1'),('1371811519_12904','Jursinci','042','1193','','',2904,0,'',0,'',0,'','1'),('1371811519_12905','Kamnik','043','1193','','',2905,0,'',0,'',0,'','1'),('1371811519_12906','Kanal','044','1193','','',2906,0,'',0,'',0,'','1'),('1371811519_12907','Kidricevo','045','1193','','',2907,0,'',0,'',0,'','1'),('1371811519_12908','Kobarid','046','1193','','',2908,0,'',0,'',0,'','1'),('1371811519_12909','Kobilje','047','1193','','',2909,0,'',0,'',0,'','1'),('1371811519_12910','Jovevje','048','1193','','',2910,0,'',0,'',0,'','1'),('1371811519_12911','Komen','049','1193','','',2911,0,'',0,'',0,'','1'),('1371811519_12912','Komenda','164','1193','','',2912,0,'',0,'',0,'','1'),('1371811519_12913','Koper','050','1193','','',2913,0,'',0,'',0,'','1'),('1371811519_12914','Kostel','165','1193','','',2914,0,'',0,'',0,'','1'),('1371811519_12915','Kozje','051','1193','','',2915,0,'',0,'',0,'','1'),('1371811519_12916','Kranj','052','1193','','',2916,0,'',0,'',0,'','1'),('1371811519_12917','Kranjska Gora','053','1193','','',2917,0,'',0,'',0,'','1'),('1371811519_12918','Krizevci','166','1193','','',2918,0,'',0,'',0,'','1'),('1371811519_12919','Krsko','054','1193','','',2919,0,'',0,'',0,'','1'),('1371811519_12920','Kungota','055','1193','','',2920,0,'',0,'',0,'','1'),('1371811519_12921','Kuzma','056','1193','','',2921,0,'',0,'',0,'','1'),('1371811519_12922','Lasko','057','1193','','',2922,0,'',0,'',0,'','1'),('1371811519_12923','Lenart','058','1193','','',2923,0,'',0,'',0,'','1'),('1371811519_12924','Lendava','059','1193','','',2924,0,'',0,'',0,'','1'),('1371811519_12925','Litija','060','1193','','',2925,0,'',0,'',0,'','1'),('1371811519_12926','Ljubljana','061','1193','','',2926,0,'',0,'',0,'','1'),('1371811519_12927','Ljubno','062','1193','','',2927,0,'',0,'',0,'','1'),('1371811519_12928','Ljutomer','063','1193','','',2928,0,'',0,'',0,'','1'),('1371811519_12929','Logatec','064','1193','','',2929,0,'',0,'',0,'','1'),('1371811519_12930','Loska dolina','065','1193','','',2930,0,'',0,'',0,'','1'),('1371811519_12931','Loski Potok','066','1193','','',2931,0,'',0,'',0,'','1'),('1371811519_12932','Lovrenc na Pohorju','167','1193','','',2932,0,'',0,'',0,'','1'),('1371811519_12933','Luce','067','1193','','',2933,0,'',0,'',0,'','1'),('1371811519_12934','Lukovica','068','1193','','',2934,0,'',0,'',0,'','1'),('1371811519_12935','Majsperk','069','1193','','',2935,0,'',0,'',0,'','1'),('1371811519_12936','Maribor','070','1193','','',2936,0,'',0,'',0,'','1'),('1371811519_12937','Markovci','168','1193','','',2937,0,'',0,'',0,'','1'),('1371811519_12938','Medvode','071','1193','','',2938,0,'',0,'',0,'','1'),('1371811519_12939','Menges','072','1193','','',2939,0,'',0,'',0,'','1'),('1371811519_12940','Metlika','073','1193','','',2940,0,'',0,'',0,'','1'),('1371811519_12941','Mezica','074','1193','','',2941,0,'',0,'',0,'','1'),('1371811519_12942','Miklavz na Dravskern polju','169','1193','','',2942,0,'',0,'',0,'','1'),('1371811519_12943','Miren-Kostanjevica','075','1193','','',2943,0,'',0,'',0,'','1'),('1371811519_12944','Mirna Pec','170','1193','','',2944,0,'',0,'',0,'','1'),('1371811519_12945','Mislinja','076','1193','','',2945,0,'',0,'',0,'','1'),('1371811519_12946','Moravce','077','1193','','',2946,0,'',0,'',0,'','1'),('1371811519_12947','Moravske Toplice','078','1193','','',2947,0,'',0,'',0,'','1'),('1371811520_12948','Mozirje','079','1193','','',2948,0,'',0,'',0,'','1'),('1371811520_12949','Murska Sobota','080','1193','','',2949,0,'',0,'',0,'','1'),('1371811520_12950','Muta','081','1193','','',2950,0,'',0,'',0,'','1'),('1371811520_12951','Naklo','082','1193','','',2951,0,'',0,'',0,'','1'),('1371811520_12952','Nazarje','083','1193','','',2952,0,'',0,'',0,'','1'),('1371811520_12953','Nova Gorica','084','1193','','',2953,0,'',0,'',0,'','1'),('1371811520_12954','Nova mesto','085','1193','','',2954,0,'',0,'',0,'','1'),('1371811520_12955','Sveta Ana','181','1193','','',2955,0,'',0,'',0,'','1'),('1371811520_12956','Sveti Andraz v Slovenskih goricah','182','1193','','',2956,0,'',0,'',0,'','1'),('1371811520_12957','Sveti Jurij','116','1193','','',2957,0,'',0,'',0,'','1'),('1371811520_12958','Salovci','033','1193','','',2958,0,'',0,'',0,'','1'),('1371811520_12959','Sempeter-Vrtojba','183','1193','','',2959,0,'',0,'',0,'','1'),('1371811520_12960','Sencur','117','1193','','',2960,0,'',0,'',0,'','1'),('1371811520_12961','Sentilj','118','1193','','',2961,0,'',0,'',0,'','1'),('1371811520_12962','Sentjernej','119','1193','','',2962,0,'',0,'',0,'','1'),('1371811520_12963','Sentjur pri Celju','120','1193','','',2963,0,'',0,'',0,'','1'),('1371811520_12964','Skocjan','121','1193','','',2964,0,'',0,'',0,'','1'),('1371811520_12965','Skofja Loka','122','1193','','',2965,0,'',0,'',0,'','1'),('1371811520_12966','Skoftjica','123','1193','','',2966,0,'',0,'',0,'','1'),('1371811520_12967','Smarje pri Jelsah','124','1193','','',2967,0,'',0,'',0,'','1'),('1371811520_12968','Smartno ob Paki','125','1193','','',2968,0,'',0,'',0,'','1'),('1371811520_12969','Smartno pri Litiji','194','1193','','',2969,0,'',0,'',0,'','1'),('1371811520_12970','Sostanj','126','1193','','',2970,0,'',0,'',0,'','1'),('1371811520_12971','Store','127','1193','','',2971,0,'',0,'',0,'','1'),('1371811520_12972','Tabor','184','1193','','',2972,0,'',0,'',0,'','1'),('1371811520_12973','Tisina','010','1193','','',2973,0,'',0,'',0,'','1'),('1371811520_12974','Tolmin','128','1193','','',2974,0,'',0,'',0,'','1'),('1371811520_12975','Trbovje','129','1193','','',2975,0,'',0,'',0,'','1'),('1371811520_12976','Trebnje','130','1193','','',2976,0,'',0,'',0,'','1'),('1371811520_12977','Trnovska vas','185','1193','','',2977,0,'',0,'',0,'','1'),('1371811520_12978','Trzic','131','1193','','',2978,0,'',0,'',0,'','1'),('1371811520_12979','Trzin','186','1193','','',2979,0,'',0,'',0,'','1'),('1371811520_12980','Turnisce','132','1193','','',2980,0,'',0,'',0,'','1'),('1371811520_12981','Velenje','133','1193','','',2981,0,'',0,'',0,'','1'),('1371811520_12982','Velika Polana','187','1193','','',2982,0,'',0,'',0,'','1'),('1371811520_12983','Velika Lasce','134','1193','','',2983,0,'',0,'',0,'','1'),('1371811520_12984','Verzej','188','1193','','',2984,0,'',0,'',0,'','1'),('1371811520_12985','Videm','135','1193','','',2985,0,'',0,'',0,'','1'),('1371811520_12986','Vipava','136','1193','','',2986,0,'',0,'',0,'','1'),('1371811520_12987','Vitanje','137','1193','','',2987,0,'',0,'',0,'','1'),('1371811520_12988','Vojnik','138','1193','','',2988,0,'',0,'',0,'','1'),('1371811520_12989','Vransko','189','1193','','',2989,0,'',0,'',0,'','1'),('1371811520_12990','Vrhnika','140','1193','','',2990,0,'',0,'',0,'','1'),('1371811520_12991','Vuzenica','141','1193','','',2991,0,'',0,'',0,'','1'),('1371811520_12992','Zagorje ob Savi','142','1193','','',2992,0,'',0,'',0,'','1'),('1371811520_12993','Zavrc','143','1193','','',2993,0,'',0,'',0,'','1'),('1371811520_12994','Zrece','144','1193','','',2994,0,'',0,'',0,'','1'),('1371811520_12995','Zalec','190','1193','','',2995,0,'',0,'',0,'','1'),('1371811520_12996','Zelezniki','146','1193','','',2996,0,'',0,'',0,'','1'),('1371811520_12997','Zetale','191','1193','','',2997,0,'',0,'',0,'','1'),('1371811520_12998','Ziri','147','1193','','',2998,0,'',0,'',0,'','1'),('1371811520_12999','Zirovnica','192','1193','','',2999,0,'',0,'',0,'','1'),('1371811520_13000','Zuzemberk','193','1193','','',3000,0,'',0,'',0,'','1'),('1371811520_13001','Banskobystrick kraj','BC','1192','','',3001,0,'',0,'',0,'','1'),('1371811520_13002','Bratislavsk kraj','BL','1192','','',3002,0,'',0,'',0,'','1'),('1371811520_13003','Koick kraj','KI','1192','','',3003,0,'',0,'',0,'','1'),('1371811520_13004','Nitriansky kraj','NJ','1192','','',3004,0,'',0,'',0,'','1'),('1371811520_13005','Preovsk kraj','PV','1192','','',3005,0,'',0,'',0,'','1'),('1371811520_13006','Tren?iansky kraj','TC','1192','','',3006,0,'',0,'',0,'','1'),('1371811520_13007','Trnavsk kraj','TA','1192','','',3007,0,'',0,'',0,'','1'),('1371811520_13008','ilinsk kraj','ZI','1192','','',3008,0,'',0,'',0,'','1'),('1371811520_13009','Western Area (Freetown)','W','1190','','',3009,0,'',0,'',0,'','1'),('1371811520_13010','Dakar','DK','1188','','',3010,0,'',0,'',0,'','1'),('1371811520_13011','Diourbel','DB','1188','','',3011,0,'',0,'',0,'','1'),('1371811520_13012','Fatick','FK','1188','','',3012,0,'',0,'',0,'','1'),('1371811520_13013','Kaolack','KL','1188','','',3013,0,'',0,'',0,'','1'),('1371811520_13014','Kolda','KD','1188','','',3014,0,'',0,'',0,'','1'),('1371811520_13015','Louga','LG','1188','','',3015,0,'',0,'',0,'','1'),('1371811520_13016','Matam','MT','1188','','',3016,0,'',0,'',0,'','1'),('1371811520_13017','Saint-Louis','SL','1188','','',3017,0,'',0,'',0,'','1'),('1371811520_13018','Tambacounda','TC','1188','','',3018,0,'',0,'',0,'','1'),('1371811520_13019','Thies','TH','1188','','',3019,0,'',0,'',0,'','1'),('1371811520_13020','Ziguinchor','ZG','1188','','',3020,0,'',0,'',0,'','1'),('1371811520_13021','Awdal','AW','1195','','',3021,0,'',0,'',0,'','1'),('1371811520_13022','Bakool','BK','1195','','',3022,0,'',0,'',0,'','1'),('1371811520_13023','Banaadir','BN','1195','','',3023,0,'',0,'',0,'','1'),('1371811520_13024','Bay','BY','1195','','',3024,0,'',0,'',0,'','1'),('1371811520_13025','Galguduud','GA','1195','','',3025,0,'',0,'',0,'','1'),('1371811520_13026','Gedo','GE','1195','','',3026,0,'',0,'',0,'','1'),('1371811520_13027','Hiirsan','HI','1195','','',3027,0,'',0,'',0,'','1'),('1371811520_13028','Jubbada Dhexe','JD','1195','','',3028,0,'',0,'',0,'','1'),('1371811520_13029','Jubbada Hoose','JH','1195','','',3029,0,'',0,'',0,'','1'),('1371811520_13030','Mudug','MU','1195','','',3030,0,'',0,'',0,'','1'),('1371811520_13031','Nugaal','NU','1195','','',3031,0,'',0,'',0,'','1'),('1371811520_13032','Saneag','SA','1195','','',3032,0,'',0,'',0,'','1'),('1371811520_13033','Shabeellaha Dhexe','SD','1195','','',3033,0,'',0,'',0,'','1'),('1371811520_13034','Shabeellaha Hoose','SH','1195','','',3034,0,'',0,'',0,'','1'),('1371811520_13035','Sool','SO','1195','','',3035,0,'',0,'',0,'','1'),('1371811520_13036','Togdheer','TO','1195','','',3036,0,'',0,'',0,'','1'),('1371811520_13037','Woqooyi Galbeed','WO','1195','','',3037,0,'',0,'',0,'','1'),('1371811520_13038','Brokopondo','BR','1201','','',3038,0,'',0,'',0,'','1'),('1371811520_13039','Commewijne','CM','1201','','',3039,0,'',0,'',0,'','1'),('1371811520_13040','Coronie','CR','1201','','',3040,0,'',0,'',0,'','1'),('1371811520_13041','Marowijne','MA','1201','','',3041,0,'',0,'',0,'','1'),('1371811520_13042','Nickerie','NI','1201','','',3042,0,'',0,'',0,'','1'),('1371811520_13043','Paramaribo','PM','1201','','',3043,0,'',0,'',0,'','1'),('1371811520_13044','Saramacca','SA','1201','','',3044,0,'',0,'',0,'','1'),('1371811520_13045','Sipaliwini','SI','1201','','',3045,0,'',0,'',0,'','1'),('1371811520_13046','Wanica','WA','1201','','',3046,0,'',0,'',0,'','1'),('1371811520_13047','Principe','P','1207','','',3047,0,'',0,'',0,'','1'),('1371811520_13048','Sao Tome','S','1207','','',3048,0,'',0,'',0,'','1'),('1371811520_13049','Ahuachapan','AH','1066','','',3049,0,'',0,'',0,'','1'),('1371811520_13050','Cabanas','CA','1066','','',3050,0,'',0,'',0,'','1'),('1371811520_13051','Cuscatlan','CU','1066','','',3051,0,'',0,'',0,'','1'),('1371811520_13052','Chalatenango','CH','1066','','',3052,0,'',0,'',0,'','1'),('1371811520_13053','Morazan','MO','1066','','',3053,0,'',0,'',0,'','1'),('1371811520_13054','San Miguel','SM','1066','','',3054,0,'',0,'',0,'','1'),('1371811520_13055','San Salvador','SS','1066','','',3055,0,'',0,'',0,'','1'),('1371811520_13056','Santa Ana','SA','1066','','',3056,0,'',0,'',0,'','1'),('1371811520_13057','San Vicente','SV','1066','','',3057,0,'',0,'',0,'','1'),('1371811520_13058','Sonsonate','SO','1066','','',3058,0,'',0,'',0,'','1'),('1371811520_13059','Usulutan','US','1066','','',3059,0,'',0,'',0,'','1'),('1371811520_13060','Al Hasakah','HA','1206','','',3060,0,'',0,'',0,'','1'),('1371811520_13061','Al Ladhiqiyah','LA','1206','','',3061,0,'',0,'',0,'','1'),('1371811520_13062','Al Qunaytirah','QU','1206','','',3062,0,'',0,'',0,'','1'),('1371811520_13063','Ar Raqqah','RA','1206','','',3063,0,'',0,'',0,'','1'),('1371811520_13064','As Suwayda ','SU','1206','','',3064,0,'',0,'',0,'','1'),('1371811520_13065','Dar a','DR','1206','','',3065,0,'',0,'',0,'','1'),('1371811520_13066','Dayr az Zawr','DY','1206','','',3066,0,'',0,'',0,'','1'),('1371811520_13067','Dimashq','DI','1206','','',3067,0,'',0,'',0,'','1'),('1371811520_13068','Halab','HL','1206','','',3068,0,'',0,'',0,'','1'),('1371811520_13069','Hamah','HM','1206','','',3069,0,'',0,'',0,'','1'),('1371811520_13070','Jim ','HI','1206','','',3070,0,'',0,'',0,'','1'),('1371811520_13071','Idlib','ID','1206','','',3071,0,'',0,'',0,'','1'),('1371811520_13072','Rif Dimashq','RD','1206','','',3072,0,'',0,'',0,'','1'),('1371811520_13073','Tarts','TA','1206','','',3073,0,'',0,'',0,'','1'),('1371811520_13074','Hhohho','HH','1203','','',3074,0,'',0,'',0,'','1'),('1371811520_13075','Lubombo','LU','1203','','',3075,0,'',0,'',0,'','1'),('1371811520_13076','Manzini','MA','1203','','',3076,0,'',0,'',0,'','1'),('1371811520_13077','Shiselweni','SH','1203','','',3077,0,'',0,'',0,'','1'),('1371811520_13078','Batha','BA','1043','','',3078,0,'',0,'',0,'','1'),('1371811520_13079','Biltine','BI','1043','','',3079,0,'',0,'',0,'','1'),('1371811520_13080','Borkou-Ennedi-Tibesti','BET','1043','','',3080,0,'',0,'',0,'','1'),('1371811520_13081','Chari-Baguirmi','CB','1043','','',3081,0,'',0,'',0,'','1'),('1371811520_13082','Guera','GR','1043','','',3082,0,'',0,'',0,'','1'),('1371811520_13083','Kanem','KA','1043','','',3083,0,'',0,'',0,'','1'),('1371811520_13084','Lac','LC','1043','','',3084,0,'',0,'',0,'','1'),('1371811520_13085','Logone-Occidental','LO','1043','','',3085,0,'',0,'',0,'','1'),('1371811520_13086','Logone-Oriental','LR','1043','','',3086,0,'',0,'',0,'','1'),('1371811520_13087','Mayo-Kebbi','MK','1043','','',3087,0,'',0,'',0,'','1'),('1371811520_13088','Moyen-Chari','MC','1043','','',3088,0,'',0,'',0,'','1'),('1371811520_13089','Ouaddai','OD','1043','','',3089,0,'',0,'',0,'','1'),('1371811520_13090','Salamat','SA','1043','','',3090,0,'',0,'',0,'','1'),('1371811520_13091','Tandjile','TA','1043','','',3091,0,'',0,'',0,'','1'),('1371811520_13092','Kara','K','1214','','',3092,0,'',0,'',0,'','1'),('1371811520_13093','Maritime (Region)','M','1214','','',3093,0,'',0,'',0,'','1'),('1371811520_13094','Savannes','S','1214','','',3094,0,'',0,'',0,'','1'),('1371811520_13095','Krung Thep Maha Nakhon Bangkok','10','1211','','',3095,0,'',0,'',0,'','1'),('1371811520_13096','Phatthaya','S','1211','','',3096,0,'',0,'',0,'','1'),('1371811520_13097','Amnat Charoen','37','1211','','',3097,0,'',0,'',0,'','1'),('1371811520_13098','Ang Thong','15','1211','','',3098,0,'',0,'',0,'','1'),('1371811520_13099','Buri Ram','31','1211','','',3099,0,'',0,'',0,'','1'),('1371811520_13100','Chachoengsao','24','1211','','',3100,0,'',0,'',0,'','1'),('1371811520_13101','Chai Nat','18','1211','','',3101,0,'',0,'',0,'','1'),('1371811520_13102','Chaiyaphum','36','1211','','',3102,0,'',0,'',0,'','1'),('1371811520_13103','Chanthaburi','22','1211','','',3103,0,'',0,'',0,'','1'),('1371811520_13104','Chiang Mai','50','1211','','',3104,0,'',0,'',0,'','1'),('1371811521_13105','Chiang Rai','57','1211','','',3105,0,'',0,'',0,'','1'),('1371811521_13106','Chon Buri','20','1211','','',3106,0,'',0,'',0,'','1'),('1371811521_13107','Chumphon','86','1211','','',3107,0,'',0,'',0,'','1'),('1371811521_13108','Kalasin','46','1211','','',3108,0,'',0,'',0,'','1'),('1371811521_13109','Kamphasng Phet','62','1211','','',3109,0,'',0,'',0,'','1'),('1371811521_13110','Kanchanaburi','71','1211','','',3110,0,'',0,'',0,'','1'),('1371811521_13111','Khon Kaen','40','1211','','',3111,0,'',0,'',0,'','1'),('1371811521_13112','Krabi','81','1211','','',3112,0,'',0,'',0,'','1'),('1371811521_13113','Lampang','52','1211','','',3113,0,'',0,'',0,'','1'),('1371811521_13114','Lamphun','51','1211','','',3114,0,'',0,'',0,'','1'),('1371811521_13115','Loei','42','1211','','',3115,0,'',0,'',0,'','1'),('1371811521_13116','Lop Buri','16','1211','','',3116,0,'',0,'',0,'','1'),('1371811521_13117','Mae Hong Son','58','1211','','',3117,0,'',0,'',0,'','1'),('1371811521_13118','Maha Sarakham','44','1211','','',3118,0,'',0,'',0,'','1'),('1371811521_13119','Mukdahan','49','1211','','',3119,0,'',0,'',0,'','1'),('1371811521_13120','Nakhon Nayok','26','1211','','',3120,0,'',0,'',0,'','1'),('1371811521_13121','Nakhon Pathom','73','1211','','',3121,0,'',0,'',0,'','1'),('1371811521_13122','Nakhon Phanom','48','1211','','',3122,0,'',0,'',0,'','1'),('1371811521_13123','Nakhon Ratchasima','30','1211','','',3123,0,'',0,'',0,'','1'),('1371811521_13124','Nakhon Sawan','60','1211','','',3124,0,'',0,'',0,'','1'),('1371811521_13125','Nakhon Si Thammarat','80','1211','','',3125,0,'',0,'',0,'','1'),('1371811521_13126','Nan','55','1211','','',3126,0,'',0,'',0,'','1'),('1371811521_13127','Narathiwat','96','1211','','',3127,0,'',0,'',0,'','1'),('1371811521_13128','Nong Bua Lam Phu','39','1211','','',3128,0,'',0,'',0,'','1'),('1371811521_13129','Nong Khai','43','1211','','',3129,0,'',0,'',0,'','1'),('1371811521_13130','Nonthaburi','12','1211','','',3130,0,'',0,'',0,'','1'),('1371811521_13131','Pathum Thani','13','1211','','',3131,0,'',0,'',0,'','1'),('1371811521_13132','Pattani','94','1211','','',3132,0,'',0,'',0,'','1'),('1371811521_13133','Phangnga','82','1211','','',3133,0,'',0,'',0,'','1'),('1371811521_13134','Phatthalung','93','1211','','',3134,0,'',0,'',0,'','1'),('1371811521_13135','Phayao','56','1211','','',3135,0,'',0,'',0,'','1'),('1371811521_13136','Phetchabun','67','1211','','',3136,0,'',0,'',0,'','1'),('1371811521_13137','Phetchaburi','76','1211','','',3137,0,'',0,'',0,'','1'),('1371811521_13138','Phichit','66','1211','','',3138,0,'',0,'',0,'','1'),('1371811521_13139','Phitsanulok','65','1211','','',3139,0,'',0,'',0,'','1'),('1371811521_13140','Phrae','54','1211','','',3140,0,'',0,'',0,'','1'),('1371811521_13141','Phra Nakhon Si Ayutthaya','14','1211','','',3141,0,'',0,'',0,'','1'),('1371811521_13142','Phaket','83','1211','','',3142,0,'',0,'',0,'','1'),('1371811521_13143','Prachin Buri','25','1211','','',3143,0,'',0,'',0,'','1'),('1371811521_13144','Prachuap Khiri Khan','77','1211','','',3144,0,'',0,'',0,'','1'),('1371811521_13145','Ranong','85','1211','','',3145,0,'',0,'',0,'','1'),('1371811521_13146','Ratchaburi','70','1211','','',3146,0,'',0,'',0,'','1'),('1371811521_13147','Rayong','21','1211','','',3147,0,'',0,'',0,'','1'),('1371811521_13148','Roi Et','45','1211','','',3148,0,'',0,'',0,'','1'),('1371811521_13149','Sa Kaeo','27','1211','','',3149,0,'',0,'',0,'','1'),('1371811521_13150','Sakon Nakhon','47','1211','','',3150,0,'',0,'',0,'','1'),('1371811521_13151','Samut Prakan','11','1211','','',3151,0,'',0,'',0,'','1'),('1371811521_13152','Samut Sakhon','74','1211','','',3152,0,'',0,'',0,'','1'),('1371811521_13153','Samut Songkhram','75','1211','','',3153,0,'',0,'',0,'','1'),('1371811521_13154','Saraburi','19','1211','','',3154,0,'',0,'',0,'','1'),('1371811521_13155','Satun','91','1211','','',3155,0,'',0,'',0,'','1'),('1371811521_13156','Sing Buri','17','1211','','',3156,0,'',0,'',0,'','1'),('1371811521_13157','Si Sa Ket','33','1211','','',3157,0,'',0,'',0,'','1'),('1371811521_13158','Songkhla','90','1211','','',3158,0,'',0,'',0,'','1'),('1371811521_13159','Sukhothai','64','1211','','',3159,0,'',0,'',0,'','1'),('1371811521_13160','Suphan Buri','72','1211','','',3160,0,'',0,'',0,'','1'),('1371811521_13161','Surat Thani','84','1211','','',3161,0,'',0,'',0,'','1'),('1371811521_13162','Surin','32','1211','','',3162,0,'',0,'',0,'','1'),('1371811521_13163','Tak','63','1211','','',3163,0,'',0,'',0,'','1'),('1371811521_13164','Trang','92','1211','','',3164,0,'',0,'',0,'','1'),('1371811521_13165','Trat','23','1211','','',3165,0,'',0,'',0,'','1'),('1371811521_13166','Ubon Ratchathani','34','1211','','',3166,0,'',0,'',0,'','1'),('1371811521_13167','Udon Thani','41','1211','','',3167,0,'',0,'',0,'','1'),('1371811521_13168','Uthai Thani','61','1211','','',3168,0,'',0,'',0,'','1'),('1371811521_13169','Uttaradit','53','1211','','',3169,0,'',0,'',0,'','1'),('1371811521_13170','Yala','95','1211','','',3170,0,'',0,'',0,'','1'),('1371811521_13171','Yasothon','35','1211','','',3171,0,'',0,'',0,'','1'),('1371811521_13172','Sughd','SU','1209','','',3172,0,'',0,'',0,'','1'),('1371811521_13173','Khatlon','KT','1209','','',3173,0,'',0,'',0,'','1'),('1371811521_13174','Gorno-Badakhshan','GB','1209','','',3174,0,'',0,'',0,'','1'),('1371811521_13175','Ahal','A','1220','','',3175,0,'',0,'',0,'','1'),('1371811521_13176','Balkan','B','1220','','',3176,0,'',0,'',0,'','1'),('1371811521_13177','Dasoguz','D','1220','','',3177,0,'',0,'',0,'','1'),('1371811521_13178','Lebap','L','1220','','',3178,0,'',0,'',0,'','1'),('1371811521_13179','Mary','M','1220','','',3179,0,'',0,'',0,'','1'),('1371811521_13180','Bja','31','1218','','',3180,0,'',0,'',0,'','1'),('1371811521_13181','Ben Arous','13','1218','','',3181,0,'',0,'',0,'','1'),('1371811521_13182','Bizerte','23','1218','','',3182,0,'',0,'',0,'','1'),('1371811521_13183','Gab','81','1218','','',3183,0,'',0,'',0,'','1'),('1371811521_13184','Gafsa','71','1218','','',3184,0,'',0,'',0,'','1'),('1371811521_13185','Jendouba','32','1218','','',3185,0,'',0,'',0,'','1'),('1371811521_13186','Kairouan','41','1218','','',3186,0,'',0,'',0,'','1'),('1371811521_13187','Rasserine','42','1218','','',3187,0,'',0,'',0,'','1'),('1371811521_13188','Kebili','73','1218','','',3188,0,'',0,'',0,'','1'),('1371811521_13189','L Ariana','12','1218','','',3189,0,'',0,'',0,'','1'),('1371811521_13190','Le Ref','33','1218','','',3190,0,'',0,'',0,'','1'),('1371811521_13191','Mahdia','53','1218','','',3191,0,'',0,'',0,'','1'),('1371811521_13192','La Manouba','14','1218','','',3192,0,'',0,'',0,'','1'),('1371811521_13193','Medenine','82','1218','','',3193,0,'',0,'',0,'','1'),('1371811521_13194','Moneatir','52','1218','','',3194,0,'',0,'',0,'','1'),('1371811521_13195','Naboul','21','1218','','',3195,0,'',0,'',0,'','1'),('1371811521_13196','Sfax','61','1218','','',3196,0,'',0,'',0,'','1'),('1371811521_13197','Sidi Bouxid','43','1218','','',3197,0,'',0,'',0,'','1'),('1371811521_13198','Siliana','34','1218','','',3198,0,'',0,'',0,'','1'),('1371811521_13199','Sousse','51','1218','','',3199,0,'',0,'',0,'','1'),('1371811521_13200','Tataouine','83','1218','','',3200,0,'',0,'',0,'','1'),('1371811521_13201','Tozeur','72','1218','','',3201,0,'',0,'',0,'','1'),('1371811521_13202','Tunis','11','1218','','',3202,0,'',0,'',0,'','1'),('1371811521_13203','Zaghouan','22','1218','','',3203,0,'',0,'',0,'','1'),('1371811521_13204','Adana','01','1219','','',3204,0,'',0,'',0,'','1'),('1371811521_13205','Ad yaman','02','1219','','',3205,0,'',0,'',0,'','1'),('1371811521_13206','Afyon','03','1219','','',3206,0,'',0,'',0,'','1'),('1371811521_13207','Ag r','04','1219','','',3207,0,'',0,'',0,'','1'),('1371811521_13208','Aksaray','68','1219','','',3208,0,'',0,'',0,'','1'),('1371811521_13209','Amasya','05','1219','','',3209,0,'',0,'',0,'','1'),('1371811521_13210','Ankara','06','1219','','',3210,0,'',0,'',0,'','1'),('1371811521_13211','Antalya','07','1219','','',3211,0,'',0,'',0,'','1'),('1371811521_13212','Ardahan','75','1219','','',3212,0,'',0,'',0,'','1'),('1371811521_13213','Artvin','08','1219','','',3213,0,'',0,'',0,'','1'),('1371811521_13214','Aydin','09','1219','','',3214,0,'',0,'',0,'','1'),('1371811521_13215','Bal kesir','10','1219','','',3215,0,'',0,'',0,'','1'),('1371811521_13216','Bartin','74','1219','','',3216,0,'',0,'',0,'','1'),('1371811521_13217','Batman','72','1219','','',3217,0,'',0,'',0,'','1'),('1371811521_13218','Bayburt','69','1219','','',3218,0,'',0,'',0,'','1'),('1371811521_13219','Bilecik','11','1219','','',3219,0,'',0,'',0,'','1'),('1371811521_13220','Bingol','12','1219','','',3220,0,'',0,'',0,'','1'),('1371811521_13221','Bitlis','13','1219','','',3221,0,'',0,'',0,'','1'),('1371811521_13222','Bolu','14','1219','','',3222,0,'',0,'',0,'','1'),('1371811521_13223','Burdur','15','1219','','',3223,0,'',0,'',0,'','1'),('1371811521_13224','Bursa','16','1219','','',3224,0,'',0,'',0,'','1'),('1371811521_13225','Canakkale','17','1219','','',3225,0,'',0,'',0,'','1'),('1371811521_13226','Cankir','18','1219','','',3226,0,'',0,'',0,'','1'),('1371811521_13227','Corum','19','1219','','',3227,0,'',0,'',0,'','1'),('1371811521_13228','Denizli','20','1219','','',3228,0,'',0,'',0,'','1'),('1371811521_13229','Diyarbakir','21','1219','','',3229,0,'',0,'',0,'','1'),('1371811521_13230','Duzce','81','1219','','',3230,0,'',0,'',0,'','1'),('1371811521_13231','Edirne','22','1219','','',3231,0,'',0,'',0,'','1'),('1371811521_13232','Elazig','23','1219','','',3232,0,'',0,'',0,'','1'),('1371811521_13233','Erzincan','24','1219','','',3233,0,'',0,'',0,'','1'),('1371811521_13234','Erzurum','25','1219','','',3234,0,'',0,'',0,'','1'),('1371811521_13235','Eskis ehir','26','1219','','',3235,0,'',0,'',0,'','1'),('1371811521_13236','Gaziantep','27','1219','','',3236,0,'',0,'',0,'','1'),('1371811521_13237','Giresun','28','1219','','',3237,0,'',0,'',0,'','1'),('1371811521_13238','Gms hane','29','1219','','',3238,0,'',0,'',0,'','1'),('1371811521_13239','Hakkari','30','1219','','',3239,0,'',0,'',0,'','1'),('1371811521_13240','Hatay','31','1219','','',3240,0,'',0,'',0,'','1'),('1371811521_13241','Igidir','76','1219','','',3241,0,'',0,'',0,'','1'),('1371811521_13242','Isparta','32','1219','','',3242,0,'',0,'',0,'','1'),('1371811521_13243','Icel','33','1219','','',3243,0,'',0,'',0,'','1'),('1371811521_13244','Istanbul','34','1219','','',3244,0,'',0,'',0,'','1'),('1371811521_13245','Izmir','35','1219','','',3245,0,'',0,'',0,'','1'),('1371811521_13246','Kahramanmaras','46','1219','','',3246,0,'',0,'',0,'','1'),('1371811521_13247','Karabk','78','1219','','',3247,0,'',0,'',0,'','1'),('1371811521_13248','Karaman','70','1219','','',3248,0,'',0,'',0,'','1'),('1371811521_13249','Kars','36','1219','','',3249,0,'',0,'',0,'','1'),('1371811521_13250','Kastamonu','37','1219','','',3250,0,'',0,'',0,'','1'),('1371811521_13251','Kayseri','38','1219','','',3251,0,'',0,'',0,'','1'),('1371811521_13252','Kirikkale','71','1219','','',3252,0,'',0,'',0,'','1'),('1371811521_13253','Kirklareli','39','1219','','',3253,0,'',0,'',0,'','1'),('1371811521_13254','Kirs ehir','40','1219','','',3254,0,'',0,'',0,'','1'),('1371811521_13255','Kilis','79','1219','','',3255,0,'',0,'',0,'','1'),('1371811521_13256','Kocaeli','41','1219','','',3256,0,'',0,'',0,'','1'),('1371811521_13257','Konya','42','1219','','',3257,0,'',0,'',0,'','1'),('1371811521_13258','Ktahya','43','1219','','',3258,0,'',0,'',0,'','1'),('1371811521_13259','Malatya','44','1219','','',3259,0,'',0,'',0,'','1'),('1371811521_13260','Manisa','45','1219','','',3260,0,'',0,'',0,'','1'),('1371811521_13261','Mardin','47','1219','','',3261,0,'',0,'',0,'','1'),('1371811521_13262','Mugila','48','1219','','',3262,0,'',0,'',0,'','1'),('1371811521_13263','Mus','49','1219','','',3263,0,'',0,'',0,'','1'),('1371811521_13264','Nevs ehir','50','1219','','',3264,0,'',0,'',0,'','1'),('1371811521_13265','Nigide','51','1219','','',3265,0,'',0,'',0,'','1'),('1371811521_13266','Ordu','52','1219','','',3266,0,'',0,'',0,'','1'),('1371811521_13267','Osmaniye','80','1219','','',3267,0,'',0,'',0,'','1'),('1371811521_13268','Rize','53','1219','','',3268,0,'',0,'',0,'','1'),('1371811521_13269','Sakarya','54','1219','','',3269,0,'',0,'',0,'','1'),('1371811521_13270','Samsun','55','1219','','',3270,0,'',0,'',0,'','1'),('1371811521_13271','Siirt','56','1219','','',3271,0,'',0,'',0,'','1'),('1371811521_13272','Sinop','57','1219','','',3272,0,'',0,'',0,'','1'),('1371811521_13273','Sivas','58','1219','','',3273,0,'',0,'',0,'','1'),('1371811521_13274','S anliurfa','63','1219','','',3274,0,'',0,'',0,'','1'),('1371811521_13275','S rnak','73','1219','','',3275,0,'',0,'',0,'','1'),('1371811521_13276','Tekirdag','59','1219','','',3276,0,'',0,'',0,'','1'),('1371811521_13277','Tokat','60','1219','','',3277,0,'',0,'',0,'','1'),('1371811521_13278','Trabzon','61','1219','','',3278,0,'',0,'',0,'','1'),('1371811521_13279','Tunceli','62','1219','','',3279,0,'',0,'',0,'','1'),('1371811521_13280','Us ak','64','1219','','',3280,0,'',0,'',0,'','1'),('1371811521_13281','Van','65','1219','','',3281,0,'',0,'',0,'','1'),('1371811521_13282','Yalova','77','1219','','',3282,0,'',0,'',0,'','1'),('1371811521_13283','Yozgat','66','1219','','',3283,0,'',0,'',0,'','1'),('1371811521_13284','Zonguldak','67','1219','','',3284,0,'',0,'',0,'','1'),('1371811521_13285','Couva-Tabaquite-Talparo','CTT','1217','','',3285,0,'',0,'',0,'','1'),('1371811521_13286','Diego Martin','DMN','1217','','',3286,0,'',0,'',0,'','1'),('1371811521_13287','Eastern Tobago','ETO','1217','','',3287,0,'',0,'',0,'','1'),('1371811521_13288','Penal-Debe','PED','1217','','',3288,0,'',0,'',0,'','1'),('1371811521_13289','Princes Town','PRT','1217','','',3289,0,'',0,'',0,'','1'),('1371811521_13290','Rio Claro-Mayaro','RCM','1217','','',3290,0,'',0,'',0,'','1'),('1371811521_13291','Sangre Grande','SGE','1217','','',3291,0,'',0,'',0,'','1'),('1371811521_13292','San Juan-Laventille','SJL','1217','','',3292,0,'',0,'',0,'','1'),('1371811521_13293','Siparia','SIP','1217','','',3293,0,'',0,'',0,'','1'),('1371811521_13294','Tunapuna-Piarco','TUP','1217','','',3294,0,'',0,'',0,'','1'),('1371811521_13295','Western Tobago','WTO','1217','','',3295,0,'',0,'',0,'','1'),('1371811521_13296','Arima','ARI','1217','','',3296,0,'',0,'',0,'','1'),('1371811521_13297','Chaguanas','CHA','1217','','',3297,0,'',0,'',0,'','1'),('1371811521_13298','Point Fortin','PTF','1217','','',3298,0,'',0,'',0,'','1'),('1371811521_13299','Port of Spain','POS','1217','','',3299,0,'',0,'',0,'','1'),('1371811521_13300','San Fernando','SFO','1217','','',3300,0,'',0,'',0,'','1'),('1371811521_13301','Aileu','AL','1063','','',3301,0,'',0,'',0,'','1'),('1371811521_13302','Ainaro','AN','1063','','',3302,0,'',0,'',0,'','1'),('1371811521_13303','Bacucau','BA','1063','','',3303,0,'',0,'',0,'','1'),('1371811521_13304','Bobonaro','BO','1063','','',3304,0,'',0,'',0,'','1'),('1371811521_13305','Cova Lima','CO','1063','','',3305,0,'',0,'',0,'','1'),('1371811521_13306','Dili','DI','1063','','',3306,0,'',0,'',0,'','1'),('1371811521_13307','Ermera','ER','1063','','',3307,0,'',0,'',0,'','1'),('1371811521_13308','Laulem','LA','1063','','',3308,0,'',0,'',0,'','1'),('1371811521_13309','Liquica','LI','1063','','',3309,0,'',0,'',0,'','1'),('1371811521_13310','Manatuto','MT','1063','','',3310,0,'',0,'',0,'','1'),('1371811521_13311','Manafahi','MF','1063','','',3311,0,'',0,'',0,'','1'),('1371811521_13312','Oecussi','OE','1063','','',3312,0,'',0,'',0,'','1'),('1371811521_13313','Viqueque','VI','1063','','',3313,0,'',0,'',0,'','1'),('1371811521_13314','Changhua','CHA','1208','','',3314,0,'',0,'',0,'','1'),('1371811521_13315','Chiayi','CYQ','1208','','',3315,0,'',0,'',0,'','1'),('1371811521_13316','Hsinchu','HSQ','1208','','',3316,0,'',0,'',0,'','1'),('1371811521_13317','Hualien','HUA','1208','','',3317,0,'',0,'',0,'','1'),('1371811521_13318','Ilan','ILA','1208','','',3318,0,'',0,'',0,'','1'),('1371811521_13319','Kaohsiung','KHQ','1208','','',3319,0,'',0,'',0,'','1'),('1371811521_13320','Miaoli','MIA','1208','','',3320,0,'',0,'',0,'','1'),('1371811521_13321','Nantou','NAN','1208','','',3321,0,'',0,'',0,'','1'),('1371811521_13322','Penghu','PEN','1208','','',3322,0,'',0,'',0,'','1'),('1371811521_13323','Pingtung','PIF','1208','','',3323,0,'',0,'',0,'','1'),('1371811521_13324','Taichung','TXQ','1208','','',3324,0,'',0,'',0,'','1'),('1371811521_13325','Tainan','TNQ','1208','','',3325,0,'',0,'',0,'','1'),('1371811521_13326','Taipei','TPQ','1208','','',3326,0,'',0,'',0,'','1'),('1371811521_13327','Taitung','TTT','1208','','',3327,0,'',0,'',0,'','1'),('1371811521_13328','Taoyuan','TAO','1208','','',3328,0,'',0,'',0,'','1'),('1371811521_13329','Yunlin','YUN','1208','','',3329,0,'',0,'',0,'','1'),('1371811521_13330','Keelung','KEE','1208','','',3330,0,'',0,'',0,'','1'),('1371811521_13331','Arusha','01','1210','','',3331,0,'',0,'',0,'','1'),('1371811521_13332','Dar-es-Salaam','02','1210','','',3332,0,'',0,'',0,'','1'),('1371811521_13333','Dodoma','03','1210','','',3333,0,'',0,'',0,'','1'),('1371811521_13334','Iringa','04','1210','','',3334,0,'',0,'',0,'','1'),('1371811521_13335','Kagera','05','1210','','',3335,0,'',0,'',0,'','1'),('1371811521_13336','Kaskazini Pemba','06','1210','','',3336,0,'',0,'',0,'','1'),('1371811521_13337','Kaskazini Unguja','07','1210','','',3337,0,'',0,'',0,'','1'),('1371811521_13338','Xigoma','08','1210','','',3338,0,'',0,'',0,'','1'),('1371811521_13339','Kilimanjaro','09','1210','','',3339,0,'',0,'',0,'','1'),('1371811521_13340','Rusini Pemba','10','1210','','',3340,0,'',0,'',0,'','1'),('1371811521_13341','Kusini Unguja','11','1210','','',3341,0,'',0,'',0,'','1'),('1371811521_13342','Lindi','12','1210','','',3342,0,'',0,'',0,'','1'),('1371811521_13343','Manyara','26','1210','','',3343,0,'',0,'',0,'','1'),('1371811521_13344','Mara','13','1210','','',3344,0,'',0,'',0,'','1'),('1371811521_13345','Mbeya','14','1210','','',3345,0,'',0,'',0,'','1'),('1371811521_13346','Mjini Magharibi','15','1210','','',3346,0,'',0,'',0,'','1'),('1371811521_13347','Morogoro','16','1210','','',3347,0,'',0,'',0,'','1'),('1371811521_13348','Mtwara','17','1210','','',3348,0,'',0,'',0,'','1'),('1371811521_13349','Pwani','19','1210','','',3349,0,'',0,'',0,'','1'),('1371811521_13350','Rukwa','20','1210','','',3350,0,'',0,'',0,'','1'),('1371811521_13351','Ruvuma','21','1210','','',3351,0,'',0,'',0,'','1'),('1371811521_13352','Shinyanga','22','1210','','',3352,0,'',0,'',0,'','1'),('1371811521_13353','Singida','23','1210','','',3353,0,'',0,'',0,'','1'),('1371811521_13354','Tabora','24','1210','','',3354,0,'',0,'',0,'','1'),('1371811521_13355','Tanga','25','1210','','',3355,0,'',0,'',0,'','1'),('1371811521_13356','Cherkas ka Oblast ','71','1224','','',3356,0,'',0,'',0,'','1'),('1371811521_13357','Chernihivs ka Oblast ','74','1224','','',3357,0,'',0,'',0,'','1'),('1371811521_13358','Chernivets ka Oblast ','77','1224','','',3358,0,'',0,'',0,'','1'),('1371811521_13359','Dnipropetrovs ka Oblast ','12','1224','','',3359,0,'',0,'',0,'','1'),('1371811521_13360','Donets ka Oblast ','14','1224','','',3360,0,'',0,'',0,'','1'),('1371811521_13361','Ivano-Frankivs ka Oblast ','26','1224','','',3361,0,'',0,'',0,'','1'),('1371811521_13362','Kharkivs ka Oblast ','63','1224','','',3362,0,'',0,'',0,'','1'),('1371811521_13363','Khersons ka Oblast ','65','1224','','',3363,0,'',0,'',0,'','1'),('1371811521_13364','Khmel nyts ka Oblast ','68','1224','','',3364,0,'',0,'',0,'','1'),('1371811521_13365','Kirovohrads ka Oblast ','35','1224','','',3365,0,'',0,'',0,'','1'),('1371811521_13366','Kyivs ka Oblast ','32','1224','','',3366,0,'',0,'',0,'','1'),('1371811521_13367','Luhans ka Oblast ','09','1224','','',3367,0,'',0,'',0,'','1'),('1371811521_13368','L vivs ka Oblast ','46','1224','','',3368,0,'',0,'',0,'','1'),('1371811521_13369','Mykolaivs ka Oblast ','48','1224','','',3369,0,'',0,'',0,'','1'),('1371811521_13370','Odes  ka Oblast ','51','1224','','',3370,0,'',0,'',0,'','1'),('1371811521_13371','Poltavs ka Oblast ','53','1224','','',3371,0,'',0,'',0,'','1'),('1371811521_13372','Rivnens ka Oblast ','56','1224','','',3372,0,'',0,'',0,'','1'),('1371811521_13373','Sums  ka Oblast ','59','1224','','',3373,0,'',0,'',0,'','1'),('1371811521_13374','Ternopil s ka Oblast ','61','1224','','',3374,0,'',0,'',0,'','1'),('1371811521_13375','Vinnyts ka Oblast ','05','1224','','',3375,0,'',0,'',0,'','1'),('1371811521_13376','Volyos ka Oblast ','07','1224','','',3376,0,'',0,'',0,'','1'),('1371811521_13377','Zakarpats ka Oblast ','21','1224','','',3377,0,'',0,'',0,'','1'),('1371811521_13378','Zaporiz ka Oblast ','23','1224','','',3378,0,'',0,'',0,'','1'),('1371811521_13379','Zhytomyrs ka Oblast ','18','1224','','',3379,0,'',0,'',0,'','1'),('1371811521_13380','Respublika Krym','43','1224','','',3380,0,'',0,'',0,'','1'),('1371811521_13381','Kyiv','30','1224','','',3381,0,'',0,'',0,'','1'),('1371811521_13382','Sevastopol','40','1224','','',3382,0,'',0,'',0,'','1'),('1371811521_13383','Adjumani','301','1223','','',3383,0,'',0,'',0,'','1'),('1371811521_13384','Apac','302','1223','','',3384,0,'',0,'',0,'','1'),('1371811521_13385','Arua','303','1223','','',3385,0,'',0,'',0,'','1'),('1371811521_13386','Bugiri','201','1223','','',3386,0,'',0,'',0,'','1'),('1371811521_13387','Bundibugyo','401','1223','','',3387,0,'',0,'',0,'','1'),('1371811521_13388','Bushenyi','402','1223','','',3388,0,'',0,'',0,'','1'),('1371811521_13389','Busia','202','1223','','',3389,0,'',0,'',0,'','1'),('1371811521_13390','Gulu','304','1223','','',3390,0,'',0,'',0,'','1'),('1371811521_13391','Hoima','403','1223','','',3391,0,'',0,'',0,'','1'),('1371811521_13392','Iganga','203','1223','','',3392,0,'',0,'',0,'','1'),('1371811521_13393','Jinja','204','1223','','',3393,0,'',0,'',0,'','1'),('1371811521_13394','Kabale','404','1223','','',3394,0,'',0,'',0,'','1'),('1371811521_13395','Kabarole','405','1223','','',3395,0,'',0,'',0,'','1'),('1371811521_13396','Kaberamaido','213','1223','','',3396,0,'',0,'',0,'','1'),('1371811521_13397','Kalangala','101','1223','','',3397,0,'',0,'',0,'','1'),('1371811521_13398','Kampala','102','1223','','',3398,0,'',0,'',0,'','1'),('1371811521_13399','Kamuli','205','1223','','',3399,0,'',0,'',0,'','1'),('1371811521_13400','Kamwenge','413','1223','','',3400,0,'',0,'',0,'','1'),('1371811521_13401','Kanungu','414','1223','','',3401,0,'',0,'',0,'','1'),('1371811521_13402','Kapchorwa','206','1223','','',3402,0,'',0,'',0,'','1'),('1371811521_13403','Kasese','406','1223','','',3403,0,'',0,'',0,'','1'),('1371811521_13404','Katakwi','207','1223','','',3404,0,'',0,'',0,'','1'),('1371811521_13405','Kayunga','112','1223','','',3405,0,'',0,'',0,'','1'),('1371811521_13406','Kibaale','407','1223','','',3406,0,'',0,'',0,'','1'),('1371811521_13407','Kiboga','103','1223','','',3407,0,'',0,'',0,'','1'),('1371811521_13408','Kisoro','408','1223','','',3408,0,'',0,'',0,'','1'),('1371811521_13409','Kitgum','305','1223','','',3409,0,'',0,'',0,'','1'),('1371811521_13410','Kotido','306','1223','','',3410,0,'',0,'',0,'','1'),('1371811521_13411','Kumi','208','1223','','',3411,0,'',0,'',0,'','1'),('1371811521_13412','Kyenjojo','415','1223','','',3412,0,'',0,'',0,'','1'),('1371811521_13413','Lira','307','1223','','',3413,0,'',0,'',0,'','1'),('1371811521_13414','Luwero','104','1223','','',3414,0,'',0,'',0,'','1'),('1371811521_13415','Masaka','105','1223','','',3415,0,'',0,'',0,'','1'),('1371811521_13416','Masindi','409','1223','','',3416,0,'',0,'',0,'','1'),('1371811521_13417','Mayuge','214','1223','','',3417,0,'',0,'',0,'','1'),('1371811521_13418','Mbale','209','1223','','',3418,0,'',0,'',0,'','1'),('1371811521_13419','Mbarara','410','1223','','',3419,0,'',0,'',0,'','1'),('1371811521_13420','Moroto','308','1223','','',3420,0,'',0,'',0,'','1'),('1371811521_13421','Moyo','309','1223','','',3421,0,'',0,'',0,'','1'),('1371811521_13422','Mpigi','106','1223','','',3422,0,'',0,'',0,'','1'),('1371811522_13423','Mubende','107','1223','','',3423,0,'',0,'',0,'','1'),('1371811522_13424','Mukono','108','1223','','',3424,0,'',0,'',0,'','1'),('1371811522_13425','Nakapiripirit','311','1223','','',3425,0,'',0,'',0,'','1'),('1371811522_13426','Nakasongola','109','1223','','',3426,0,'',0,'',0,'','1'),('1371811522_13427','Nebbi','310','1223','','',3427,0,'',0,'',0,'','1'),('1371811522_13428','Ntungamo','411','1223','','',3428,0,'',0,'',0,'','1'),('1371811522_13429','Pader','312','1223','','',3429,0,'',0,'',0,'','1'),('1371811522_13430','Pallisa','210','1223','','',3430,0,'',0,'',0,'','1'),('1371811522_13431','Rakai','110','1223','','',3431,0,'',0,'',0,'','1'),('1371811522_13432','Rukungiri','412','1223','','',3432,0,'',0,'',0,'','1'),('1371811522_13433','Sembabule','111','1223','','',3433,0,'',0,'',0,'','1'),('1371811522_13434','Sironko','215','1223','','',3434,0,'',0,'',0,'','1'),('1371811522_13435','Soroti','211','1223','','',3435,0,'',0,'',0,'','1'),('1371811522_13436','Tororo','212','1223','','',3436,0,'',0,'',0,'','1'),('1371811522_13437','Wakiso','113','1223','','',3437,0,'',0,'',0,'','1'),('1371811522_13438','Yumbe','313','1223','','',3438,0,'',0,'',0,'','1'),('1371811522_13439','Baker Island','81','1227','','',3439,0,'',0,'',0,'','1'),('1371811522_13440','Howland Island','84','1227','','',3440,0,'',0,'',0,'','1'),('1371811522_13441','Jarvis Island','86','1227','','',3441,0,'',0,'',0,'','1'),('1371811522_13442','Johnston Atoll','67','1227','','',3442,0,'',0,'',0,'','1'),('1371811522_13443','Kingman Reef','89','1227','','',3443,0,'',0,'',0,'','1'),('1371811522_13444','Midway Islands','71','1227','','',3444,0,'',0,'',0,'','1'),('1371811522_13445','Navassa Island','76','1227','','',3445,0,'',0,'',0,'','1'),('1371811522_13446','Palmyra Atoll','95','1227','','',3446,0,'',0,'',0,'','1'),('1371811522_13447','Wake Ialand','79','1227','','',3447,0,'',0,'',0,'','1'),('1371811522_13448','Artigsa','AR','1229','','',3448,0,'',0,'',0,'','1'),('1371811522_13449','Canelones','CA','1229','','',3449,0,'',0,'',0,'','1'),('1371811522_13450','Cerro Largo','CL','1229','','',3450,0,'',0,'',0,'','1'),('1371811522_13451','Colonia','CO','1229','','',3451,0,'',0,'',0,'','1'),('1371811522_13452','Durazno','DU','1229','','',3452,0,'',0,'',0,'','1'),('1371811522_13453','Flores','FS','1229','','',3453,0,'',0,'',0,'','1'),('1371811522_13454','Lavalleja','LA','1229','','',3454,0,'',0,'',0,'','1'),('1371811522_13455','Maldonado','MA','1229','','',3455,0,'',0,'',0,'','1'),('1371811522_13456','Montevideo','MO','1229','','',3456,0,'',0,'',0,'','1'),('1371811522_13457','Paysandu','PA','1229','','',3457,0,'',0,'',0,'','1'),('1371811522_13458','Rivera','RV','1229','','',3458,0,'',0,'',0,'','1'),('1371811522_13459','Rocha','RO','1229','','',3459,0,'',0,'',0,'','1'),('1371811522_13460','Salto','SA','1229','','',3460,0,'',0,'',0,'','1'),('1371811522_13461','Soriano','SO','1229','','',3461,0,'',0,'',0,'','1'),('1371811522_13462','Tacuarembo','TA','1229','','',3462,0,'',0,'',0,'','1'),('1371811522_13463','Treinta y Tres','TT','1229','','',3463,0,'',0,'',0,'','1'),('1371811522_13464','Toshkent (city)','TK','1230','','',3464,0,'',0,'',0,'','1'),('1371811522_13465','Qoraqalpogiston Respublikasi','QR','1230','','',3465,0,'',0,'',0,'','1'),('1371811522_13466','Andijon','AN','1230','','',3466,0,'',0,'',0,'','1'),('1371811522_13467','Buxoro','BU','1230','','',3467,0,'',0,'',0,'','1'),('1371811522_13468','Farg ona','FA','1230','','',3468,0,'',0,'',0,'','1'),('1371811522_13469','Jizzax','JI','1230','','',3469,0,'',0,'',0,'','1'),('1371811522_13470','Khorazm','KH','1230','','',3470,0,'',0,'',0,'','1'),('1371811522_13471','Namangan','NG','1230','','',3471,0,'',0,'',0,'','1'),('1371811522_13472','Navoiy','NW','1230','','',3472,0,'',0,'',0,'','1'),('1371811522_13473','Qashqadaryo','QA','1230','','',3473,0,'',0,'',0,'','1'),('1371811522_13474','Samarqand','SA','1230','','',3474,0,'',0,'',0,'','1'),('1371811522_13475','Sirdaryo','SI','1230','','',3475,0,'',0,'',0,'','1'),('1371811522_13476','Surxondaryo','SU','1230','','',3476,0,'',0,'',0,'','1'),('1371811522_13477','Toshkent','TO','1230','','',3477,0,'',0,'',0,'','1'),('1371811522_13478','Xorazm','XO','1230','','',3478,0,'',0,'',0,'','1'),('1371811522_13479','Diatrito Federal','A','1232','','',3479,0,'',0,'',0,'','1'),('1371811522_13480','Anzoategui','B','1232','','',3480,0,'',0,'',0,'','1'),('1371811522_13481','Apure','C','1232','','',3481,0,'',0,'',0,'','1'),('1371811522_13482','Aragua','D','1232','','',3482,0,'',0,'',0,'','1'),('1371811522_13483','Barinas','E','1232','','',3483,0,'',0,'',0,'','1'),('1371811522_13484','Carabobo','G','1232','','',3484,0,'',0,'',0,'','1'),('1371811522_13485','Cojedes','H','1232','','',3485,0,'',0,'',0,'','1'),('1371811522_13486','Falcon','I','1232','','',3486,0,'',0,'',0,'','1'),('1371811522_13487','Guarico','J','1232','','',3487,0,'',0,'',0,'','1'),('1371811522_13488','Lara','K','1232','','',3488,0,'',0,'',0,'','1'),('1371811522_13489','Merida','L','1232','','',3489,0,'',0,'',0,'','1'),('1371811522_13490','Miranda','M','1232','','',3490,0,'',0,'',0,'','1'),('1371811522_13491','Monagas','N','1232','','',3491,0,'',0,'',0,'','1'),('1371811522_13492','Nueva Esparta','O','1232','','',3492,0,'',0,'',0,'','1'),('1371811522_13493','Portuguesa','P','1232','','',3493,0,'',0,'',0,'','1'),('1371811522_13494','Tachira','S','1232','','',3494,0,'',0,'',0,'','1'),('1371811522_13495','Trujillo','T','1232','','',3495,0,'',0,'',0,'','1'),('1371811522_13496','Vargas','X','1232','','',3496,0,'',0,'',0,'','1'),('1371811522_13497','Yaracuy','U','1232','','',3497,0,'',0,'',0,'','1'),('1371811522_13498','Zulia','V','1232','','',3498,0,'',0,'',0,'','1'),('1371811522_13499','Delta Amacuro','Y','1232','','',3499,0,'',0,'',0,'','1'),('1371811522_13500','Dependencias Federales','W','1232','','',3500,0,'',0,'',0,'','1'),('1371811522_13501','An Giang','44','1233','','',3501,0,'',0,'',0,'','1'),('1371811522_13502','Ba Ria - Vung Tau','43','1233','','',3502,0,'',0,'',0,'','1'),('1371811522_13503','Bac Can','53','1233','','',3503,0,'',0,'',0,'','1'),('1371811522_13504','Bac Giang','54','1233','','',3504,0,'',0,'',0,'','1'),('1371811522_13505','Bac Lieu','55','1233','','',3505,0,'',0,'',0,'','1'),('1371811522_13506','Bac Ninh','56','1233','','',3506,0,'',0,'',0,'','1'),('1371811522_13507','Ben Tre','50','1233','','',3507,0,'',0,'',0,'','1'),('1371811522_13508','Binh Dinh','31','1233','','',3508,0,'',0,'',0,'','1'),('1371811522_13509','Binh Duong','57','1233','','',3509,0,'',0,'',0,'','1'),('1371811522_13510','Binh Phuoc','58','1233','','',3510,0,'',0,'',0,'','1'),('1371811522_13511','Binh Thuan','40','1233','','',3511,0,'',0,'',0,'','1'),('1371811522_13512','Ca Mau','59','1233','','',3512,0,'',0,'',0,'','1'),('1371811522_13513','Can Tho','48','1233','','',3513,0,'',0,'',0,'','1'),('1371811522_13514','Cao Bang','04','1233','','',3514,0,'',0,'',0,'','1'),('1371811522_13515','Da Nang, thanh pho','60','1233','','',3515,0,'',0,'',0,'','1'),('1371811522_13516','Dong Nai','39','1233','','',3516,0,'',0,'',0,'','1'),('1371811522_13517','Dong Thap','45','1233','','',3517,0,'',0,'',0,'','1'),('1371811522_13518','Gia Lai','30','1233','','',3518,0,'',0,'',0,'','1'),('1371811522_13519','Ha Giang','03','1233','','',3519,0,'',0,'',0,'','1'),('1371811522_13520','Ha Nam','63','1233','','',3520,0,'',0,'',0,'','1'),('1371811522_13521','Ha Noi, thu do','64','1233','','',3521,0,'',0,'',0,'','1'),('1371811522_13522','Ha Tay','15','1233','','',3522,0,'',0,'',0,'','1'),('1371811522_13523','Ha Tinh','23','1233','','',3523,0,'',0,'',0,'','1'),('1371811522_13524','Hai Duong','61','1233','','',3524,0,'',0,'',0,'','1'),('1371811522_13525','Hai Phong, thanh pho','62','1233','','',3525,0,'',0,'',0,'','1'),('1371811522_13526','Hoa Binh','14','1233','','',3526,0,'',0,'',0,'','1'),('1371811522_13527','Ho Chi Minh, thanh pho [Sai Gon]','65','1233','','',3527,0,'',0,'',0,'','1'),('1371811522_13528','Hung Yen','66','1233','','',3528,0,'',0,'',0,'','1'),('1371811522_13529','Khanh Hoa','34','1233','','',3529,0,'',0,'',0,'','1'),('1371811522_13530','Kien Giang','47','1233','','',3530,0,'',0,'',0,'','1'),('1371811522_13531','Kon Tum','28','1233','','',3531,0,'',0,'',0,'','1'),('1371811522_13532','Lai Chau','01','1233','','',3532,0,'',0,'',0,'','1'),('1371811522_13533','Lam Dong','35','1233','','',3533,0,'',0,'',0,'','1'),('1371811522_13534','Lang Son','09','1233','','',3534,0,'',0,'',0,'','1'),('1371811522_13535','Lao Cai','02','1233','','',3535,0,'',0,'',0,'','1'),('1371811522_13536','Long An','41','1233','','',3536,0,'',0,'',0,'','1'),('1371811522_13537','Nam Dinh','67','1233','','',3537,0,'',0,'',0,'','1'),('1371811522_13538','Nghe An','22','1233','','',3538,0,'',0,'',0,'','1'),('1371811522_13539','Ninh Binh','18','1233','','',3539,0,'',0,'',0,'','1'),('1371811522_13540','Ninh Thuan','36','1233','','',3540,0,'',0,'',0,'','1'),('1371811522_13541','Phu Tho','68','1233','','',3541,0,'',0,'',0,'','1'),('1371811522_13542','Phu Yen','32','1233','','',3542,0,'',0,'',0,'','1'),('1371811522_13543','Quang Binh','24','1233','','',3543,0,'',0,'',0,'','1'),('1371811522_13544','Quang Nam','27','1233','','',3544,0,'',0,'',0,'','1'),('1371811522_13545','Quang Ngai','29','1233','','',3545,0,'',0,'',0,'','1'),('1371811522_13546','Quang Ninh','13','1233','','',3546,0,'',0,'',0,'','1'),('1371811522_13547','Quang Tri','25','1233','','',3547,0,'',0,'',0,'','1'),('1371811522_13548','Soc Trang','52','1233','','',3548,0,'',0,'',0,'','1'),('1371811522_13549','Son La','05','1233','','',3549,0,'',0,'',0,'','1'),('1371811522_13550','Tay Ninh','37','1233','','',3550,0,'',0,'',0,'','1'),('1371811522_13551','Thai Binh','20','1233','','',3551,0,'',0,'',0,'','1'),('1371811522_13552','Thai Nguyen','69','1233','','',3552,0,'',0,'',0,'','1'),('1371811522_13553','Thanh Hoa','21','1233','','',3553,0,'',0,'',0,'','1'),('1371811522_13554','Thua Thien-Hue','26','1233','','',3554,0,'',0,'',0,'','1'),('1371811522_13555','Tien Giang','46','1233','','',3555,0,'',0,'',0,'','1'),('1371811522_13556','Tra Vinh','51','1233','','',3556,0,'',0,'',0,'','1'),('1371811522_13557','Tuyen Quang','07','1233','','',3557,0,'',0,'',0,'','1'),('1371811522_13558','Vinh Long','49','1233','','',3558,0,'',0,'',0,'','1'),('1371811522_13559','Vinh Phuc','70','1233','','',3559,0,'',0,'',0,'','1'),('1371811522_13560','Yen Bai','06','1233','','',3560,0,'',0,'',0,'','1'),('1371811522_13561','Malampa','MAP','1231','','',3561,0,'',0,'',0,'','1'),('1371811522_13562','Penama','PAM','1231','','',3562,0,'',0,'',0,'','1'),('1371811522_13563','Sanma','SAM','1231','','',3563,0,'',0,'',0,'','1'),('1371811522_13564','Shefa','SEE','1231','','',3564,0,'',0,'',0,'','1'),('1371811522_13565','Tafea','TAE','1231','','',3565,0,'',0,'',0,'','1'),('1371811522_13566','Torba','TOB','1231','','',3566,0,'',0,'',0,'','1'),('1371811522_13567','A ana','AA','1185','','',3567,0,'',0,'',0,'','1'),('1371811522_13568','Aiga-i-le-Tai','AL','1185','','',3568,0,'',0,'',0,'','1'),('1371811522_13569','Atua','AT','1185','','',3569,0,'',0,'',0,'','1'),('1371811522_13570','Fa aaaleleaga','FA','1185','','',3570,0,'',0,'',0,'','1'),('1371811522_13571','Gaga emauga','GE','1185','','',3571,0,'',0,'',0,'','1'),('1371811522_13572','Gagaifomauga','GI','1185','','',3572,0,'',0,'',0,'','1'),('1371811522_13573','Palauli','PA','1185','','',3573,0,'',0,'',0,'','1'),('1371811522_13574','Satupa itea','SA','1185','','',3574,0,'',0,'',0,'','1'),('1371811522_13575','Tuamasaga','TU','1185','','',3575,0,'',0,'',0,'','1'),('1371811522_13576','Va a-o-Fonoti','VF','1185','','',3576,0,'',0,'',0,'','1'),('1371811522_13577','Vaisigano','VS','1185','','',3577,0,'',0,'',0,'','1'),('1371811522_13578','Crna Gora','CG','1238','','',3578,0,'',0,'',0,'','1'),('1371811522_13579','Srbija','SR','1238','','',3579,0,'',0,'',0,'','1'),('1371811522_13580','Kosovo-Metohija','KM','1238','','',3580,0,'',0,'',0,'','1'),('1371811522_13581','Vojvodina','VO','1238','','',3581,0,'',0,'',0,'','1'),('1371811522_13582','Abyan','AB','1237','','',3582,0,'',0,'',0,'','1'),('1371811522_13583','Adan','AD','1237','','',3583,0,'',0,'',0,'','1'),('1371811522_13584','Ad Dali','DA','1237','','',3584,0,'',0,'',0,'','1'),('1371811522_13585','Al Bayda ','BA','1237','','',3585,0,'',0,'',0,'','1'),('1371811522_13586','Al Hudaydah','MU','1237','','',3586,0,'',0,'',0,'','1'),('1371811522_13587','Al Mahrah','MR','1237','','',3587,0,'',0,'',0,'','1'),('1371811522_13588','Al Mahwit','MW','1237','','',3588,0,'',0,'',0,'','1'),('1371811522_13589','Amran','AM','1237','','',3589,0,'',0,'',0,'','1'),('1371811522_13590','Dhamar','DH','1237','','',3590,0,'',0,'',0,'','1'),('1371811522_13591','Hadramawt','HD','1237','','',3591,0,'',0,'',0,'','1'),('1371811522_13592','Hajjah','HJ','1237','','',3592,0,'',0,'',0,'','1'),('1371811522_13593','Ibb','IB','1237','','',3593,0,'',0,'',0,'','1'),('1371811522_13594','Lahij','LA','1237','','',3594,0,'',0,'',0,'','1'),('1371811522_13595','Ma rib','MA','1237','','',3595,0,'',0,'',0,'','1'),('1371811522_13596','Sa dah','SD','1237','','',3596,0,'',0,'',0,'','1'),('1371811522_13597','San a ','SN','1237','','',3597,0,'',0,'',0,'','1'),('1371811522_13598','Shabwah','SH','1237','','',3598,0,'',0,'',0,'','1'),('1371811522_13599','Ta izz','TA','1237','','',3599,0,'',0,'',0,'','1'),('1371811522_13600','Eastern Cape','EC','1196','','',3600,0,'',0,'',0,'','1'),('1371811522_13601','Free State','FS','1196','','',3601,0,'',0,'',0,'','1'),('1371811522_13602','Gauteng','GT','1196','','',3602,0,'',0,'',0,'','1'),('1371811522_13603','Kwazulu-Natal','NL','1196','','',3603,0,'',0,'',0,'','1'),('1371811522_13604','Mpumalanga','MP','1196','','',3604,0,'',0,'',0,'','1'),('1371811522_13605','Northern Cape','NC','1196','','',3605,0,'',0,'',0,'','1'),('1371811522_13606','Limpopo','NP','1196','','',3606,0,'',0,'',0,'','1'),('1371811522_13607','Western Cape','WC','1196','','',3607,0,'',0,'',0,'','1'),('1371811522_13608','Copperbelt','08','1239','','',3608,0,'',0,'',0,'','1'),('1371811522_13609','Luapula','04','1239','','',3609,0,'',0,'',0,'','1'),('1371811522_13610','Lusaka','09','1239','','',3610,0,'',0,'',0,'','1'),('1371811522_13611','North-Western','06','1239','','',3611,0,'',0,'',0,'','1'),('1371811522_13612','Bulawayo','BU','1240','','',3612,0,'',0,'',0,'','1'),('1371811522_13613','Harare','HA','1240','','',3613,0,'',0,'',0,'','1'),('1371811522_13614','Manicaland','MA','1240','','',3614,0,'',0,'',0,'','1'),('1371811522_13615','Mashonaland Central','MC','1240','','',3615,0,'',0,'',0,'','1'),('1371811522_13616','Mashonaland East','ME','1240','','',3616,0,'',0,'',0,'','1'),('1371811522_13617','Mashonaland West','MW','1240','','',3617,0,'',0,'',0,'','1'),('1371811522_13618','Masvingo','MV','1240','','',3618,0,'',0,'',0,'','1'),('1371811522_13619','Matabeleland North','MN','1240','','',3619,0,'',0,'',0,'','1'),('1371811522_13620','Matabeleland South','MS','1240','','',3620,0,'',0,'',0,'','1'),('1371811522_13621','Midlands','MI','1240','','',3621,0,'',0,'',0,'','1'),('1371811522_13622','South Karelia','SK','1075','','',3622,0,'',0,'',0,'','1'),('1371811522_13623','South Ostrobothnia','SO','1075','','',3623,0,'',0,'',0,'','1'),('1371811522_13624','Etel-Savo','ES','1075','','',3624,0,'',0,'',0,'','1'),('1371811522_13625','Hme','HH','1075','','',3625,0,'',0,'',0,'','1'),('1371811522_13626','It-Uusimaa','IU','1075','','',3626,0,'',0,'',0,'','1'),('1371811522_13627','Kainuu','KA','1075','','',3627,0,'',0,'',0,'','1'),('1371811522_13628','Central Ostrobothnia','CO','1075','','',3628,0,'',0,'',0,'','1'),('1371811522_13629','Central Finland','CF','1075','','',3629,0,'',0,'',0,'','1'),('1371811522_13630','Kymenlaakso','KY','1075','','',3630,0,'',0,'',0,'','1'),('1371811522_13631','Lapland','LA','1075','','',3631,0,'',0,'',0,'','1'),('1371811522_13632','Tampere Region','TR','1075','','',3632,0,'',0,'',0,'','1'),('1371811522_13633','Ostrobothnia','OB','1075','','',3633,0,'',0,'',0,'','1'),('1371811522_13634','North Karelia','NK','1075','','',3634,0,'',0,'',0,'','1'),('1371811522_13635','Nothern Ostrobothnia','NO','1075','','',3635,0,'',0,'',0,'','1'),('1371811522_13636','Northern Savo','NS','1075','','',3636,0,'',0,'',0,'','1'),('1371811522_13637','Pijt-Hme','PH','1075','','',3637,0,'',0,'',0,'','1'),('1371811522_13638','Satakunta','SK','1075','','',3638,0,'',0,'',0,'','1'),('1371811522_13639','Uusimaa','UM','1075','','',3639,0,'',0,'',0,'','1'),('1371811522_13640','South-West Finland','SW','1075','','',3640,0,'',0,'',0,'','1'),('1371811522_13641','land','AL','1075','','',3641,0,'',0,'',0,'','1'),('1371811522_13642','Limburg','LI','1152','','',3642,0,'',0,'',0,'','1'),('1371811522_13643','Central and Western','CW','1098','','',3643,0,'',0,'',0,'','1'),('1371811522_13644','Eastern','EA','1098','','',3644,0,'',0,'',0,'','1'),('1371811522_13645','Southern','SO','1098','','',3645,0,'',0,'',0,'','1'),('1371811522_13646','Wan Chai','WC','1098','','',3646,0,'',0,'',0,'','1'),('1371811522_13647','Kowloon City','KC','1098','','',3647,0,'',0,'',0,'','1'),('1371811522_13648','Kwun Tong','KU','1098','','',3648,0,'',0,'',0,'','1'),('1371811522_13649','Sham Shui Po','SS','1098','','',3649,0,'',0,'',0,'','1'),('1371811522_13650','Wong Tai Sin','WT','1098','','',3650,0,'',0,'',0,'','1'),('1371811522_13651','Yau Tsim Mong','YT','1098','','',3651,0,'',0,'',0,'','1'),('1371811522_13652','Islands','IS','1098','','',3652,0,'',0,'',0,'','1'),('1371811522_13653','Kwai Tsing','KI','1098','','',3653,0,'',0,'',0,'','1'),('1371811522_13654','North','NO','1098','','',3654,0,'',0,'',0,'','1'),('1371811522_13655','Sai Kung','SK','1098','','',3655,0,'',0,'',0,'','1'),('1371811522_13656','Sha Tin','ST','1098','','',3656,0,'',0,'',0,'','1'),('1371811522_13657','Tai Po','TP','1098','','',3657,0,'',0,'',0,'','1'),('1371811522_13658','Tsuen Wan','TW','1098','','',3658,0,'',0,'',0,'','1'),('1371811522_13659','Tuen Mun','TM','1098','','',3659,0,'',0,'',0,'','1'),('1371811522_13660','Yuen Long','YL','1098','','',3660,0,'',0,'',0,'','1'),('1371811522_13661','Manchester','MR','1108','','',3661,0,'',0,'',0,'','1'),('1371811522_13662','Al Man?mah (Al ??imah)','13','1016','','',3662,0,'',0,'',0,'','1'),('1371811522_13663','Al Jan?b?yah','14','1016','','',3663,0,'',0,'',0,'','1'),('1371811522_13664','Al Wus?','16','1016','','',3664,0,'',0,'',0,'','1'),('1371811522_13665','Ash Sham?l?yah','17','1016','','',3665,0,'',0,'',0,'','1'),('1371811522_13666','Jenin','_A','1165','','',3666,0,'',0,'',0,'','1'),('1371811522_13667','Tubas','_B','1165','','',3667,0,'',0,'',0,'','1'),('1371811522_13668','Tulkarm','_C','1165','','',3668,0,'',0,'',0,'','1'),('1371811522_13669','Nablus','_D','1165','','',3669,0,'',0,'',0,'','1'),('1371811522_13670','Qalqilya','_E','1165','','',3670,0,'',0,'',0,'','1'),('1371811522_13671','Salfit','_F','1165','','',3671,0,'',0,'',0,'','1'),('1371811522_13672','Ramallah and Al-Bireh','_G','1165','','',3672,0,'',0,'',0,'','1'),('1371811522_13673','Jericho','_H','1165','','',3673,0,'',0,'',0,'','1'),('1371811522_13674','Jerusalem','_I','1165','','',3674,0,'',0,'',0,'','1'),('1371811522_13675','Bethlehem','_J','1165','','',3675,0,'',0,'',0,'','1'),('1371811522_13676','Hebron','_K','1165','','',3676,0,'',0,'',0,'','1'),('1371811522_13677','North Gaza','_L','1165','','',3677,0,'',0,'',0,'','1'),('1371811522_13678','Gaza','_M','1165','','',3678,0,'',0,'',0,'','1'),('1371811522_13679','Deir el-Balah','_N','1165','','',3679,0,'',0,'',0,'','1'),('1371811522_13680','Khan Yunis','_O','1165','','',3680,0,'',0,'',0,'','1'),('1371811522_13681','Rafah','_P','1165','','',3681,0,'',0,'',0,'','1'),('1371811522_13682','Brussels','BRU','1020','','',3682,0,'',0,'',0,'','1'),('1371811522_13683','Distrito Federal','DIF','1140','','',3683,0,'',0,'',0,'','1'),('1371811522_13684','North West','NW','1196','','',3684,0,'',0,'',0,'','1'),('1371811522_13685','Tyne and Wear','TWR','1226','','',3685,0,'',0,'',0,'','1'),('1371811522_13686','Greater Manchester','GTM','1226','','',3686,0,'',0,'',0,'','1'),('1371811522_13687','Co Tyrone','TYR','1226','','',3687,0,'',0,'',0,'','1'),('1371811522_13688','West Yorkshire','WYK','1226','','',3688,0,'',0,'',0,'','1'),('1371811522_13689','South Yorkshire','SYK','1226','','',3689,0,'',0,'',0,'','1'),('1371811522_13690','Merseyside','MSY','1226','','',3690,0,'',0,'',0,'','1'),('1371811522_13691','Berkshire','BRK','1226','','',3691,0,'',0,'',0,'','1'),('1371811522_13692','West Midlands','WMD','1226','','',3692,0,'',0,'',0,'','1'),('1371811522_13693','West Glamorgan','WGM','1226','','',3693,0,'',0,'',0,'','1'),('1371811522_13694','Greater London','LON','1226','','',3694,0,'',0,'',0,'','1'),('1371811522_13695','Carbonia-Iglesias','CI','1107','','',3695,0,'',0,'',0,'','1'),('1371811522_13696','Olbia-Tempio','OT','1107','','',3696,0,'',0,'',0,'','1'),('1371811522_13697','Medio Campidano','VS','1107','','',3697,0,'',0,'',0,'','1'),('1371811522_13698','Ogliastra','OG','1107','','',3698,0,'',0,'',0,'','1'),('1371811522_13699','Bonaire','BON','1151','','',3699,0,'',0,'',0,'','1'),('1371811522_13700','Curaao','CUR','1151','','',3700,0,'',0,'',0,'','1'),('1371811522_13701','Saba','SAB','1151','','',3701,0,'',0,'',0,'','1'),('1371811522_13702','St. Eustatius','EUA','1151','','',3702,0,'',0,'',0,'','1'),('1371811522_13703','St. Maarten','SXM','1151','','',3703,0,'',0,'',0,'','1'),('1371811522_13704','Jura','39','1076','','',3704,0,'',0,'',0,'','1'),('1371811522_13705','Barletta-Andria-Trani','Bar','1107','','',3705,0,'',0,'',0,'','1'),('1371811522_13706','Fermo','Fer','1107','','',3706,0,'',0,'',0,'','1'),('1371811522_13707','Monza e Brianza','Mon','1107','','',3707,0,'',0,'',0,'','1'),('1371811522_13708','Clwyd','CWD','1226','','',3708,0,'',0,'',0,'','1'),('1371811522_13709','Dyfed','DFD','1226','','',3709,0,'',0,'',0,'','1'),('1371811522_13710','South Glamorgan','SGM','1226','','',3710,0,'',0,'',0,'','1'),('1371811522_13711','Artibonite','AR','1094','','',3711,0,'',0,'',0,'','1'),('1371811522_13712','Centre','CE','1094','','',3712,0,'',0,'',0,'','1'),('1371811522_13713','Nippes','NI','1094','','',3713,0,'',0,'',0,'','1'),('1371811522_13714','Nord','ND','1094','','',3714,0,'',0,'',0,'','1'),('1389972741','Plateau','PL','1157','E','',3715,0,'',0,'',0,'','1');
/*!40000 ALTER TABLE `state_list` ENABLE KEYS */;
UNLOCK TABLES;

--
-- Table structure for table `stock`
--

DROP TABLE IF EXISTS `stock`;
/*!40101 SET @saved_cs_client     = @@character_set_client */;
/*!40101 SET character_set_client = utf8 */;
CREATE TABLE `stock` (
  `id` varchar(33) NOT NULL DEFAULT '',
  `stock001` varchar(200) DEFAULT NULL,
  `stock002` int(11) DEFAULT NULL,
  `stock003` float DEFAULT NULL,
  `stock004` float DEFAULT NULL,
  `stock005` int(11) DEFAULT NULL,
  `stock006` varchar(200) DEFAULT NULL,
  `stock007` varchar(200) DEFAULT NULL,
  `stock008` varchar(200) DEFAULT NULL,
  `stock009` varchar(200) DEFAULT NULL,
  `stock010` varchar(200) NOT NULL,
  `stock011` varchar(200) NOT NULL,
  `stock012` varchar(400) NOT NULL,
  `stock013` varchar(200) NOT NULL,
  `stock014` varchar(200) NOT NULL,
  `stock015` varchar(200) NOT NULL,
  `stock016` varchar(200) NOT NULL,
  `serial_num` int(11) NOT NULL AUTO_INCREMENT,
  `creator_role` varchar(200) DEFAULT NULL,
  `created_by` varchar(200) DEFAULT NULL,
  `creation_date` int(11) DEFAULT NULL,
  `modified_by` varchar(200) DEFAULT NULL,
  `modification_date` int(11) DEFAULT NULL,
  `ip_address` varchar(200) DEFAULT NULL,
  `device_id` text NOT NULL,
  `record_status` varchar(100) DEFAULT NULL,
  PRIMARY KEY (`serial_num`),
  UNIQUE KEY `id` (`id`)
) ENGINE=InnoDB DEFAULT CHARSET=latin1;
/*!40101 SET character_set_client = @saved_cs_client */;

--
-- Dumping data for table `stock`
--

LOCK TABLES `stock` WRITE;
/*!40000 ALTER TABLE `stock` DISABLE KEYS */;
/*!40000 ALTER TABLE `stock` ENABLE KEYS */;
UNLOCK TABLES;

--
-- Table structure for table `stores`
--

DROP TABLE IF EXISTS `stores`;
/*!40101 SET @saved_cs_client     = @@character_set_client */;
/*!40101 SET character_set_client = utf8 */;
CREATE TABLE `stores` (
  `id` varchar(33) NOT NULL,
  `stores001` varchar(200) DEFAULT NULL,
  `stores002` varchar(200) DEFAULT NULL,
  `stores003` varchar(100) DEFAULT NULL,
  `stores004` varchar(200) DEFAULT NULL,
  `stores005` varchar(200) DEFAULT NULL,
  `serial_num` int(11) NOT NULL AUTO_INCREMENT,
  `creator_role` varchar(200) DEFAULT NULL,
  `created_by` varchar(200) DEFAULT NULL,
  `creation_date` int(11) DEFAULT NULL,
  `modified_by` varchar(200) DEFAULT NULL,
  `modification_date` int(11) DEFAULT NULL,
  `ip_address` varchar(200) DEFAULT NULL,
  `device_id` text NOT NULL,
  `record_status` varchar(100) DEFAULT NULL,
  PRIMARY KEY (`serial_num`),
  UNIQUE KEY `id` (`id`)
) ENGINE=InnoDB AUTO_INCREMENT=5 DEFAULT CHARSET=latin1;
/*!40101 SET character_set_client = @saved_cs_client */;

--
-- Dumping data for table `stores`
--

LOCK TABLES `stores` WRITE;
/*!40000 ALTER TABLE `stores` DISABLE KEYS */;
INSERT INTO `stores` VALUES ('10173870046','Palo Dynamic Ventures Ltd','Mpape, Abuja','08037250286','pezedike@gmail.com','',1,'system','35991362173',1458737001,'35991362173',1462305962,'::1','undefined','1'),('10173873240','Patrick Ogbuitepu','No 42 Lobito Crescent Wuse 2','+2348052529580','pat2echo@gmail.com','sda',2,'system','35991362173',1458737033,'35991362173',1458737041,'fe80::a14d:9073:453f:fd9d','undefined','0'),('10388766523','Graceland Store','Garki II','+2348052529580','pat2echo@gmail.com','',3,'1300130013','35991362173',1460885966,'35991362173',1462305869,'::1','undefined','0'),('10506749435','Trace','24 Freetown street Wuse2 Abuja','08064146259','murrayataga@gmail.com','',4,'system','35991362173',1462062195,'35991362173',1462062232,'::1','undefined','0');
/*!40000 ALTER TABLE `stores` ENABLE KEYS */;
UNLOCK TABLES;

--
-- Table structure for table `units`
--

DROP TABLE IF EXISTS `units`;
/*!40101 SET @saved_cs_client     = @@character_set_client */;
/*!40101 SET character_set_client = utf8 */;
CREATE TABLE `units` (
  `id` varchar(33) DEFAULT NULL,
  `units001` varchar(200) DEFAULT NULL,
  `units002` varchar(200) DEFAULT NULL,
  `units003` varchar(200) DEFAULT NULL,
  `units004` varchar(200) DEFAULT NULL,
  `units005` varchar(200) DEFAULT NULL,
  `serial_num` int(11) NOT NULL AUTO_INCREMENT,
  `creator_role` varchar(200) DEFAULT NULL,
  `created_by` varchar(200) DEFAULT NULL,
  `creation_date` int(11) DEFAULT NULL,
  `modified_by` varchar(200) DEFAULT NULL,
  `modification_date` int(11) DEFAULT NULL,
  `ip_address` varchar(200) DEFAULT NULL,
  `record_status` varchar(100) DEFAULT NULL,
  PRIMARY KEY (`serial_num`),
  UNIQUE KEY `id` (`id`)
) ENGINE=InnoDB AUTO_INCREMENT=2 DEFAULT CHARSET=latin1;
/*!40101 SET character_set_client = @saved_cs_client */;

--
-- Dumping data for table `units`
--

LOCK TABLES `units` WRITE;
/*!40000 ALTER TABLE `units` DISABLE KEYS */;
INSERT INTO `units` VALUES ('7367550732','Gas Production Unit','Gas Production Unit','wide','wide','wide',1,'1300130013','35991362173',1430587408,'35991362173',1430587408,'::1','1');
/*!40000 ALTER TABLE `units` ENABLE KEYS */;
UNLOCK TABLES;

--
-- Table structure for table `users`
--

DROP TABLE IF EXISTS `users`;
/*!40101 SET @saved_cs_client     = @@character_set_client */;
/*!40101 SET character_set_client = utf8 */;
CREATE TABLE `users` (
  `id` varchar(33) NOT NULL DEFAULT '',
  `users001` varchar(200) DEFAULT NULL,
  `users002` varchar(200) DEFAULT NULL,
  `users003` varchar(100) DEFAULT NULL,
  `users004` varchar(100) DEFAULT NULL,
  `users005` varchar(200) DEFAULT NULL,
  `users006` varchar(64) DEFAULT NULL,
  `users007` varchar(64) DEFAULT NULL,
  `users008` varchar(64) DEFAULT NULL,
  `users009` varchar(200) DEFAULT NULL,
  `users010` varchar(200) DEFAULT NULL,
  `users011` varchar(200) NOT NULL,
  `users012` varchar(200) NOT NULL,
  `users013` varchar(200) NOT NULL,
  `users014` varchar(200) NOT NULL,
  `users015` varchar(200) DEFAULT NULL,
  `users016` varchar(200) NOT NULL,
  `users017` varchar(200) NOT NULL,
  `users018` varchar(200) NOT NULL,
  `users019` text NOT NULL,
  `users020` varchar(200) NOT NULL,
  `creator_role` varchar(200) DEFAULT NULL,
  `created_by` varchar(200) DEFAULT NULL,
  `creation_date` int(11) DEFAULT NULL,
  `modified_by` varchar(200) DEFAULT NULL,
  `modification_date` int(11) DEFAULT NULL,
  `ip_address` varchar(200) DEFAULT NULL,
  `record_status` varchar(100) DEFAULT NULL,
  PRIMARY KEY (`id`)
) ENGINE=InnoDB DEFAULT CHARSET=latin1;
/*!40101 SET character_set_client = @saved_cs_client */;

--
-- Dumping data for table `users`
--

LOCK TABLES `users` WRITE;
/*!40000 ALTER TABLE `users` DISABLE KEYS */;
INSERT INTO `users` VALUES ('10173241557','Musa','Yellow',NULL,'murrayataga@gmail.com','09092102010','ea0c241ee2e99fc0ba5f51a378b8fe22',NULL,NULL,'employee',NULL,'34000','','','',NULL,'','','','','undefined','system','35991362173',1458730716,'35991362173',1458734074,'fe80::a14d:9073:453f:fd9d','1'),('35991362173','Patrick','Ogbuitepu','','pat2echo@gmail.com','2348052529580','d295ca1945666f75001dc06de9dfc7b2','d295ca1945666f75001dc06de9dfc7b2','','1300130013','','','','','undefined','0','undefined','undefined','','','',NULL,NULL,1392989762,NULL,1392989762,'::1','1'),('7367611442','Patience','Ezedike','Arabi','pezedike@gmail.com','0801290310310','fd444655293f7029d5c75fb1cd62d5ab','fd444655293f7029d5c75fb1cd62d5ab',NULL,'employee','7367474220','10','7367550732','7367554811','7367558914','1945','55520','','files/users/7367610922.jpg','','undefined','1300130013','35991362173',1430588015,'7367611442',1462305376,'::1','1');
/*!40000 ALTER TABLE `users` ENABLE KEYS */;
UNLOCK TABLES;

--
-- Table structure for table `vendors`
--

DROP TABLE IF EXISTS `vendors`;
/*!40101 SET @saved_cs_client     = @@character_set_client */;
/*!40101 SET character_set_client = utf8 */;
CREATE TABLE `vendors` (
  `id` varchar(33) DEFAULT NULL,
  `vendors001` varchar(400) DEFAULT NULL,
  `vendors006` varchar(100) NOT NULL,
  `vendors002` varchar(400) DEFAULT NULL,
  `vendors003` varchar(200) DEFAULT NULL,
  `vendors004` varchar(200) DEFAULT NULL,
  `vendors005` varchar(400) DEFAULT NULL,
  `vendors007` varchar(200) DEFAULT NULL,
  `vendors008` varchar(200) DEFAULT NULL,
  `serial_num` int(11) NOT NULL AUTO_INCREMENT,
  `creator_role` varchar(200) DEFAULT NULL,
  `created_by` varchar(200) DEFAULT NULL,
  `creation_date` int(11) DEFAULT NULL,
  `modified_by` varchar(200) DEFAULT NULL,
  `modification_date` int(11) DEFAULT NULL,
  `ip_address` varchar(200) DEFAULT NULL,
  `record_status` varchar(100) DEFAULT NULL,
  PRIMARY KEY (`serial_num`),
  UNIQUE KEY `id` (`id`)
) ENGINE=InnoDB AUTO_INCREMENT=19 DEFAULT CHARSET=latin1;
/*!40101 SET character_set_client = @saved_cs_client */;

--
-- Dumping data for table `vendors`
--

LOCK TABLES `vendors` WRITE;
/*!40000 ALTER TABLE `vendors` DISABLE KEYS */;
INSERT INTO `vendors` VALUES ('9622170974','Sugar Supplier','supplier','No 32 Aminu kano cresc. Wuse 2, Abuja','08032562567','stanley@gmail.com','supplier of feeds','undefined','undefined',11,'1300130013','35991362173',1453133610,'35991362173',1463218858,'::1','1'),('9622696777','*General Vendors','supplier','Not Applicable','080','admin@gmail.com','','undefined','undefined',12,'1300130013','35991362173',1453138868,'35991362173',1463218889,'::1','1'),('9622732752','*General Vendors','','Not Applicable','080','admin@gmail.com','','undefined','undefined',13,'1300130013','35991362173',1453139228,'35991362173',1453139234,'127.0.0.1','0'),('9956639637','Abutu Inc','','No 32 Aminu kano cresc. Wuse 2, Abuja','08032562567','stanley@gmail.com','supplier of feeds','undefined','undefined',14,'1300130013','35991362173',1456478297,'35991362173',1456478385,'192.168.56.1','0'),('10172888874','Linkin Park','','24 Freetown street Wuse2 Abuja','08064146259','coldplay@gmail.com','supplier of songs','undefined','undefined',15,'system','35991362173',1458727189,'35991362173',1458727831,'192.168.56.1','0'),('10172955431','Flour Supplier','supplier','24 Freetown street Wuse2 Abuja','08064146259','coldplay@gmail.com','Dark Skies','undefined','undefined',16,'system','35991362173',1458727855,'35991362173',1463219961,'::1','1'),('10529961756','Kassim Mechanic','supplier','Lobito','08090','mech@gmail.com','','undefined','undefined',17,'system','7367611442',1462294318,'35991362173',1463219984,'::1','1'),('10530004163','Maybeach Tech - Software Consultant','factory','87 Gat','08023920','info@maybeachtech.com','','undefined','undefined',18,'system','7367611442',1462294742,'35991362173',1463219227,'::1','1');
/*!40000 ALTER TABLE `vendors` ENABLE KEYS */;
UNLOCK TABLES;
/*!40103 SET TIME_ZONE=@OLD_TIME_ZONE */;

/*!40101 SET SQL_MODE=@OLD_SQL_MODE */;
/*!40014 SET FOREIGN_KEY_CHECKS=@OLD_FOREIGN_KEY_CHECKS */;
/*!40014 SET UNIQUE_CHECKS=@OLD_UNIQUE_CHECKS */;
/*!40101 SET CHARACTER_SET_CLIENT=@OLD_CHARACTER_SET_CLIENT */;
/*!40101 SET CHARACTER_SET_RESULTS=@OLD_CHARACTER_SET_RESULTS */;
/*!40101 SET COLLATION_CONNECTION=@OLD_COLLATION_CONNECTION */;
/*!40111 SET SQL_NOTES=@OLD_SQL_NOTES */;

-- Dump completed on 2016-05-22 19:38:21
